CASE_ID,ACCIDENT_YEAR,PROC_DATE,JURIS,COLLISION_DATE,COLLISION_TIME,OFFICER_ID,REPORTING_DISTRICT,DAY_OF_WEEK,CHP_SHIFT,POPULATION,CNTY_CITY_LOC,SPECIAL_COND,BEAT_TYPE,CHP_BEAT_TYPE,CITY_DIVISION_LAPD,CHP_BEAT_CLASS,BEAT_NUMBER,PRIMARY_RD,SECONDARY_RD,DISTANCE,DIRECTION,INTERSECTION,WEATHER_1,WEATHER_2,STATE_HWY_IND,CALTRANS_COUNTY,CALTRANS_DISTRICT,STATE_ROUTE,ROUTE_SUFFIX,POSTMILE_PREFIX,POSTMILE,LOCATION_TYPE,RAMP_INTERSECTION,SIDE_OF_HWY,TOW_AWAY,COLLISION_SEVERITY,NUMBER_KILLED,NUMBER_INJURED,PARTY_COUNT,PRIMARY_COLL_FACTOR,PCF_CODE_OF_VIOL,PCF_VIOL_CATEGORY,PCF_VIOLATION,PCF_VIOL_SUBSECTION,HIT_AND_RUN,TYPE_OF_COLLISION,MVIW,PED_ACTION,ROAD_SURFACE,ROAD_COND_1,ROAD_COND_2,LIGHTING,CONTROL_DEVICE,CHP_ROAD_TYPE,PEDESTRIAN_ACCIDENT,BICYCLE_ACCIDENT,MOTORCYCLE_ACCIDENT,TRUCK_ACCIDENT,NOT_PRIVATE_PROPERTY,ALCOHOL_INVOLVED,STWD_VEHTYPE_AT_FAULT,CHP_VEHTYPE_AT_FAULT,COUNT_SEVERE_INJ,COUNT_VISIBLE_INJ,COUNT_COMPLAINT_PAIN,COUNT_PED_KILLED,COUNT_PED_INJURED,COUNT_BICYCLIST_KILLED,COUNT_BICYCLIST_INJURED,COUNT_MC_KILLED,COUNT_MC_INJURED,PRIMARY_RAMP,SECONDARY_RAMP,LATITUDE,LONGITUDE,COUNTY,CITY,POINT_X,POINT_Y
90721078,2018,2018-05-07,9680,2018-04-24,1144,015877,,2,1,9,3700,0,1,1,,2,085,"INTERSTATE 8 WESTBOUND",SR-79,1584.00,E,N,A,-,Y,,,8,,,,,,W,Y,2,0,3,1,A,-,08,22107,,F,E,I,A,A,H,-,A,D,0,,,,,Y,,A,01,1,2,0,0,0,0,0,0,0,"- ","- ",32.824630737304688,-116.62000274658203,"SAN DIEGO",UNINCORPORATED,-116.62001800537109,32.824535369873047
9075433,2020,2020-06-24,3711,2020-01-24,1842,SD6863,,5,5,7,3711,0,0,0,,0,722,"DAIRY MART RD","RT 5",0.00,,Y,A,-,N,,,,,,,,,,Y,2,0,4,5,A,-,12,21453,A,F,D,C,A,A,H,-,C,A,0,,,,,Y,,A,07,1,0,3,0,0,0,0,0,0,"- ",SF,,,"SAN DIEGO","SAN DIEGO",-117.06237030029297,32.558689117431641
90756735,2018,2018-06-27,9680,2018-06-17,0859,017717,,7,1,5,3708,0,1,3,,2,028,"SR-125 S/B","MARIPOSA ST",950.00,N,N,B,-,Y,,,125,,,,,,S,Y,2,0,1,1,A,-,03,22350,,N,F,A,A,A,H,-,A,D,0,,,Y,,Y,,C,02,1,0,0,0,0,0,0,0,1,"- ","- ",32.761489868164062,-117.00267791748047,"SAN DIEGO","LA MESA",-117.00274658203125,32.761528015136719
90785892,2018,2018-08-07,9645,2018-08-03,0015,018950,,5,3,7,3711,0,1,1,,2,017,"I-15 S/B","MERCY ROAD",1400.00,N,N,A,-,Y,,,15,,,,,,S,Y,2,0,1,2,A,-,03,22350,,N,C,C,A,A,H,-,D,D,0,,,,Y,Y,,A,01,1,0,0,0,0,0,0,0,0,"- ","- ",32.94036865234375,-117.1104736328125,"SAN DIEGO","SAN DIEGO",-117.11034393310547,32.940330505371094
90794129,2018,2018-08-20,9650,2018-08-14,1811,021327,,2,2,9,3700,0,3,5,,2,006,"FALLBROOK ST","OLD STAGE RD",46.00,W,N,A,-,N,,,,,,,,,,N,2,0,1,2,A,-,11,21950,B,N,G,B,D,A,H,-,A,D,0,Y,,,,Y,,N,60,1,0,0,0,1,0,0,0,0,"- ","- ",33.376628875732422,-117.29444122314453,"SAN DIEGO",UNINCORPORATED,-117.24944305419922,33.376590728759766
90803992,2018,2018-09-03,9650,2018-08-25,1104,020747,,6,1,9,3700,0,1,3,,1,028,"SOUTH GRADE RD","STATE PARK RD",3000.00,S,N,A,-,N,,,,,,,,,,Y,2,0,1,1,A,-,08,22107,,N,E,I,A,A,H,-,A,D,0,,,Y,,Y,,C,02,1,0,0,0,0,0,0,0,1,"- ","- ",33.307559967041016,-116.87120056152344,"SAN DIEGO",UNINCORPORATED,-116.87216186523438,33.312061309814453
90814988,2018,2018-09-17,9680,2018-09-06,1749,017621,,4,2,9,3700,0,3,5,,2,009,"D ST.","3RD ST.",5.00,W,N,A,-,N,,,,,,,,,,N,2,0,1,1,A,-,01,23152,A,N,F,A,A,A,H,-,A,A,0,,,Y,,Y,Y,C,02,1,0,0,0,0,0,0,0,1,"- ","- ",33.047149658203125,-116.85694122314453,"SAN DIEGO",UNINCORPORATED,-117.56067657470703,33.423080444335938
90822568,2018,2019-04-05,9650,2018-09-21,1335,021406,,5,1,9,3700,0,3,5,,2,170,"SOUTH SANTA FE AVENUE","MONTGOMERY DRIVE",0.00,,Y,A,-,N,,,,,,,,,,Y,1,1,0,2,A,-,09,21801,A,N,D,C,A,A,H,-,A,D,0,,,Y,,Y,,A,01,0,0,0,0,0,0,0,1,0,"- ","- ",33.182708740234375,-117.21858215332031,"SAN DIEGO",UNINCORPORATED,-117.21855926513672,33.182720184326172
90827299,2018,2018-10-03,9645,2018-07-08,2154,021359,,7,2,7,3711,0,1,3,,2,006,"STATE ROUTE 94 WESTBOUND","30TH STREET OVERCROSSING",224.00,E,N,A,-,Y,,,94,,,,,,W,N,1,1,0,2,A,-,11,21954,A,F,G,B,E,A,H,-,D,D,0,Y,,,,Y,,N,60,0,0,0,1,0,0,0,0,0,"- ","- ",32.713981628417969,-117.12902069091797,"SAN DIEGO","SAN DIEGO",-117.12900543212891,32.713912963867188
90860432,2018,2018-11-15,9645,2018-09-27,1625,018146,,4,2,7,3711,0,1,1,,2,011,"I-805 S/B","HOME AVE.",100.00,N,N,A,-,Y,,,805,,,,,,S,Y,2,0,1,2,A,-,03,22350,,N,C,C,A,A,H,-,A,D,0,,,,Y,Y,,A,07,1,0,0,0,0,0,0,0,0,"- ","- ",32.726028442382812,-117.10410308837891,"SAN DIEGO","SAN DIEGO",-117.10378265380859,32.726169586181641
90866718,2018,2018-11-26,9680,2018-11-10,0005,017460,,6,3,9,3700,0,3,5,,2,006,"BUCKMAN SPRINGS RD","MORENA STOKES VALLEY RD",3.00,S,N,A,-,N,,,,,,,,,,Y,2,0,1,1,A,-,01,23152,A,N,E,I,A,A,H,-,D,D,0,,,,,Y,Y,A,01,1,0,0,0,0,0,0,0,0,"- ","- ",32.716541290283203,-116.50019073486328,"SAN DIEGO",UNINCORPORATED,-116.50010681152344,32.716541290283203
90886580,2018,2018-12-19,9645,2018-12-06,1900,016061,,4,2,7,3711,0,1,3,,2,025,"SR-163 S/B","BALBOA AVE.",200.00,N,N,B,C,Y,,,163,,,,,,S,Y,2,0,2,3,A,-,03,22350,,N,C,C,A,B,H,-,C,D,0,,,,,Y,,A,01,1,1,0,0,0,0,0,0,0,"- ","- ",32.823848724365234,-117.14620208740234,"SAN DIEGO","SAN DIEGO",-117.14585113525391,32.823657989501953
90902065,2018,2019-08-05,9650,2018-12-23,0229,021933,,7,3,5,3713,0,1,3,,2,017,"SR-78 E/B","VISTA VILLAGE DR",730.00,E,N,E,-,Y,,,78,,,,,,E,N,1,1,0,2,A,-,11,21954,A,N,G,B,E,A,H,-,D,D,0,Y,,,,Y,,N,60,0,0,0,1,0,0,0,0,0,"- ","- ",33.19390869140625,-117.24777221679688,"SAN DIEGO",VISTA,-117.24775695800781,33.193935394287109
90917482,2019,2019-02-01,9680,2019-01-22,0215,022183,,2,3,5,3781,0,1,3,,2,016,"SR-67 N/B","RIVERFORD RD",2640.00,S,N,A,-,Y,,,67,,,,,,N,Y,2,0,1,1,A,-,01,23152,A,N,E,I,A,A,H,-,C,D,0,,,,,Y,Y,A,01,1,0,0,0,0,0,0,0,0,"- ","- ",32.845001220703125,-116.95850372314453,"SAN DIEGO",SANTEE,-116.95854187011719,32.845043182373047
90923253,2018,2019-02-11,9645,2018-09-25,0750,015331,,2,1,7,3711,0,1,3,,2,023,"STATE ROUTE-163 SOUTHBOUND","FRIARS ROAD",150.00,N,N,B,-,Y,,,163,,,,,,S,Y,1,1,0,3,A,-,03,22350,,N,C,C,A,A,D,H,A,D,0,,,Y,,Y,,C,02,0,0,0,0,0,0,0,1,0,"- ","- ",32.771579742431641,-117.16145324707031,"SAN DIEGO","SAN DIEGO",-117.16145324707031,32.771579742431641
90928922,2018,2019-11-13,9645,2018-12-11,2330,019867,,2,3,6,3702,0,1,1,,2,009,"I-805 N/B","BONITA RD",99.00,N,N,B,-,Y,,,805,,,,,,N,Y,1,1,0,3,A,-,01,23152,F,N,B,C,A,A,D,-,C,A,0,,,,Y,Y,,A,01,0,0,0,0,0,0,0,0,0,"- ","- ",32.648628234863281,-117.06175231933594,"SAN DIEGO","CHULA VISTA",-117.06177520751953,32.648590087890625
90941755,2019,2019-03-07,9645,2019-02-24,1707,017392,,7,2,7,3711,0,1,1,,2,007,"I-5 NORTHBOUND FROM VIA DE LA VALLE","VIA DE LA VALLE",36.00,N,N,A,-,Y,,,5,,,,R,,N,Y,2,0,1,2,A,-,10,21950,A,N,G,B,B,A,H,-,A,A,0,Y,,,,Y,,A,01,1,0,0,0,1,0,0,0,0,"- ","- ",32.980499267578125,-117.25170135498047,"SAN DIEGO","SAN DIEGO",-117.25170135498047,32.980499267578125
90970425,2019,2019-04-30,9680,2019-04-08,0825,016181,,1,1,9,3700,0,2,4,,1,029,"CAMPO RD","CAMINO PAZ",35.00,W,N,A,-,N,,,,,,,,,,Y,2,0,4,3,A,-,01,23152,F,F,C,C,A,A,H,-,A,D,0,,,,,Y,,A,01,1,1,2,0,0,0,0,0,0,"- ","- ",32.750999450683594,-116.99976348876953,"SAN DIEGO",UNINCORPORATED,-116.99962615966797,32.7509765625
90974221,2019,2019-04-24,9650,2019-04-20,1340,019822,,6,1,9,3700,0,1,1,,2,021,"I-15 S/B FROM GOPHER CANYON ROAD","GOPHER CANYON RD",66.00,S,N,A,-,Y,,,15,,,,R,,S,Y,2,0,1,1,A,-,01,23152,A,N,F,A,A,A,H,-,A,D,0,,,Y,,Y,Y,C,02,1,0,0,0,0,0,0,0,1,"- ","- ",33.252830505371094,-117.15663909912109,"SAN DIEGO",UNINCORPORATED,-117.15663909912109,33.252830505371094
9098121,2020,2020-07-21,3706,2020-03-21,0535,464,ESCON,6,5,6,3706,0,0,0,,0,041,"EL NORTE PKWY","CENTRE CITY PKWY",0.00,,Y,A,-,N,,,,,,,,,,,2,0,2,2,A,-,08,22107,,N,D,C,A,A,H,-,C,A,0,,,Y,,Y,,A,07,1,0,1,0,0,0,0,0,2,"- ","- ",33.1397705078125,-117.09332275390625,"SAN DIEGO",ESCONDIDO,-117.09339141845703,33.139789581298828
90986611,2019,2019-05-13,9650,2019-05-05,0200,019766,,7,3,6,3706,0,1,3,,2,019,"SR-78 EASTBOUND","N. BROADWAY",800.00,W,N,B,-,Y,,,78,,,,,,E,Y,2,0,1,2,A,-,08,22107,,F,B,C,A,A,H,-,C,D,0,,,Y,,Y,,A,01,1,0,0,0,0,0,0,0,1,"- ","- ",33.131999969482422,-117.08841705322266,"SAN DIEGO",ESCONDIDO,-117.08842468261719,33.132011413574219
90994815,2019,2019-07-24,9650,2019-05-09,0438,018406,,4,3,9,3700,0,1,1,,2,003,"I-5 S/B","LAS PULGAS RD",1475.00,S,N,B,-,Y,,,5,,,,,,S,N,1,1,0,3,A,-,11,21954,A,F,G,B,E,A,H,-,D,D,0,Y,,,Y,Y,,N,60,0,0,0,1,0,0,0,0,0,"- ","- ",33.295490264892578,-117.46089935302734,"SAN DIEGO",UNINCORPORATED,-117.46085357666016,33.295543670654297
91015629,2019,2019-06-24,9650,2019-06-06,2103,021154,,4,2,6,3710,0,1,3,,2,015,"SR-78 E/B","JEFFERSON ST",1500.00,W,N,A,-,Y,,,78,,,,,,E,N,2,0,1,2,A,-,11,21956,,N,G,B,E,A,H,-,D,D,0,Y,,,,Y,,N,60,1,0,0,0,1,0,0,0,0,"- ","- ",33.179241180419922,-117.34731292724609,"SAN DIEGO",OCEANSIDE,-117.34736633300781,33.179332733154297
91045333,2019,2019-08-05,9645,2019-06-15,1530,021639,,6,2,6,3702,0,1,1,,2,009,"I-805 SOUTHBOUND","E. PALOMAR ST O/C",1500.00,N,N,A,-,Y,,,805,,,,,,S,Y,2,0,2,4,A,-,07,21658,A,F,B,C,A,A,H,-,A,D,0,,,Y,,Y,,A,01,1,1,0,0,0,0,0,0,2,"- ","- ",32.619361877441406,-117.03986358642578,"SAN DIEGO","CHULA VISTA",-117.03987884521484,32.619350433349609
91069660,2019,2019-09-09,9650,2019-09-06,1135,013636,,5,1,5,3782,0,1,1,,2,007,"I-5 N/B","SANTA FE DR",350.00,N,N,A,-,Y,,,5,,,,,,N,Y,2,0,1,2,A,-,03,22350,,N,C,C,A,A,D,-,A,D,0,,,Y,,Y,,C,02,1,0,0,0,0,0,0,0,1,"- ","- ",33.038021087646484,-117.28233337402344,"SAN DIEGO",ENCINITAS,-117.28244018554688,33.037944793701172
91079973,2019,2019-10-14,9650,2019-09-13,2050,019594,,5,2,9,3700,0,3,5,,2,213,"OLD HIGHWAY 395","E. MISSION RD",1320.00,S,N,A,-,N,,,,,,,,,,Y,2,0,2,2,A,-,08,22107,,N,D,C,A,A,H,-,D,A,0,,,Y,,Y,,A,08,1,1,0,0,0,0,0,0,1,"- ","- ",33.388118743896484,-117.17259216308594,"SAN DIEGO",UNINCORPORATED,-117.17256164550781,33.38812255859375
91134990,2019,2019-12-04,9650,2019-11-01,1701,021805,,5,2,9,3700,0,3,5,,2,070,"LA GRANADA","AVENIDA MARAVILLAS",1107.00,E,N,A,-,N,,,,,,,,,,Y,1,1,0,1,A,-,01,23152,A,N,E,I,A,A,H,-,A,D,0,,,,,Y,Y,A,01,0,0,0,0,0,0,0,0,0,"- ","- ",33.023460388183594,-117.21835327148438,"SAN DIEGO",UNINCORPORATED,-117.21836090087891,33.023357391357422
91135024,2019,2019-12-04,9650,2019-11-28,1915,017780,,4,2,9,3700,0,3,5,,2,170,"SMILAX RD","S. SANTA FE AVE",0.00,,Y,C,-,N,,,,,,,,,,Y,2,0,3,2,A,-,01,23152,A,N,D,C,A,B,H,-,D,A,0,,,,,Y,Y,A,01,2,0,1,0,0,0,0,0,0,"- ","- ",33.161769866943359,-117.20514678955078,"SAN DIEGO",UNINCORPORATED,-117.20510101318359,33.161769866943359
91153046,2019,2019-12-26,9645,2019-12-13,1310,015270,,5,1,2,3704,0,1,1,,2,007,"I-5 NORTHBOUND","DEL MAR HEIGHTS ROAD",2112.00,N,N,A,-,Y,,,,,,,,,,Y,2,0,1,2,A,-,03,22350,,N,B,C,A,A,H,-,A,D,0,,,Y,,Y,,C,02,1,0,0,0,0,0,0,0,1,"- ","- ",32.955959320068359,-117.24481964111328,"SAN DIEGO","DEL MAR",-117.24466705322266,32.955814361572266
91172839,2019,2020-01-24,9645,2019-12-18,2158,021631,,3,2,7,3711,0,1,1,,2,019,"I-15 S/B",SR-163,100.00,N,N,C,-,Y,,,15,,,,,,S,Y,2,0,4,3,A,-,01,23152,A,N,C,C,A,B,H,-,C,D,0,,,,,Y,Y,A,01,1,2,1,0,0,0,0,0,0,"- ","- ",32.864311218261719,-117.11054992675781,"SAN DIEGO","SAN DIEGO",-117.11048889160156,32.864273071289062
91183262,2019,2020-02-10,9680,2019-12-26,0640,021901,,4,1,9,3700,0,3,5,,2,007,"SAN FELIPE ROAD","MONTEZUMA VALLEY ROAD",3168.00,S,N,D,E,N,,,,,,,,,,Y,1,1,0,1,A,-,03,22350,,N,E,I,A,C,H,-,B,D,0,,,,,Y,,A,01,0,0,0,0,0,0,0,0,0,"- ","- ",33.211048126220703,-116.60308837890625,"SAN DIEGO",UNINCORPORATED,-116.60300445556641,33.211833953857422
91223191,2020,2020-04-08,9680,2020-04-02,1445,022050,,4,2,9,3700,0,1,3,,1,040,SR-94,"LITTLE TECATE RD",732.00,E,N,A,-,Y,,,94,,,,,,,Y,2,0,1,1,A,-,08,22107,,N,E,I,A,A,H,-,A,D,0,,,Y,,Y,,C,02,1,0,0,0,0,0,0,0,1,"- ","- ",32.616680145263672,-116.73499298095703,"SAN DIEGO",UNINCORPORATED,-116.73500061035156,32.616729736328125
91225412,2020,2020-04-14,9650,2020-03-14,1735,019270,,6,2,9,3700,0,1,1,,2,022,"I-15 S/B","E. MISSION RD. O/C",931.00,S,N,B,-,Y,,,15,,,,,,S,Y,1,1,0,1,A,-,08,22107,,N,E,I,A,A,H,-,A,D,0,,,,,Y,,A,01,0,0,0,0,0,0,0,0,0,"- ","- ",33.384769439697266,-117.17478942871094,"SAN DIEGO",UNINCORPORATED,-117.17470550537109,33.384780883789062
91237081,2020,2020-05-13,9680,2020-05-07,0907,015983,,4,1,9,3700,0,1,3,,1,024,"SR-94 (CAMPO ROAD)","COUGAR CANYON DRIVE",22.00,W,N,A,-,Y,,,94,,,,,,,Y,2,0,1,1,A,-,01,23152,F,N,E,I,A,A,H,-,A,A,0,,,,,Y,,A,01,1,0,0,0,0,0,0,0,0,"- ","- ",32.728141784667969,-116.92568969726562,"SAN DIEGO",UNINCORPORATED,-116.92573547363281,32.72796630859375
91238921,2020,2020-05-18,9680,2020-03-21,1312,018672,,6,1,9,3700,0,1,3,,1,051,"STATE ROUTE 79","WOLAHI ROAD",2112.00,S,N,A,-,Y,,,79,,,,,,,Y,1,1,0,2,A,-,21,22106,,N,A,C,A,A,H,-,A,D,0,,,Y,,Y,,D,22,0,0,0,0,0,0,0,1,0,"- ","- ",32.986408233642578,-116.58338165283203,"SAN DIEGO",UNINCORPORATED,-116.58341979980469,32.986392974853516
91241667,2020,2020-05-25,9650,2020-05-16,2045,018496,,6,2,9,3700,0,3,5,,2,231,"LEMON PL","KINROSS CT",135.00,E,N,A,-,N,,,,,,,,,,N,2,0,1,1,A,-,01,23152,A,N,F,A,A,A,H,-,C,D,0,,,Y,,Y,Y,C,06,1,0,0,0,0,0,0,0,1,"- ","- ",33.109420776367188,-117.04628753662109,"SAN DIEGO",UNINCORPORATED,-117.04627990722656,33.109371185302734
9124756,2020,2020-09-10,3709,2020-06-12,1035,0490,,5,5,5,3709,0,0,0,,0,021,"EAST PLAZA BL","N AVE",162.00,W,N,A,-,N,,,,,,,,,,N,2,0,1,2,A,-,11,21955,,N,H,B,D,A,H,-,A,D,0,Y,,,,Y,,N,60,1,0,0,0,1,0,0,0,0,"- ","- ",,,"SAN DIEGO","NATIONAL CITY",-117.09243774414062,32.67694091796875
91248705,2020,2020-06-08,9650,2020-05-28,2046,018041,,4,2,5,3712,0,1,3,,2,019,"SR-78 W/B","SAN MARCOS BLVD",320.00,W,N,B,-,Y,,,78,,,,,,W,Y,2,0,1,1,A,-,08,22107,,N,E,I,A,A,H,-,C,D,0,,,,,Y,,A,01,1,0,0,0,0,0,0,0,0,"- ","- ",33.13848876953125,-117.17709350585938,"SAN DIEGO","SAN MARCOS",-117.17718505859375,33.138236999511719
9125999,2019,2020-09-03,3700,2019-11-27,0612,0138,,3,5,5,3781,0,0,0,,0,502,"FANITA PKWY","MAST BL",906.00,N,N,A,-,,,,,,,,,,,N,2,0,1,2,A,-,03,22350,,N,C,G,A,A,H,-,B,A,0,,Y,,,Y,,A,01,1,0,0,0,0,0,1,0,0,"- ","- ",,,"SAN DIEGO",SANTEE,-117.00492858886719,32.852756500244141
91350690,2020,2020-11-20,9645,2020-11-18,1430,017953,,3,2,7,3711,0,1,1,,2,011,"I-805 N/B","ADAMS AVENUE O/C",1901.00,S,N,A,-,Y,,,805,,,,,,N,Y,2,0,1,2,A,-,03,22350,,N,C,C,A,A,H,-,A,D,0,,,,,Y,,A,01,1,0,0,0,0,0,0,0,0,"- ","- ",32.758800506591797,-117.12603759765625,"SAN DIEGO","SAN DIEGO",-117.12598419189453,32.758819580078125
91371319,2020,2020-12-21,9645,2020-06-26,0112,021631,,5,3,7,3711,0,1,3,,2,016,"STATE ROUTE-52 EASTBOUND","MAST BOULEVARD",4166.00,W,N,A,-,Y,,,52,,,,,,E,Y,1,1,1,3,C,-,18,,,N,D,C,E,A,H,-,D,D,0,Y,,,,Y,Y,-,"- ",0,1,0,1,0,0,0,0,0,"- ","- ",32.846748352050781,-117.02793121337891,"SAN DIEGO","SAN DIEGO",-117.02789306640625,32.846782684326172
91400008,2021,2021-02-01,9645,2021-01-21,1720,021523,,4,2,5,3709,0,1,1,,2,009,"I-805 N/B","PLAZA BOULEVARD",1056.00,S,N,A,-,Y,,,,,,,,,,Y,2,0,1,1,A,-,08,22107,,N,E,J,A,A,H,-,D,D,0,,,,,Y,,A,01,1,0,0,0,0,0,0,0,0,"- ","- ",,,"SAN DIEGO","NATIONAL CITY",-117.08387756347656,32.675949096679688
91409206,2021,2021-02-16,9645,2021-02-07,1805,021359,,7,2,7,3711,0,1,1,,2,001,"I-5 N/B","J ST",626.00,N,N,A,-,Y,,,,,,,,,,Y,2,0,1,1,A,-,08,22107,,N,F,A,A,A,H,-,D,D,0,,,,,Y,,A,07,1,0,0,0,0,0,0,0,0,"- ","- ",32.624038696289062,-117.09375762939453,"SAN DIEGO","SAN DIEGO",-117.14751434326172,32.710903167724609
91413586,2020,2021-02-23,9645,2020-10-03,1258,018393,,6,1,7,3711,0,1,3,,2,023,"STATE ROUTE 163 N/B TO INTERSTATE 8 E/B","I-8 E/B O/C",317.00,S,N,A,-,Y,,,163,,,,R,,N,Y,1,1,0,1,A,-,03,22350,,N,F,A,A,A,H,-,A,D,0,,,Y,,Y,Y,C,02,0,0,0,0,0,0,0,1,0,"- ","- ",32.761188507080078,-117.16297912597656,"SAN DIEGO","SAN DIEGO",-117.16297912597656,32.761188507080078
9141572,2020,2020-10-23,3711,2020-08-18,0520,SD6774,,2,5,7,3711,0,0,0,,0,123,"E MISSION BAY","CLAIRMONT AV",2112.00,S,N,A,-,N,,,,,,,,,,Y,2,0,3,3,A,-,08,22107,,N,C,E,A,A,H,-,C,D,0,,,,,Y,Y,A,07,1,0,2,0,0,0,0,0,0,"- ","- ",,,"SAN DIEGO","SAN DIEGO",-117.20809936523438,32.784950256347656
9142926,2020,2020-09-15,3700,2020-06-26,1410,0138,,5,5,5,3781,0,0,0,,0,513,"CARLTON HILLS BL","WILLOWGROVE AV",0.00,,Y,A,-,N,,,,,,,,,,Y,2,0,1,2,A,-,09,21801,A,N,D,C,A,-,H,-,A,A,0,,,Y,,Y,Y,A,01,1,0,0,0,0,0,0,0,1,"- ","- ",,,"SAN DIEGO",SANTEE,-116.99639892578125,32.840728759765625
91439463,2021,2021-03-30,9680,2021-03-19,2110,022050,,5,2,4,3720,0,1,3,,2,027,"SR-94 E/B","COLLEGE AVE",1584.00,E,N,A,-,Y,,,94,,,,,,E,Y,2,0,1,1,A,-,08,22107,,N,E,I,A,A,H,-,C,D,0,,,Y,,Y,,C,02,1,0,0,0,0,0,0,0,1,"- ","- ",32.744548797607422,-117.04666137695312,"SAN DIEGO","LEMON GROVE",-117.04662322998047,32.744441986083984
91440621,2021,2021-04-01,9650,2021-03-19,1745,021200,,5,2,6,3706,0,1,1,,2,023,"I-15 NB","CITRACADO PKY",300.00,S,N,A,-,Y,,,15,,,,,,N,Y,2,0,1,2,C,-,18,,,N,C,C,A,A,H,-,A,D,0,,,,,Y,,-,"- ",1,0,0,0,0,0,0,0,0,"- ","- ",33.088798522949219,-117.07853698730469,"SAN DIEGO",ESCONDIDO,-117.07856750488281,33.088775634765625
91452419,2021,2021-04-16,9645,2021-02-07,1749,020265,,7,2,7,3711,0,1,1,,2,009,"I-805 N/B","SAN YSIDRO BLVD. U/C",1236.00,N,N,A,-,Y,,,805,,,,,,N,Y,1,1,0,2,A,-,01,23152,A,N,C,C,A,A,H,-,C,D,0,,,Y,,Y,Y,C,02,0,0,0,0,0,0,0,1,0,"- ","- ",32.5560302734375,-117.04203033447266,"SAN DIEGO","SAN DIEGO",-117.04196166992188,32.556045532226562
91475491,2021,2021-05-18,9645,2021-05-10,0420,021077,,1,3,7,3711,0,1,1,,2,010,"I-8 W/B TO HOTEL CIRCLE NORTH","HOTEL CIRCLE N.",75.00,S,N,A,-,Y,,,8,,,,R,,W,Y,2,0,1,1,A,-,03,22350,,M,E,I,A,A,H,-,C,D,0,,,,,Y,Y,A,07,1,0,0,0,0,0,0,0,0,"- ","- ",32.760349273681641,-117.17188262939453,"SAN DIEGO","SAN DIEGO",-117.17188262939453,32.760349273681641
91480498,2021,2021-07-02,9680,2021-05-12,2255,020720,,3,3,9,3700,0,1,3,,1,022,"SR-54 (JAMACHA RD)","FURY LN",70.00,W,N,A,-,N,,,54,,,,,,,Y,2,0,2,2,A,-,07,21658,A,N,C,C,A,A,H,-,C,D,0,,,,,Y,Y,A,01,1,1,0,0,0,0,0,0,0,"- ","- ",32.742919921875,-116.93466186523438,"SAN DIEGO",UNINCORPORATED,-116.93466949462891,32.742950439453125
9148227,2020,2020-11-20,3711,2020-09-01,1130,SD7891,,2,5,7,3711,0,0,0,,0,124,"TORREY PINES RD","GIRARD AV",150.00,E,N,A,-,N,,,,,,,,,,Y,2,0,2,4,C,-,18,,,N,B,C,E,A,H,-,A,D,0,Y,,,,Y,,-,"- ",1,1,0,0,1,0,0,0,0,"- ","- ",,,"SAN DIEGO","SAN DIEGO",-117.27264404296875,32.842258453369141
91501639,2021,2021-06-21,9645,2021-06-01,0030,020480,,2,3,7,3711,0,1,1,,2,010,"I-8 W/B","COLLEGE AVE",110.00,W,N,A,C,Y,,,8,,,,,,W,Y,2,0,5,2,A,-,08,22107,,N,B,C,A,A,H,-,C,D,0,,,,,Y,,A,07,1,1,3,0,0,0,0,0,0,"- ","- ",32.779468536376953,-117.06829071044922,"SAN DIEGO","SAN DIEGO",-117.06829071044922,32.7794189453125
91525750,2021,2021-07-21,9650,2021-06-19,2054,021154,,6,2,9,3700,0,1,1,,2,001,"I-5 S/B","U.S.B.P CHECKPOINT",6072.00,S,N,A,-,Y,,,5,,,,,,S,Y,2,0,1,1,A,-,01,23152,A,N,E,I,A,A,H,-,D,D,0,,,,,Y,Y,A,07,1,0,0,0,0,0,0,0,0,"- ","- ",33.341228485107422,-117.51042175292969,"SAN DIEGO",UNINCORPORATED,-117.51017761230469,33.341564178466797
91535967,2021,2021-08-03,9645,2021-07-23,1846,020952,,5,2,7,3711,0,1,1,,2,010,"INTERSTATE 8 (EASTBOUND)","SPORTS ARENA BOULEVARD",2640.00,E,N,A,-,Y,,,8,,,,,,,Y,2,0,3,2,A,-,03,22350,,N,C,C,A,A,H,-,A,D,0,,,Y,,Y,,C,02,1,0,2,0,0,0,0,0,1,"- ","- ",32.758258819580078,-117.21499633789062,"SAN DIEGO","SAN DIEGO",-117.21498107910156,32.758186340332031