CASE_ID,ACCIDENT_YEAR,PROC_DATE,JURIS,COLLISION_DATE,COLLISION_TIME,OFFICER_ID,REPORTING_DISTRICT,DAY_OF_WEEK,CHP_SHIFT,POPULATION,CNTY_CITY_LOC,SPECIAL_COND,BEAT_TYPE,CHP_BEAT_TYPE,CITY_DIVISION_LAPD,CHP_BEAT_CLASS,BEAT_NUMBER,PRIMARY_RD,SECONDARY_RD,DISTANCE,DIRECTION,INTERSECTION,WEATHER_1,WEATHER_2,STATE_HWY_IND,CALTRANS_COUNTY,CALTRANS_DISTRICT,STATE_ROUTE,ROUTE_SUFFIX,POSTMILE_PREFIX,POSTMILE,LOCATION_TYPE,RAMP_INTERSECTION,SIDE_OF_HWY,TOW_AWAY,COLLISION_SEVERITY,NUMBER_KILLED,NUMBER_INJURED,PARTY_COUNT,PRIMARY_COLL_FACTOR,PCF_CODE_OF_VIOL,PCF_VIOL_CATEGORY,PCF_VIOLATION,PCF_VIOL_SUBSECTION,HIT_AND_RUN,TYPE_OF_COLLISION,MVIW,PED_ACTION,ROAD_SURFACE,ROAD_COND_1,ROAD_COND_2,LIGHTING,CONTROL_DEVICE,CHP_ROAD_TYPE,PEDESTRIAN_ACCIDENT,BICYCLE_ACCIDENT,MOTORCYCLE_ACCIDENT,TRUCK_ACCIDENT,NOT_PRIVATE_PROPERTY,ALCOHOL_INVOLVED,STWD_VEHTYPE_AT_FAULT,CHP_VEHTYPE_AT_FAULT,COUNT_SEVERE_INJ,COUNT_VISIBLE_INJ,COUNT_COMPLAINT_PAIN,COUNT_PED_KILLED,COUNT_PED_INJURED,COUNT_BICYCLIST_KILLED,COUNT_BICYCLIST_INJURED,COUNT_MC_KILLED,COUNT_MC_INJURED,PRIMARY_RAMP,SECONDARY_RAMP,LATITUDE,LONGITUDE,COUNTY,CITY,POINT_X,POINT_Y
9524752,2022,2022-12-07,3710,2022-10-25,1923,OC1185,,2,5,6,3710,0,0,0,,0,012,"SOUTH EL CAMINO REAL","INDUSTRY ST",950.00,S,N,A,-,N,,,,,,,,,,Y,2,0,2,2,A,-,03,22350,,N,C,C,A,A,H,-,C,D,0,,,,,Y,,A,01,1,0,1,0,0,0,0,0,0,"- ","- ",,,"SAN DIEGO",OCEANSIDE,-117.32994842529297,33.198062896728516
9527647,2023,2023-03-02,3702,2023-01-18,1631,CV1260,,3,5,6,3702,0,0,0,,0,013,"F ST","GARRETT AV",5.00,E,N,A,-,N,,,,,,,,,,N,2,0,1,2,A,-,12,22450,A,F,G,B,B,A,H,-,B,A,0,Y,,,,Y,,I,11,1,0,0,0,1,0,0,0,0,"- ","- ",,,"SAN DIEGO","CHULA VISTA",-117.08198547363281,32.640773773193359
9527680,2023,2023-03-07,3705,2023-01-27,1051,EC0410,,5,5,5,3705,0,0,0,,0,004,"W CHASE AV","ESTES ST",0.00,,Y,A,-,N,,,,,,,,,,N,2,0,1,2,A,-,10,21950,A,N,G,B,B,A,H,-,A,A,0,Y,,,,Y,,D,22,1,0,0,0,1,0,0,0,0,"- ","- ",,,"SAN DIEGO","EL CAJON",-116.96661376953125,32.780403137207031
9527863,2023,2023-02-28,3711,2023-02-03,"626 ",SD1783,,5,5,7,3711,0,0,0,,0,515,"MARKET ST","27TH ST",0.00,,Y,A,-,N,,,,,,,,,,Y,2,0,1,2,A,-,09,21801,A,N,D,C,A,A,H,-,B,D,0,,,Y,,Y,,D,22,1,0,0,0,0,0,0,0,1,"- ","- ",,,"SAN DIEGO","SAN DIEGO",-117.135986328125,32.711635589599609
9533472,2022,2023-01-26,3705,2022-11-28,1445,EC0431,,1,5,5,3705,0,0,0,,0,003,"E MADISON AV","DURHAM ST",56.00,E,N,A,-,N,,,,,,,,,,N,2,0,1,2,A,-,11,21954,A,N,G,B,D,A,H,-,A,D,0,Y,,,,Y,,N,60,1,0,0,0,1,0,0,0,0,"- ","- ",,,"SAN DIEGO","EL CAJON",-116.92547607421875,32.800186157226562
9534090,2023,2023-03-13,3710,2023-01-07,1258,OC1211,,6,5,6,3710,0,0,0,,0,022,"RT 76","NORTH SANTA FE AV",1165.00,E,N,B,-,Y,SD,11,76,-,R,6.940,H,-,E,Y,2,0,1,3,A,-,03,22350,,N,C,C,A,A,H,-,A,A,0,,,Y,,Y,,C,02,1,0,0,0,0,0,0,0,1,"- ","- ",,,"SAN DIEGO",OCEANSIDE,-117.27814483642578,33.247520446777344
9534785,2022,2023-01-17,3711,2022-08-25,2051,SD6146,,4,5,7,3711,0,0,0,,0,231,"POWAY RD","SABRE SPRINGS PKWY",319.00,E,N,A,-,N,,,,,,,,,,Y,2,0,2,1,A,-,08,22107,,N,E,I,A,A,H,-,C,D,0,,,,,Y,,-,,2,0,0,0,0,0,0,0,0,"- ","- ",,,"SAN DIEGO","SAN DIEGO",-117.09483337402344,32.946773529052734
9535154,2022,2023-02-09,3705,2022-12-30,1709,EC0383,,5,5,5,3705,0,0,0,,0,002,"EAST MAIN ST","TAFT AV",0.00,,Y,B,-,N,,,,,,,,,,Y,2,0,1,2,A,-,11,21954,A,N,G,B,D,A,H,-,B,D,0,Y,,,,Y,,N,60,1,0,0,0,1,0,0,0,0,"- ","- ",,,"SAN DIEGO","EL CAJON",-116.95640563964844,32.794948577880859
9544888,2023,2023-02-09,3711,2023-01-29,1240,SD1748,,7,5,7,3711,0,0,0,,0,314,"KEARNY VILLA RD","MESA COLLEGE DR",654.00,,N,B,-,N,,,,,,,,,,N,2,0,3,2,A,-,12,21453,A,N,B,C,A,B,H,-,A,A,0,,,,,Y,,A,01,1,1,1,0,0,0,0,0,0,"- ","- ",,,"SAN DIEGO","SAN DIEGO",-117.15178680419922,32.802848815917969
9559140,2023,2023-03-14,3702,2023-01-21,"42  ",CV1410,,6,5,6,3702,0,0,0,,0,041,"OTAY VALLEY RD","AVENIDA CAPRISE",0.00,,Y,A,-,N,,,,,,,,,,Y,2,0,2,1,A,-,03,22350,,N,E,J,A,A,H,-,C,A,0,,,,,Y,,A,01,2,0,0,0,0,0,0,0,0,"- ","- ",,,"SAN DIEGO","CHULA VISTA",,
9560979,2023,2023-04-18,3700,2023-02-19,"241 ",SH0459,,7,5,4,3780,0,0,0,,0,414,"OAK KNOLL RD","POWAY RD",611.00,E,N,A,-,N,,,,,,,,,,Y,2,0,1,2,A,-,01,23152,A,N,A,E,A,A,H,-,C,D,0,,,,,Y,Y,D,22,1,0,0,0,0,0,0,0,0,"- ","- ",,,"SAN DIEGO",POWAY,-117.06568145751953,32.95013427734375
9568465,2023,2023-05-08,3710,2023-04-16,1328,OC1534,,7,5,6,3710,0,0,0,,0,021,"RT 76","DOUGLAS DR",380.00,W,N,A,-,Y,SD,11,76,-,R,3.660,H,-,E,Y,2,0,1,2,A,-,07,21658,A,N,H,-,A,A,H,-,A,A,0,,,Y,,Y,,-,99,1,0,0,0,0,0,0,0,1,"- ","- ",,,"SAN DIEGO",OCEANSIDE,-117.32726287841797,33.225193023681641
9569203,2023,2023-06-28,3711,2023-06-04,2152,SD8695,,7,5,7,3711,0,0,0,,0,122,"GRAND AV","FANUEL ST",0.00,,Y,A,-,N,,,,,,,,,,Y,2,0,1,2,A,-,11,21950,B,N,G,B,B,A,H,-,C,A,0,Y,,,,Y,,N,60,1,0,0,0,1,0,0,0,0,"- ","- ",,,"SAN DIEGO","SAN DIEGO",-117.24579620361328,32.796718597412109
9582379,2023,2023-05-30,3711,2023-05-05,1018,SD7185,,5,5,7,3711,0,0,0,,0,617,"CATALINA BL","ROSECROFT LN",148.00,S,N,B,-,N,,,,,,,,,,N,2,0,2,2,A,-,08,22107,,N,B,G,A,A,H,-,A,D,0,,Y,,,Y,,L,04,1,1,0,0,0,0,2,0,0,"- ","- ",,,"SAN DIEGO","SAN DIEGO",-117.24819183349609,32.712512969970703
9583297,2023,2023-07-21,3711,2023-06-26,2032,SD7169,,1,5,7,3711,0,0,0,,0,233,"VIA COLMENAR","VIA PANACEA",0.00,,Y,A,-,N,,,,,,,,,,N,2,0,1,2,A,-,07,21658,A,F,B,G,A,A,H,-,C,-,0,,Y,,,Y,Y,-,,1,0,0,0,0,0,1,0,0,"- ","- ",,,"SAN DIEGO","SAN DIEGO",-117.14614105224609,32.952114105224609
9609808,2023,2023-08-21,3700,2023-06-12,2151,SH0484,,1,5,5,3713,0,0,0,,0,315,"SOUTH MELROSE DR","S MELROSE DR 1510",0.00,,N,B,-,N,,,,,,,,,,Y,2,0,1,2,A,-,07,21658,A,N,C,G,A,A,H,-,D,D,0,,Y,,,Y,Y,A,01,1,0,0,0,0,0,1,0,0,"- ","- ",,,"SAN DIEGO",VISTA,-117.25428771972656,33.194961547851562
9610269,2023,2023-08-31,3705,2023-07-09,"58  ",EC0383,,7,5,5,3705,0,0,0,,0,004,"S MOLLISON AV","E WASHINGTON AV",820.00,N,N,A,-,N,,,,,,,,,,Y,2,0,1,2,A,-,05,21202,A,N,C,G,A,A,H,-,C,D,0,,Y,,,Y,,L,04,1,0,0,0,0,0,1,0,0,"- ","- ",,,"SAN DIEGO","EL CAJON",-116.95098114013672,32.789886474609375
9616942,2023,2023-11-13,3705,2023-09-24,"442 ",EC0441,,7,5,5,3705,0,0,0,,0,001,"NAVAJO RD","RT 125",0.00,,Y,A,-,Y,SD,11,125,-,-,19.501,R,4,N,N,2,0,3,2,A,-,01,23153,A,N,D,C,A,A,H,-,C,A,0,,,,,Y,Y,A,01,1,1,1,0,0,0,0,0,0,"- ","- ",,,"SAN DIEGO","EL CAJON",-117.00534820556641,32.798965454101562
9624080,2023,2023-10-19,3701,2023-01-17,1645,CB5427,067,2,5,5,3701,0,0,0,,0,002,"CANNON RD","RT 5",0.00,,Y,A,-,Y,SD,11,5,-,R,47.843,R,4,N,Y,1,1,0,2,A,-,12,21453,A,N,D,C,A,A,H,-,A,A,0,,,Y,,Y,,C,02,0,0,0,0,0,0,0,1,0,"- ",NF,33.134811401367188,-117.32845306396484,"SAN DIEGO",CARLSBAD,-117.3282470703125,33.132724761962891
9624539,2023,2023-09-11,3702,2023-08-02,2024,CV1399,,3,5,6,3702,0,0,0,,0,041,"TELEGRAPH CANYON RD","HERITAGE RD",0.00,,Y,A,-,N,,,,,,,,,,Y,2,0,3,2,A,-,09,21453,C,N,D,C,A,A,H,-,C,D,0,,,,,Y,,A,01,1,2,0,0,0,0,0,0,0,"- ","- ",,,"SAN DIEGO","CHULA VISTA",-117.00811004638672,32.625396728515625
9628168,2023,2023-10-26,3711,2023-09-04,2001,HB6434,,1,5,7,3711,0,0,0,,0,504,"NORTH HARBOR DR","WEST BROADWAY",0.00,,Y,A,-,N,,,,,,,,,,N,2,0,1,2,A,-,05,21651,A,N,A,C,A,A,D,-,C,D,0,,,Y,,Y,,A,01,1,0,0,0,0,0,0,0,1,"- ","- ",,,"SAN DIEGO","SAN DIEGO",-117.17311859130859,32.715702056884766
9629951,2023,2023-12-11,3709,2023-10-02,1951,NC0542,,1,5,5,3709,0,0,0,,0,023,"HIGHLAND AV","EAST 24TH ST",0.00,,N,A,-,N,,,,,,,,,,N,2,0,1,2,A,-,11,21954,A,N,G,B,D,A,H,-,C,D,0,Y,,,,Y,Y,N,60,1,0,0,0,1,0,0,0,0,"- ","- ",,,"SAN DIEGO","NATIONAL CITY",-117.09336090087891,32.664356231689453
9631230,2023,2023-12-11,3711,2023-10-14,1517,SD1803,,6,5,7,3711,0,0,0,,0,814,"35TH ST","COLLIER AV",0.00,,Y,A,-,N,,,,,,,,,,Y,2,0,2,2,A,-,09,21802,A,N,D,C,A,A,H,-,A,A,0,,,,,Y,,A,01,1,1,0,0,0,0,0,0,0,"- ","- ",,,"SAN DIEGO","SAN DIEGO",-117.11727142333984,32.765399932861328
9636907,2023,2023-11-16,3702,2023-09-24,1125,CV1444,,7,5,6,3702,0,0,0,,0,042,"OTAY LAKES RD","EASTLAKE PKWY",374.00,W,N,A,-,N,,,,,,,,,,Y,2,0,1,2,A,-,09,21804,A,N,C,C,A,A,H,-,A,A,0,,,Y,,Y,,A,07,1,0,0,0,0,0,0,0,1,"- ","- ",,,"SAN DIEGO","CHULA VISTA",-116.96665954589844,32.6478271484375
9637376,2023,2024-02-23,3710,2023-11-03,1352,OC1443,,5,5,6,3710,0,0,0,,0,022,"RT 76","GUAJOME LAKE RD",0.00,,Y,A,-,Y,SD,11,76,-,R,7.177,I,5,W,Y,2,0,2,3,A,-,12,21453,A,N,D,C,A,A,H,-,A,A,0,,,Y,,Y,,A,08,1,0,1,0,0,0,0,0,1,"- ","- ",,,"SAN DIEGO",OCEANSIDE,-117.27435302734375,33.248489379882812
9639532,2023,2023-11-28,3705,2023-10-09,"148 ",EC0431,,1,5,5,3705,0,0,0,,0,004,"E WASHINGTON AV","AVACADO BL",0.00,,Y,A,-,N,,,,,,,,,,Y,2,0,4,2,A,-,12,21453,A,N,D,C,A,A,H,-,C,A,0,,,,,Y,Y,A,01,1,2,1,0,0,0,0,0,0,"- ","- ",,,"SAN DIEGO","EL CAJON",-116.95767211914062,32.787647247314453
9640062,2023,2023-12-04,3711,2023-11-13,"407 ",SD7904,,1,5,7,3711,0,0,0,,0,723,"2900 CORONADO AV","30TH ST",9.00,E,N,A,-,N,,,,,,,,,,Y,1,1,0,1,A,-,08,22107,,N,E,I,A,A,H,-,C,D,0,,,,,Y,Y,A,01,0,0,0,0,0,0,0,0,0,"- ","- ",,,"SAN DIEGO","SAN DIEGO",-117.06946563720703,32.576591491699219
9640498,2024,2024-06-03,3711,2024-04-03,2015,SD7335,,3,5,7,3711,0,0,0,,0,531,"PERSHING DR","FLORIDA ST",1700.00,W,N,A,-,Y,,,,,,,,,,N,1,1,0,2,A,-,08,22107,,N,G,B,E,A,D,-,E,D,0,Y,,,,Y,,-,99,0,0,0,1,0,0,0,0,0,"- ","- ",,,"SAN DIEGO","SAN DIEGO",-117.14632415771484,32.719291687011719
9676121,2023,2024-03-07,3700,2023-11-02,"916 ",SH1147,,4,5,5,3782,0,0,0,,0,242,"SANTA FE DR","NARDO RD",0.00,,Y,A,-,N,,,,,,,,,,N,2,0,1,2,A,-,09,21800,A,F,G,B,B,A,H,-,A,A,0,Y,,,,Y,,A,01,1,0,0,0,1,0,0,0,0,"- ","- ",,,"SAN DIEGO",ENCINITAS,-117.2772216796875,33.036262512207031
9697499,2024,2024-06-20,3711,2024-04-10,2243,SD6146,,3,5,7,3711,0,0,0,,0,624,"WASHINGTON AV","LINCOLN AV",239.00,W,N,A,-,N,,,,,,,,,,Y,2,0,1,2,A,-,11,21950,B,N,G,B,D,A,H,-,C,A,0,Y,,,,Y,,N,60,1,0,0,0,1,0,0,0,0,"- ","- ",,,"SAN DIEGO","SAN DIEGO",-117.15113830566406,32.75146484375
9697752,2024,2024-05-10,3700,2024-01-13,1321,SH7085,,6,5,5,3713,0,0,0,,0,314,"SOUTH SANTA FE AV","SANTA ANITA DR",22.00,E,N,A,-,N,,,,,,,,,,Y,2,0,1,2,A,-,09,21804,A,N,D,C,A,A,H,-,A,D,0,,,Y,,Y,,A,01,1,0,0,0,0,0,0,0,1,"- ","- ",,,"SAN DIEGO",VISTA,-117.23161315917969,33.192790985107422
9698766,2024,2024-05-30,3711,2024-04-06,1406,SD6996,,6,5,7,3711,0,0,0,,0,122,"SOLEDAD RD","PARK DR",55.00,N,N,A,-,N,,,,,,,,,,N,2,0,1,2,A,-,11,21950,B,N,G,B,D,A,H,-,A,D,0,Y,,,,Y,,N,60,1,0,0,0,1,0,0,0,0,"- ","- ",,,"SAN DIEGO","SAN DIEGO",,
9698788,2024,2024-06-18,3711,2024-04-18,2327,SD6146,,4,5,7,3711,0,0,0,,0,233,"BLACK MOUNTAIN RD","STARGAZE AVENUE",581.00,S,N,A,-,N,,,,,,,,,,Y,2,0,1,1,A,-,03,22350,,N,E,I,A,A,H,-,C,D,0,,,,,Y,,A,01,1,0,0,0,0,0,0,0,0,"- ","- ",,,"SAN DIEGO","SAN DIEGO",-117.13190460205078,32.973098754882812
9700590,2024,2024-06-13,3702,2024-04-30,1309,CV1555,,2,5,6,3702,0,0,0,,0,014,"CORTE MARIA AV","E ST",0.00,,Y,A,-,N,,,,,,,,,,Y,2,0,2,2,A,-,09,21802,A,N,D,C,A,A,H,-,A,D,0,,,Y,,Y,,A,07,1,1,0,0,0,0,0,0,1,"- ","- ",,,"SAN DIEGO","CHULA VISTA",-117.07145690917969,32.647510528564453
9706429,2024,2024-06-26,3708,2024-04-24,1019,LM1206,,3,5,5,3708,0,0,0,,0,001,"MASSACHUSETTS AV","BLACKTON DR",0.00,,Y,A,-,N,,,,,,,,,,Y,2,0,1,2,A,-,01,23152,G,N,A,C,A,A,H,-,A,D,0,,,,,Y,Y,A,01,1,0,0,0,0,0,0,0,0,"- ","- ",,,"SAN DIEGO","LA MESA",-117.04341125488281,32.753341674804688
9712884,2024,2024-08-15,3711,2024-06-12,"320 ",AS1593,,3,5,7,3711,0,0,0,,0,243,"MIRAMAR RD","CLAYTON DR",0.00,,Y,B,-,N,,,,,,,,,,Y,2,0,1,1,A,-,03,22350,,N,F,A,A,A,H,-,C,A,0,,,Y,,Y,Y,C,02,1,0,0,0,0,0,0,0,1,"- ","- ",,,"SAN DIEGO","SAN DIEGO",-117.1309814453125,32.893703460693359
9713126,2024,2024-08-16,3711,2024-06-10,1822,SD1530,,1,5,7,3711,0,0,0,,0,114,"CONRAD AV","GAYLORD DR",165.00,W,N,A,-,N,,,,,,,,,,N,2,0,1,1,A,-,03,22350,,N,F,J,A,A,H,-,A,D,0,,,Y,,Y,,C,03,1,0,0,0,0,0,0,0,1,"- ","- ",,,"SAN DIEGO","SAN DIEGO",-117.21050262451172,32.835380554199219
9719423,2024,2024-08-02,3711,2024-06-19,"931 ",SD6532,,3,5,7,3711,0,0,0,,0,511,"MAIN ST","28TH ST",278.00,E,N,A,-,N,,,,,,,,,,Y,2,0,2,2,A,-,09,21801,A,N,D,C,A,A,H,-,A,D,0,,,Y,,Y,,A,01,1,0,1,0,0,0,0,0,1,"- ","- ",,,"SAN DIEGO","SAN DIEGO",-117.13282775878906,32.692798614501953
9721020,2024,2025-05-13,3710,2024-07-29,"731 ",OC1334,,1,5,6,3710,0,0,0,,0,024,"RANCHO DEL ORO DR","VIA RANCHO DR",8.00,S,N,A,-,N,,,,,,,,,,Y,1,1,0,2,A,-,11,21461,5,N,G,B,D,A,H,-,A,A,0,Y,,,,Y,,N,60,0,0,0,1,0,0,0,0,0,"- ","- ",,,"SAN DIEGO",OCEANSIDE,-117.31916809082031,33.219757080078125
9728089,2024,2024-08-29,3711,2024-08-19,2225,SD1466,,1,5,7,3711,0,0,0,,0,821,"EL CAJON BL","68TH ST",243.00,E,N,A,-,N,,,,,,,,,,N,2,0,1,1,A,-,05,21202,A,N,H,J,A,A,H,-,C,A,0,,Y,,,Y,,L,04,1,0,0,0,0,0,1,0,0,"- ","- ",,,"SAN DIEGO","SAN DIEGO",-117.05068969726562,32.768650054931641
9730373,2024,2024-09-17,3711,2024-08-27,1800,SD7759,,2,5,7,3711,0,0,0,,0,242,"CALLE CRISTOBAL","BRENNER SPRINGS WY",215.00,W,N,A,-,N,,,,,,,,,,Y,2,0,1,1,A,-,08,22107,,N,E,I,A,A,H,-,A,D,0,,,,,Y,,A,01,1,0,0,0,0,0,0,0,0,"- ","- ",,,"SAN DIEGO","SAN DIEGO",-117.16693115234375,32.923881530761719
9732525,2024,2024-09-16,3711,2024-09-01,"110 ",SD6969,,7,5,7,3711,0,0,0,,0,121,"OCEAN FRONT WALK","SAN FERNANDO PL",658.00,N,N,B,-,N,,,,,,,,,,N,2,0,1,1,A,-,08,22107,,N,E,I,A,D,H,-,C,D,0,,Y,,,Y,Y,L,04,1,0,0,0,0,0,1,0,0,"- ","- ",,,"SAN DIEGO","SAN DIEGO",-117.25276184082031,32.769462585449219
9733660,2024,2024-09-20,3711,2024-09-01,2226,SD6146,,7,5,7,3711,0,0,0,,0,627,"UNIVERSITY AV","6TH AV",17.00,W,N,A,-,N,,,,,,,,,,N,2,0,1,2,A,-,11,21954,A,N,G,B,E,A,H,-,C,D,0,Y,,,,Y,,N,60,1,0,0,0,1,0,0,0,0,"- ","- ",,,"SAN DIEGO","SAN DIEGO",-117.15958404541016,32.748329162597656
9736462,2024,2024-09-26,3710,2024-09-11,"810 ",OC1566,,3,5,6,3710,0,0,0,,0,018,"COLLEGE BL","NORTH RIVER RD",537.00,S,N,B,-,N,,,,,,,,,,Y,2,0,1,2,A,-,03,22350,,N,C,C,A,A,H,-,A,A,0,,,Y,,Y,,C,02,1,0,0,0,0,0,0,0,1,"- ","- ",,,"SAN DIEGO",OCEANSIDE,-117.29864501953125,33.250308990478516
9739627,2024,2024-10-02,3709,2024-07-31,1348,NC0553,,3,5,5,3709,0,0,0,,0,021,"R AV","R AV 702",0.00,,Y,A,-,N,,,,,,,,,,N,2,0,1,1,A,-,17,21235,G,N,E,J,A,B,D,-,A,D,0,,,,,Y,,-,,1,0,0,0,0,0,0,0,0,"- ","- ",,,"SAN DIEGO","NATIONAL CITY",,
9751398,2024,2025-01-07,3702,2024-02-14,"530 ",CV1279,,3,5,6,3702,0,0,0,,0,021,"L ST","RIVERLAWN AV",42.00,E,N,A,-,N,,,,,,,,,,Y,1,1,0,2,A,-,11,21954,A,N,G,B,E,A,H,-,C,D,0,Y,,,,Y,Y,N,60,0,0,0,1,0,0,0,0,0,"- ","- ",,,"SAN DIEGO","CHULA VISTA",-117.08612823486328,32.616580963134766
9755439,2024,2024-11-20,3711,2024-11-02,"210 ",SD1834,,6,5,7,3711,0,0,0,,0,627,"10TH AV","10TH AV 3800",0.00,,Y,A,-,N,,,,,,,,,,N,2,0,1,2,A,-,04,21703,,F,C,G,A,A,H,-,C,D,0,,,,,Y,,-,,1,0,0,0,0,0,0,0,0,"- ","- ",,,"SAN DIEGO","SAN DIEGO",-117.07572937011719,33.113555908203125
9761609,2024,2024-12-26,3702,2024-12-01,2029,CV1408,,7,5,6,3702,0,0,0,,0,021,"PALOMAR ST","ORANGE AV",0.00,,Y,A,-,N,,,,,,,,,,Y,2,0,2,2,A,-,12,21453,A,N,A,C,A,A,H,-,C,A,0,,,Y,,Y,,A,01,1,1,0,0,0,0,0,0,1,"- ","- ",,,"SAN DIEGO","CHULA VISTA",-117.07766723632812,32.603641510009766
9766117,2025,2025-02-26,3710,2025-02-14,1946,OC1550,,5,5,6,3710,0,0,0,,0,018,"NORTH RIVER RD","AVENIDA DESCANSO",0.00,,Y,A,-,N,,,,,,,,,,N,2,0,1,2,A,-,10,21950,A,F,D,G,A,B,H,-,C,A,0,,Y,,,Y,Y,-,,1,0,0,0,0,0,1,0,0,"- ","- ",,,"SAN DIEGO",OCEANSIDE,-117.31459808349609,33.245296478271484
9770658,2024,2025-02-14,3703,2024-12-11,"502 ",1118,3,3,5,3,3703,0,0,0,,0,003,"SILVER STRAND BL","TULAGI RD",0.00,,Y,A,-,Y,SD,11,75,-,-,17.455,I,5,N,Y,2,0,1,2,A,-,00,21461,,N,D,C,A,A,H,-,C,A,0,,,Y,,Y,,D,22,1,0,0,0,0,0,0,0,1,"- ","- ",32.670009613037109,-117.16397094726562,"SAN DIEGO",CORONADO,-117.16395568847656,32.6700439453125
9772651,2024,2025-01-15,3711,2024-10-01,1530,SD1666,,2,5,7,3711,0,0,0,,0,611,"BARNETT AV","MENDOCA ST",0.00,,Y,A,-,N,,,,,,,,,,N,2,0,1,2,A,-,08,22107,,M,B,G,A,A,H,-,A,A,0,,Y,,,Y,Y,-,,1,0,0,0,0,0,1,0,0,"- ","- ",,,"SAN DIEGO","SAN DIEGO",-117.20680236816406,32.743141174316406
9785851,2024,2025-03-03,3702,2024-09-09,1300,CV1254,,1,5,6,3702,0,0,0,,0,014,"J ST","2ND AV",0.00,,Y,A,-,N,,,,,,,,,,Y,2,0,1,2,A,-,12,22450,A,N,D,C,A,A,H,-,A,A,0,,,Y,,Y,,A,07,1,0,0,0,0,0,0,0,1,"- ","- ",,,"SAN DIEGO","CHULA VISTA",-117.07041931152344,32.628608703613281
9786049,2024,2025-03-18,3702,2024-06-23,1534,CV1456,,7,5,6,3702,0,0,0,,0,031,"EAST H ST","TIERRA DEL REY",682.00,E,N,A,-,N,,,,,,,,,,Y,1,1,0,1,A,-,08,22107,,N,E,I,A,A,H,-,A,D,0,,,Y,,Y,,C,02,0,0,0,0,0,0,0,1,0,"- ","- ",,,"SAN DIEGO","CHULA VISTA",-117.01848602294922,32.636177062988281
9786135,2024,2025-04-25,3705,2024-12-08,1712,EC0407,,7,5,5,3705,0,0,0,,0,003,"EAST MAIN ST","E MADISON AV",590.00,S,N,A,-,N,,,,,,,,,,Y,1,1,0,2,A,-,11,21954,A,F,G,B,D,A,H,-,C,D,0,Y,,,,Y,,N,60,0,0,0,1,0,0,0,0,0,"- ","- ",,,"SAN DIEGO","EL CAJON",-116.93183135986328,32.798957824707031
9786282,2024,2025-07-09,3711,2024-11-22,1846,SD6000,,5,5,7,3711,0,0,0,,0,937,"CAMINO DEL SUR","15000 CASEY GLEN",179.00,W,N,A,-,N,,,,,,,,,,Y,1,1,0,2,A,-,08,22107,,N,C,G,A,A,H,-,D,D,0,,Y,,,Y,,A,01,0,0,0,0,0,1,0,0,0,"- ","- ",,,"SAN DIEGO","SAN DIEGO",-117.14237976074219,33.021476745605469
9787667,2025,2025-05-06,3711,2025-04-11,2028,SD5600,,5,5,7,3711,0,0,0,,0,611,"PACIFIC HWY","BARNETT AV",14.00,S,N,A,-,N,,,,,,,,,,N,2,0,1,1,A,-,08,22107,,N,F,A,A,B,H,-,C,D,0,,,Y,,Y,Y,C,02,1,0,0,0,0,0,0,0,1,"- ","- ",,,"SAN DIEGO","SAN DIEGO",,
9791225,2024,2025-03-07,3700,2024-05-25,2128,SH0876,,6,5,5,3713,0,0,0,,0,307,"MONTE VISTA DR","VALLEY DR",560.00,W,N,A,-,N,,,,,,,,,,Y,2,0,2,2,A,-,01,23152,A,N,A,C,A,A,H,-,D,D,0,,,,,Y,Y,A,01,2,0,0,0,0,0,0,0,0,"- ","- ",,,"SAN DIEGO",VISTA,-117.21492004394531,33.191352844238281
9794234,2025,2025-03-24,3710,2025-03-05,"619 ",OC1358,,3,5,6,3710,0,0,0,,0,027,"VISTA WAY","BUENA HILLS DR",43.00,E,N,A,-,N,,,,,,,,,,N,2,0,2,2,A,-,05,21650,,N,A,-,A,A,H,-,B,D,0,,Y,,,Y,,M,91,2,0,0,0,0,0,2,0,0,"- ","- ",,,"SAN DIEGO",OCEANSIDE,-117.30499267578125,33.181667327880859
9801679,2024,2025-04-10,3700,2024-06-16,1514,SH5543,,7,5,5,3782,0,0,0,,0,240,"SOUTH COAST HWY","OCEAN ST",542.00,N,N,A,-,N,,,,,,,,,,N,2,0,1,1,A,-,01,21200,5,N,E,I,A,A,H,-,A,D,0,,Y,,,Y,Y,M,91,1,0,0,0,0,0,1,0,0,"- ","- ",,,"SAN DIEGO",ENCINITAS,-117.27429962158203,32.848709106445312
9805176,2025,2025-05-01,3709,2025-04-18,2228,NC0552,,5,5,5,3709,0,0,0,,0,020,"NATIONAL CITY BL","CIVIC CENTER DR",0.00,,Y,A,-,N,,,,,,,,,,Y,2,0,6,2,A,-,01,23153,B,N,D,C,A,A,H,-,C,A,0,,,,,Y,Y,A,01,2,1,3,0,0,0,0,0,0,"- ","- ",,,"SAN DIEGO","NATIONAL CITY",-117.10530090332031,32.671520233154297
9806291,2025,2025-05-23,3711,2025-05-09,2137,SD1761,,5,5,7,3711,0,0,0,,0,441,"37TH ST","GILMORE ST",0.00,,Y,A,-,N,,,,,,,,,,N,2,0,1,3,A,-,08,38314,,F,G,B,E,A,H,-,C,D,0,Y,,,,Y,,-,,1,0,0,0,1,0,0,0,0,"- ","- ",,,"SAN DIEGO","SAN DIEGO",-117.11466979980469,32.703083038330078
9819486,2025,2025-07-30,3705,2025-04-22,1453,EC0297,,2,5,5,3705,0,0,0,,0,004,"WASHINGTON AV","S ORANGE AV",0.00,,Y,A,-,N,,,,,,,,,,Y,2,0,1,2,A,-,09,21801,A,N,D,C,A,A,H,-,A,D,0,,,Y,,Y,,A,01,1,0,0,0,0,0,0,0,1,"- ","- ",,,"SAN DIEGO","EL CAJON",-116.96354675292969,32.78765869140625
9872190,2025,2025-08-19,3700,2025-06-27,1202,SH2001,,5,5,5,3781,0,0,0,,0,518,"PROSPECT AV","FANITA DR",0.00,,Y,A,-,N,,,,,,,,,,N,2,0,1,2,A,-,12,21453,A,N,D,G,A,A,H,-,A,A,0,,Y,,,Y,,L,04,1,0,0,0,0,0,1,0,0,"- ","- ",,,"SAN DIEGO",SANTEE,-117.00070953369141,32.833808898925781