CASE_ID,ACCIDENT_YEAR,PROC_DATE,JURIS,COLLISION_DATE,COLLISION_TIME,OFFICER_ID,REPORTING_DISTRICT,DAY_OF_WEEK,CHP_SHIFT,POPULATION,CNTY_CITY_LOC,SPECIAL_COND,BEAT_TYPE,CHP_BEAT_TYPE,CITY_DIVISION_LAPD,CHP_BEAT_CLASS,BEAT_NUMBER,PRIMARY_RD,SECONDARY_RD,DISTANCE,DIRECTION,INTERSECTION,WEATHER_1,WEATHER_2,STATE_HWY_IND,CALTRANS_COUNTY,CALTRANS_DISTRICT,STATE_ROUTE,ROUTE_SUFFIX,POSTMILE_PREFIX,POSTMILE,LOCATION_TYPE,RAMP_INTERSECTION,SIDE_OF_HWY,TOW_AWAY,COLLISION_SEVERITY,NUMBER_KILLED,NUMBER_INJURED,PARTY_COUNT,PRIMARY_COLL_FACTOR,PCF_CODE_OF_VIOL,PCF_VIOL_CATEGORY,PCF_VIOLATION,PCF_VIOL_SUBSECTION,HIT_AND_RUN,TYPE_OF_COLLISION,MVIW,PED_ACTION,ROAD_SURFACE,ROAD_COND_1,ROAD_COND_2,LIGHTING,CONTROL_DEVICE,CHP_ROAD_TYPE,PEDESTRIAN_ACCIDENT,BICYCLE_ACCIDENT,MOTORCYCLE_ACCIDENT,TRUCK_ACCIDENT,NOT_PRIVATE_PROPERTY,ALCOHOL_INVOLVED,STWD_VEHTYPE_AT_FAULT,CHP_VEHTYPE_AT_FAULT,COUNT_SEVERE_INJ,COUNT_VISIBLE_INJ,COUNT_COMPLAINT_PAIN,COUNT_PED_KILLED,COUNT_PED_INJURED,COUNT_BICYCLIST_KILLED,COUNT_BICYCLIST_INJURED,COUNT_MC_KILLED,COUNT_MC_INJURED,PRIMARY_RAMP,SECONDARY_RAMP,LATITUDE,LONGITUDE,COUNTY,CITY,POINT_X,POINT_Y
6676752,2014,2014-12-16,9650,2014-10-10,1320,013570,,5,1,9,3700,0,3,5,,2,191,"HARMONY GROVE RD","QUESTHAVEN RD",4752.00,E,N,A,-,N,,,,,,,,,,Y,2,0,1,1,A,-,08,22107,,N,E,I,A,A,H,-,A,D,0,,,,,Y,,A,01,1,0,0,0,0,0,0,0,0,"- ","- ",33.083730000000003,-117.15491,"SAN DIEGO",UNINCORPORATED,-117.15486070999999,33.083336690000003
6678122,2015,2016-02-18,3700,2015-11-01,1910,SH0817,,7,5,5,3713,0,0,0,,0,308,"NORTH EMERALD DR","THOMAS ST",13.00,N,N,A,-,N,,,,,,,,,,Y,1,1,0,2,A,-,01,23152,F,N,C,E,A,A,H,-,C,D,0,,,Y,,Y,Y,C,02,0,0,0,0,0,0,0,1,0,"- ","- ",,,"SAN DIEGO",VISTA,-117.27948000000001,33.19716562
6678200,2017,2019-04-05,3706,2017-10-13,2138,342,ESCON,5,5,6,3706,0,0,0,,0,044,"EL NORTE PKWY","ASH ST",0.00,,Y,A,-,N,,,,,,,,,,Y,1,1,2,2,A,-,03,22350,,N,D,C,A,A,H,-,C,A,0,,,,,Y,,A,01,0,1,1,0,0,0,0,0,0,"- ","- ",33.143909999999998,-117.07802,"SAN DIEGO",ESCONDIDO,-117.07803013,33.143880060000001
6678344,2017,2019-04-05,3711,2017-10-30,1847,5046,,1,5,7,3711,0,0,0,,0,621,"GENESEE AV","LINDA VISTA RD",0.00,,Y,A,-,N,,,,,,,,,,Y,1,1,0,2,A,-,09,21453,C,N,A,C,A,-,H,-,C,A,0,,,Y,,Y,Y,A,01,0,0,0,0,0,0,0,1,0,"- ","- ",,,"SAN DIEGO","SAN DIEGO",-117.16598012,32.791560050000001
6678350,2017,2018-01-23,3706,2017-08-29,1210,223,ESCON,2,5,6,3706,0,0,0,,0,052,"ESCONDIDO BL","FELICITA AV",0.00,,Y,A,-,N,,,,,,,,,,N,1,1,0,2,A,-,10,21950,A,N,G,B,D,A,H,-,A,A,0,Y,,,,Y,,A,01,0,0,0,1,0,0,0,0,0,"- ","- ",33.104669999999999,-117.07311,"SAN DIEGO",ESCONDIDO,-117.07311005,33.104680109999997
6681844,2014,2014-11-25,9645,2014-10-07,0705,015494,,2,1,7,3711,0,1,3,,2,006,"RT 94","EUCLID AV",1550.00,W,N,B,-,Y,,,94,,,,,,,Y,2,0,1,3,A,-,08,22107,,N,B,C,A,A,H,-,A,D,0,,,Y,Y,Y,,C,02,1,0,0,0,0,0,0,0,1,"- ","- ",32.717880000000001,-117.09019000000001,"SAN DIEGO","SAN DIEGO",-117.09019001999999,32.717887109999999
6682386,2014,2016-05-25,9645,2014-09-18,2151,016409,,4,2,7,3711,0,1,1,,2,010,"RT 8","RT 163",528.00,W,N,A,-,Y,SD,11,8,-,-,2.160,H,-,E,Y,2,0,1,1,A,-,08,22107,,N,F,A,A,A,H,-,C,D,1,,,,,Y,,A,01,1,0,0,0,0,0,0,0,0,"- ","- ",,,"SAN DIEGO","SAN DIEGO",-117.16770870000001,32.760910930000001
6690608,2014,2014-12-24,3701,2014-10-22,0837,5347,119,3,5,5,3701,0,0,0,,0,008,"CALLE BARCELONA","WOODFERN LN",15.00,E,N,A,-,N,,,,,,,,,,N,2,0,2,3,A,-,10,21950,A,N,G,B,B,A,H,-,A,A,0,Y,,,,Y,,-,,1,0,1,0,2,0,0,0,0,"- ","- ",,,"SAN DIEGO",CARLSBAD,-117.26568123,33.07295173
6694141,2014,2015-04-30,3700,2014-08-19,1555,SH5482,,2,5,5,3713,0,0,0,,0,319,"SOUTH MELROSE DR","SHADOWRIDGE DR",0.00,,Y,A,-,N,,,,,,,,,,Y,2,0,3,3,A,-,12,21453,A,N,A,C,A,A,H,-,A,A,0,,,,,Y,,A,01,2,0,1,0,0,0,0,0,0,"- ","- ",,,"SAN DIEGO",VISTA,-117.24216,33.161530040000002
6700606,2014,2016-02-24,9650,2014-10-25,1300,12168,,6,1,9,3700,0,3,5,,2,210,"DEER SPRINGS RD","SARVER LN",0.00,,Y,A,-,N,,,,,,,,,,Y,2,0,1,1,A,-,01,23152,A,N,E,I,A,A,H,-,A,D,0,,,,,Y,Y,D,22,1,0,0,0,0,0,0,0,0,"- ","- ",33.193989999999999,-117.15141,"SAN DIEGO",UNINCORPORATED,-117.15136004,33.194000029999998
6701086,2014,2015-01-29,3701,2014-11-07,1957,5438,6,5,5,5,3701,0,0,0,,0,072,"PASEO DEL NORTE","PACOMAR AIRPORT RD",420.00,S,N,A,-,N,,,,,,,,,,Y,2,0,1,2,A,-,11,21954,A,F,G,-,D,A,H,-,C,D,0,Y,,,,Y,Y,A,01,1,0,0,0,1,0,0,0,0,"- ","- ",,,"SAN DIEGO",CARLSBAD,-117.31781602,33.121881860000002
6705700,2014,2014-11-24,3700,2014-09-08,2326,SH5482,,1,5,5,3713,0,0,0,,0,304,"NORTH MELROSE DR","NORTH AV",466.00,N,N,A,-,N,,,,,,,,,,Y,2,0,1,1,A,-,01,23152,A,N,E,I,A,A,H,-,C,D,0,,,,,Y,Y,A,01,1,0,0,0,0,0,0,0,0,"- ","- ",,,"SAN DIEGO",VISTA,-117.25634937,33.216828739999997
6709467,2014,2015-01-16,9680,2014-11-04,1500,016822,,2,2,9,3700,0,1,3,,1,091,"RT 78","WEEKEND VILLA RD",1056.00,W,N,A,-,Y,,,78,,,,,,,Y,2,0,1,2,A,-,05,21460,A,N,B,C,A,A,H,-,A,D,0,,,Y,,Y,,C,02,1,0,0,0,0,0,0,0,1,"- ","- ",33.070259999999998,-116.89537,"SAN DIEGO",UNINCORPORATED,-116.8953353,33.070342850000003
6710796,2014,2015-01-07,9680,2014-10-31,2030,016822,,5,2,9,3700,0,3,5,,2,009,"KERRI LN","PODERIO DR",528.00,W,N,B,-,N,,,,,,,,,,N,2,0,1,1,C,-,18,,,N,H,A,A,A,H,-,D,D,0,,,,,Y,,-,"- ",1,0,0,0,0,0,0,0,0,"- ","- ",33.007469999999998,-116.7805,"SAN DIEGO",UNINCORPORATED,-116.78634,33.010759999999998
6710885,2014,2015-01-29,3711,2014-11-15,2240,5556,,6,5,7,3711,0,0,0,,0,312,"CAMINO PLAYA CARMEL","VILLARRICA WY",0.00,,Y,B,-,N,,,,,,,,,,Y,2,0,1,1,A,-,03,22350,,N,E,I,A,A,H,-,C,D,0,,,,,Y,Y,-,"- ",1,0,0,0,0,0,0,0,0,"- ","- ",,,"SAN DIEGO","SAN DIEGO",-117.09266001,32.837319999999998
6710946,2014,2015-01-08,3711,2014-11-15,1617,6699,,6,5,7,3711,0,0,0,,0,821,"67TH ST","AMHERST ST",77.00,S,N,A,-,N,,,,,,,,,,N,2,0,1,2,A,-,21,22106,,N,G,B,F,A,H,-,A,D,0,Y,,,,Y,,-,"- ",1,0,0,0,1,0,0,0,0,"- ","- ",,,"SAN DIEGO","SAN DIEGO",-117.05408891,32.766442120000001
6718115,2014,2015-02-09,3711,2014-12-29,2308,5051,,1,5,7,3711,0,0,0,,0,115,"LEBON DR","LA JOLLA VILLAGE DR",0.00,,Y,B,-,N,,,,,,,,,,Y,1,1,0,2,A,-,11,21456,B,N,G,B,B,A,H,-,C,A,0,Y,,,,Y,,N,60,0,0,0,1,0,0,0,0,0,"- ","- ",,,"SAN DIEGO","SAN DIEGO",-117.22362003000001,32.870860110000002
6718254,2014,2015-03-16,3710,2014-09-21,0125,OC0652,,7,5,6,3710,0,0,0,,0,017,"NORTH RIVER RD","PLUMOSA ST",249.00,E,N,B,-,N,,,,,,,,,,Y,1,1,0,2,A,-,"- ",,,F,C,G,A,A,H,-,C,D,0,,Y,,,Y,,A,01,0,0,0,0,0,1,0,0,0,"- ","- ",,,"SAN DIEGO",OCEANSIDE,-117.32917817000001,33.24481909
6718510,2014,2014-12-19,3702,2014-09-12,0649,CV0967,,5,5,6,3702,0,0,0,,0,021,"ANITA ST","JAYKEN WY",64.00,E,N,A,-,N,,,,,,,,,,Y,1,1,0,2,A,-,03,22350,,N,G,B,D,A,H,-,A,D,0,Y,,,,Y,,A,01,0,0,0,1,0,0,0,0,0,"- ","- ",,,"SAN DIEGO","CHULA VISTA",-117.0810929,32.598460000000003
6718664,2017,2018-03-01,3702,2017-10-26,0912,CV0986,,4,5,6,3702,0,0,0,,0,024,"4TH AV","ORANGE AV",0.00,,Y,A,-,N,,,,,,,,,,Y,1,1,2,3,D,-,00,,,N,D,C,A,A,H,-,A,A,0,,,,,Y,,-,"- ",0,0,2,0,0,0,0,0,0,"- ","- ",,,"SAN DIEGO","CHULA VISTA",-117.06920011,32.602280069999999
6718732,2017,2019-04-08,3700,2017-03-05,1920,SH0473,,7,5,4,3720,0,0,0,,0,605,"MASSACHUSETTS AV","MOUNT VERNON ST",192.00,N,N,A,-,N,,,,,,,,,,Y,1,1,0,5,A,-,01,23152,A,N,C,C,A,A,H,-,C,D,0,,,Y,,Y,Y,C,02,0,0,0,0,0,0,0,1,0,"- ","- ",,,"SAN DIEGO","LEMON GROVE",-117.04296694,32.732125879999998
6718734,2017,2019-04-08,3700,2017-05-20,1541,SH4234,,6,5,4,3720,0,0,0,,0,603,"SWEETWATER RD","SHANNONBROOK CT",155.00,S,N,A,-,N,,,,,,,,,,Y,1,1,0,1,A,-,01,23152,A,N,E,I,A,A,H,-,A,D,0,,,,,Y,Y,A,01,0,0,0,0,0,0,0,0,0,"- ","- ",,,"SAN DIEGO","LEMON GROVE",-117.01441787,32.739946029999999
6721771,2014,2015-01-13,3711,2014-11-18,0522,7195,SANDI,2,5,7,3711,0,0,0,,0,451,"COLLEGE GROVE DR","CAMINITO CHOLLAS",181.00,W,N,A,-,N,,,,,,,,,,N,2,0,1,2,A,-,11,21954,A,N,G,B,E,A,H,-,C,D,0,Y,,,,Y,,N,60,1,0,0,0,1,0,0,0,0,"- ","- ",,,"SAN DIEGO","SAN DIEGO",-117.07203745,32.735878630000002
6723349,2014,2015-01-06,3702,2014-10-06,0649,CV1122,,1,5,6,3702,0,0,0,,0,023,"EAST ORANGE AV","E ORANGE AV 181",164.00,E,N,A,-,N,,,,,,,,,,Y,2,0,2,5,A,-,"- ",,,N,B,E,A,A,H,-,B,D,0,,,,,Y,,A,01,1,1,0,0,0,0,0,0,0,"- ","- ",,,"SAN DIEGO","CHULA VISTA",,
6723359,2014,2015-01-06,3702,2014-10-16,0716,CV0827,,4,5,6,3702,0,0,0,,0,021,NAPLES,"JEFFERSON ST",0.00,,Y,B,-,N,,,,,,,,,,Y,2,0,1,2,A,-,09,21802,A,N,B,C,A,A,H,-,B,D,0,,,Y,,Y,,A,01,1,0,0,0,0,0,0,0,1,"- ","- ",,,"SAN DIEGO","CHULA VISTA",-117.08336009,32.60967007
6732608,2014,2014-12-15,3700,2014-09-19,1545,SH4541,,5,5,5,3712,0,0,0,,0,357,"RANCHEROS DR","WOODLAND PKWY",0.00,,Y,A,-,N,,,,,,,,,,Y,2,0,2,2,A,-,12,21453,A,N,G,G,A,A,H,-,A,A,0,,Y,Y,,Y,,L,04,1,0,1,0,0,0,1,0,1,"- ","- ",,,"SAN DIEGO","SAN MARCOS",-117.14061005000001,33.139430009999998
6745239,2014,2014-12-29,3700,2014-10-18,2129,SH2573,,6,5,3,3783,0,0,0,,0,273,"STEVENS  AV","LOMAS SANTA FE DR",261.00,S,N,A,-,N,,,,,,,,,,N,2,0,1,2,A,-,03,22350,,F,C,G,A,A,H,-,C,A,0,,Y,,,Y,Y,A,01,1,0,0,0,0,0,1,0,0,"- ","- ",,,"SAN DIEGO","SOLANA BEACH",-117.26244405,32.995438749999998
6745534,2014,2015-01-20,9645,2014-11-21,0305,020165,,5,3,7,3711,0,1,1,,2,019,"RT 15","BERNARDO CENTER DR",1450.00,N,N,C,-,Y,,,15,,,,,,,Y,2,0,3,5,A,-,01,23152,A,N,C,C,E,B,H,-,E,D,0,Y,,,,Y,Y,A,07,1,1,1,0,2,0,0,0,0,"- ","- ",33.042789999999997,-117.07395,"SAN DIEGO","SAN DIEGO",-117.07401518,33.042817710000001
6750753,2014,2015-02-10,9645,2014-12-17,0545,13599,,3,3,7,3711,0,1,1,,2,007,"RT 5","GILMAN DR",140.00,S,N,C,-,Y,,,5,,,,,,,Y,2,0,1,1,A,-,03,22350,,N,E,I,A,B,H,-,D,D,0,,,,,Y,,D,22,1,0,0,0,0,0,0,0,0,"- ","- ",32.849429999999998,-117.23551999999999,"SAN DIEGO","SAN DIEGO",-117.23541356,32.849379829999997
6755552,2014,2015-02-03,9645,2014-12-01,1648,18697,,1,2,7,3711,0,1,3,,2,002,"RT 15","OCEANVIEW BL",1380.00,S,N,B,-,Y,,,15,,,,,,,N,2,0,1,2,A,-,03,22350,,N,C,C,A,A,H,-,C,D,0,,,Y,,Y,,C,02,1,0,0,0,0,0,0,0,1,"- ","- ",32.697850000000003,-117.12062,"SAN DIEGO","SAN DIEGO",-117.12063965999999,32.697847410000001
6755716,2014,2015-02-04,3710,2014-12-15,2026,OC1404,,1,5,6,3710,0,0,0,,0,012,"EL CAMINIO REAL","SKYLINE  DR",649.00,N,N,A,-,N,,,,,,,,,,Y,2,0,1,1,A,-,03,22350,,N,F,-,A,A,H,-,C,D,0,,,Y,,Y,,C,02,1,0,0,0,0,0,0,0,1,"- ","- ",,,"SAN DIEGO",OCEANSIDE,-117.32799317,33.194374600000003
6765325,2014,2015-02-02,9680,2014-12-05,1810,017717,,5,2,9,3700,0,2,4,,1,014,"WINTER GARDENS BL","ORCHARD RD",0.00,,Y,B,-,N,,,,,,,,,,Y,2,0,1,2,A,-,09,21801,A,N,A,C,A,A,H,-,D,D,0,,,,,Y,,A,01,1,0,0,0,0,0,0,0,0,"- ","- ",32.825839999999999,-116.93364,"SAN DIEGO",UNINCORPORATED,-116.93351002,32.825860059999997
6770017,2014,2015-02-05,9645,2014-12-23,1230,13599,,2,1,7,3711,0,1,1,,2,005,"RT 5","PACIFIC HWY",855.00,S,N,A,-,Y,,,5,,,,,,,Y,2,0,4,2,A,-,03,22350,,N,D,C,A,A,H,-,A,D,0,,,,,Y,,A,01,1,0,3,0,0,0,0,0,0,"- ","- ",32.763730000000002,-117.20506,"SAN DIEGO","SAN DIEGO",-117.20517332,32.763701310000002
6775202,2014,2016-05-25,9645,2014-12-22,2050,018804,,1,2,7,3711,0,1,3,,2,023,"RT 163","GENESEE AV",1000.00,S,N,A,-,Y,SD,11,163,-,-,5.644,R,2,N,Y,2,0,1,1,A,-,08,22107,,N,E,I,A,A,H,-,C,D,1,,,,,Y,,A,01,1,0,0,0,0,0,0,0,0,"- ","- ",32.789050000000003,-117.16007,"SAN DIEGO","SAN DIEGO",-117.15965998999999,32.789517349999997
6800655,2015,2016-09-08,9680,2015-01-23,1530,16822,,5,2,9,3700,0,1,3,,1,090,"RT 67","DYE RD",1056.00,S,N,A,-,Y,SD,11,67,-,-,21.250,H,-,S,Y,2,0,1,2,A,-,09,21804,A,N,C,C,A,A,H,-,B,A,0,,,,,Y,,A,07,1,0,0,0,0,0,0,0,0,"- ","- ",33.010910000000003,-116.91154,"SAN DIEGO",UNINCORPORATED,-116.90984666999999,33.012160399999999
6800660,2015,2016-10-12,9680,2015-01-29,1820,17389,,4,2,5,3705,0,1,1,,2,082,"RT 8","2ND ST",1056.00,E,N,C,-,Y,SD,11,8,-,-,17.580,H,-,E,Y,2,0,2,1,A,-,01,23152,E,N,E,I,A,B,H,-,D,D,1,,,,,Y,,A,01,1,0,1,0,0,0,0,0,0,"- ","- ",32.803019999999997,-116.93271,"SAN DIEGO","EL CAJON",-116.93186731999999,32.802944320000002
6806175,2015,2015-02-24,3711,2015-01-21,0816,5046,,3,5,7,3711,0,0,0,,0,841,"COLLEGE AV","UNIVERSITY AV",19.00,N,N,A,-,N,,,,,,,,,,N,2,0,1,2,A,-,11,21950,B,N,G,B,B,A,H,-,A,A,0,Y,,,,Y,,N,60,1,0,0,0,1,0,0,0,0,"- ","- ",,,"SAN DIEGO","SAN DIEGO",-117.06450347000001,32.752908120000001
6810614,2015,2015-03-02,3711,2015-01-22,1443,4495,,4,5,7,3711,0,0,0,,0,436,"IMPERIAL AV","66TH ST",69.00,E,N,A,-,N,,,,,,,,,,N,2,0,1,2,A,-,00,21854,A,N,G,B,D,A,G,-,A,D,0,Y,,,,Y,,N,60,1,0,0,0,1,0,0,0,0,"- ","- ",,,"SAN DIEGO","SAN DIEGO",-117.055999,32.710788460000003
6812648,2015,2016-11-04,3703,2015-01-28,1205,1037,,3,5,3,3703,0,0,0,,0,003,"RT 75","LEYTE RD",0.00,,Y,A,-,Y,SD,11,75,-,-,15.725,I,6,N,N,2,0,1,1,A,-,03,22350,,N,H,A,A,A,A,-,A,A,0,,Y,,,Y,,L,04,1,0,0,0,0,0,1,0,0,"- ","- ",,,"SAN DIEGO",CORONADO,-117.14872323,32.648457219999997
6816772,2015,2015-03-05,3706,2015-02-01,1314,ES0223,,7,5,6,3706,0,0,0,,0,052,"2ND AV",BROADWAY,0.00,,Y,A,-,N,,,,,,,,,,Y,2,0,4,2,A,-,01,23152,E,N,D,C,A,A,H,-,A,A,0,,,,,Y,,A,01,1,0,3,0,0,0,0,0,0,"- ","- ",,,"SAN DIEGO",ESCONDIDO,-117.08086012,33.12073007
6818306,2015,2016-09-13,9650,2015-02-02,1240,015276,,1,1,5,3713,0,1,3,,2,017,"RT 78","VISTA VILLAGE DR",73.00,W,N,A,-,Y,SD,11,78,-,-,6.190,H,-,W,Y,2,0,1,1,A,-,01,23152,A,N,E,I,A,A,H,-,A,D,1,,,,,Y,Y,A,07,1,0,0,0,0,0,0,0,0,"- ","- ",33.194519999999997,-117.25832,"SAN DIEGO",VISTA,-117.25020512,33.194991829999999
6818909,2015,2015-03-04,3705,2015-01-03,2247,EC0341,,6,5,5,3705,0,0,0,,0,008,"E CHASE AV","AVOCADO AV",266.00,W,N,A,-,N,,,,,,,,,,Y,2,0,1,2,A,-,09,21804,A,F,G,C,A,A,H,-,C,D,0,,,Y,,Y,Y,D,22,1,0,0,0,0,0,0,0,1,"- ","- ",,,"SAN DIEGO","EL CAJON",-116.95868231,32.780395409999997
6822293,2014,2016-06-13,3700,2014-12-10,1932,SH7366,,3,5,4,3707,0,0,0,,0,701,"RT 75","7TH ST",145.00,N,N,A,-,Y,SD,11,75,-,-,10.820,H,-,N,Y,2,0,2,2,A,-,08,22107,,N,D,C,A,A,H,-,C,D,0,,,,,Y,,A,01,1,0,1,0,0,0,0,0,0,"- ","- ",,,"SAN DIEGO","IMPERIAL BEACH",-117.11847369,32.584734640000001
6825543,2015,2015-03-09,3700,2015-01-03,1746,SH7366,,6,5,4,3707,0,0,0,,0,709,"IMPERIAL BEACH BL","9TH ST",0.00,,Y,A,-,N,,,,,,,,,,N,2,0,1,2,A,-,09,21801,A,N,D,C,A,A,H,-,C,A,0,,,Y,,Y,,A,01,1,0,0,0,0,0,0,0,1,"- ","- ",,,"SAN DIEGO","IMPERIAL BEACH",-117.11432005,32.576550050000002
6833705,2015,2015-03-13,3711,2015-02-15,2300,5600,,7,5,7,3711,0,0,0,,0,445,"47TH ST","MARKET ST",0.00,,Y,A,-,N,,,,,,,,,,N,2,0,1,2,A,-,12,21453,A,N,D,G,A,A,H,-,C,A,0,,Y,,,Y,,L,04,1,0,0,0,0,0,1,0,0,"- ","- ",,,"SAN DIEGO","SAN DIEGO",-117.09360004,32.711430069999999
6836771,2015,2016-09-23,9645,2015-02-16,1530,015580,,1,2,7,3711,0,1,1,,2,007,"RT 5","VIA DE LA VALLE",5280.00,N,N,A,-,Y,SD,11,5,-,R,35.270,H,-,N,Y,2,0,1,2,A,-,06,21755,,N,C,C,A,A,H,-,A,D,1,,,Y,,Y,Y,C,02,1,0,0,0,0,0,0,0,1,"- ","- ",32.964289999999998,-117.24718,"SAN DIEGO","SAN DIEGO",-117.24774558,32.966107710000003
6837834,2015,2016-04-07,3710,2015-02-23,1245,OC1408,,1,5,6,3710,0,0,0,,0,026,"VISTA WY","ITALIA WY",531.00,W,N,A,-,N,,,,,,,,,,Y,2,0,1,3,A,-,09,21801,A,N,A,C,A,A,H,-,A,D,0,,,Y,,Y,,A,07,1,0,0,0,0,0,0,0,1,"- ","- ",,,"SAN DIEGO",OCEANSIDE,-117.31512723,33.180696359999999
6840075,2015,2016-10-12,9680,2015-02-21,1325,019519,,6,1,9,3700,0,1,1,,2,083,"RT 8","DUNBAR LN",2112.00,W,N,B,-,Y,SD,11,8,-,R,25.270,H,-,E,Y,2,0,1,1,A,-,08,22107,,N,E,I,A,A,H,-,A,D,1,,,,,Y,,A,07,1,0,0,0,0,0,0,0,0,"- ","- ",32.856909999999999,-116.82629,"SAN DIEGO",UNINCORPORATED,-116.82702553999999,32.856486339999996
6854001,2014,2015-03-23,9645,2014-11-24,2245,19393,,1,3,6,3702,0,1,1,,2,001,"RT 5","J ST",95.00,S,N,A,-,Y,SD,11,5,-,-,7.280,H,-,N,N,1,1,0,2,A,-,11,21954,A,N,G,B,E,A,H,-,C,A,1,Y,,,Y,Y,,N,60,0,0,0,1,0,0,0,0,0,"- ","- ",32.622880000000002,-117.09332000000001,"SAN DIEGO","CHULA VISTA",-117.09291007,32.621868599999999
6854066,2015,2017-04-21,3711,2015-02-18,2247,4576,,3,5,7,3711,0,0,0,,0,615,"NIMITZ BL","LOCUST ST",80.00,W,N,A,-,N,,,,,,,,,,N,1,1,0,1,A,-,08,22107,,N,E,I,A,A,H,-,C,D,0,,,Y,,Y,Y,C,02,0,0,0,0,0,0,0,1,0,"- ","- ",,,"SAN DIEGO","SAN DIEGO",-117.22706218,32.729275979999997
6854077,2015,2017-07-26,3711,2015-02-24,1010,5072,,2,5,7,3711,0,0,0,,0,441,"IMPERIAL AV","MESSINA WY",369.00,E,N,A,-,N,,,,,,,,,,N,1,1,0,2,A,-,09,21804,A,N,D,G,A,A,H,-,A,D,0,,Y,,,Y,,L,04,0,0,0,0,0,1,0,0,0,"- ","- ",,,"SAN DIEGO","SAN DIEGO",-117.10441468,32.704160000000002
6854491,2014,2015-07-02,3705,2014-05-02,1453,EC0279,,5,5,5,3705,0,0,0,,0,007,"MAIN ST","NARANCA AV",792.00,N,N,A,-,N,,,,,,,,,,Y,1,1,0,2,A,-,11,21954,A,N,G,B,D,A,H,-,A,-,0,Y,,,,Y,,N,60,0,0,0,1,0,0,0,0,0,"- ","- ",,,"SAN DIEGO","EL CAJON",-116.92512094999999,32.805317889999998
6854673,2015,2015-07-11,9650,2015-05-12,0600,013636,,2,1,9,3700,0,3,5,,2,070,"VIA DE LA VALLE","VIA DE SANTA FE",289.00,N,N,B,-,N,,,,,,,,,,Y,1,1,0,1,A,-,03,22350,,N,E,I,A,A,H,-,B,D,0,,,,,Y,,A,01,0,0,0,0,0,0,0,0,0,"- ","- ",33.016770000000001,-117.19924,"SAN DIEGO",UNINCORPORATED,-117.19918506,33.016097989999999
6854758,2015,2015-07-16,3711,2015-06-14,1524,4653,,7,5,7,3711,0,0,0,,0,937,"CAMINO DEL SUR","CAMINITO LAZANJA",2112.00,S,N,B,-,N,,,,,,,,,,Y,1,1,0,2,A,-,08,22107,,N,C,G,A,A,H,-,A,D,0,,Y,,,Y,,A,07,0,0,0,0,0,1,0,0,0,"- ","- ",,,"SAN DIEGO","SAN DIEGO",-117.15516,32.979979999999998
6862379,2015,2015-03-27,3702,2015-03-02,2123,CV1079,,1,5,6,3702,0,0,0,,0,012,"H ST","OAKLAWN AV",9.00,W,N,B,-,N,,,,,,,,,,N,2,0,1,2,A,-,03,22350,,N,G,B,D,A,H,-,C,D,0,Y,,,,Y,,A,01,1,0,0,0,1,0,0,0,0,"- ","- ",,,"SAN DIEGO","CHULA VISTA",-117.09266757,32.630062029999998
6864275,2015,2015-04-07,3710,2015-03-03,1829,OC1363,,2,5,6,3710,0,0,0,,0,008,"SOUTH COAST HWY",STANLEY,27.00,N,N,A,-,N,,,,,,,,,,N,2,0,1,2,A,-,11,21954,A,N,G,B,D,A,H,-,C,D,0,Y,,,,Y,,N,60,1,0,0,0,1,0,0,0,0,"- ","- ",,,"SAN DIEGO",OCEANSIDE,-117.37129066999999,33.186020480000003
6879762,2015,2015-04-20,9680,2015-04-03,1850,015733,,5,2,9,3700,0,2,4,,1,093,"VISTA RAMONA RD","OLD JULIAN HWY",3168.00,N,N,A,-,N,,,,,,,,,,N,2,0,1,1,A,-,08,22107,,N,E,I,A,A,H,-,A,D,0,,,Y,,Y,,C,02,1,0,0,0,0,0,0,0,1,"- ","- ",33.034239999999997,-116.82011,"SAN DIEGO",UNINCORPORATED,-116.83011999999999,33.036729999999999
6880518,2015,2015-04-29,3701,2015-03-25,1303,5191,15,3,5,5,3701,0,0,0,,0,004,"MARRON RD","EL CAMINIO REAL",420.00,E,N,A,-,N,,,,,,,,,,Y,2,0,2,2,A,-,09,21804,A,N,D,C,A,A,H,-,A,A,0,,,Y,,Y,,A,01,2,0,0,0,0,0,0,0,1,"- ","- ",33.177770000000002,-117.32501999999999,"SAN DIEGO",CARLSBAD,-117.32530565,33.177790700000003
6904942,2015,2017-04-25,9645,2015-03-02,0055,20515,,1,3,7,3711,0,1,1,,2,009,"RT 805","OCEAN VIEW BL",374.00,S,N,C,-,Y,SD,11,805,-,-,12.020,H,-,N,Y,1,1,0,2,A,-,03,22350,,N,C,C,A,B,H,-,D,D,1,,,,Y,Y,Y,A,01,0,0,0,0,0,0,0,0,0,"- ","- ",32.700229999999998,-117.09459,"SAN DIEGO","SAN DIEGO",-117.09477452,32.699539219999998
6905808,2015,2017-05-09,3706,2015-04-22,0717,ES0380,,3,5,6,3706,0,0,0,,0,044,"EL NORTE PKWY","ROSE ST",340.00,E,N,B,-,N,,,,,,,,,,Y,1,1,0,3,A,-,03,22350,,N,C,C,A,A,H,-,A,D,0,,,Y,Y,Y,,C,02,0,0,0,0,0,0,0,1,0,"- ","- ",,,"SAN DIEGO",ESCONDIDO,-117.06881369,33.148272609999999
6906935,2015,2016-11-18,3703,2015-04-17,1458,1037,,5,5,3,3703,0,0,0,,0,001,"RT 75","N B AV",0.00,,Y,A,-,Y,SD,11,75,-,R,19.849,I,5,N,Y,2,0,1,2,A,-,09,21804,A,N,D,C,A,A,H,-,A,A,0,,,Y,,Y,,A,01,1,0,0,0,0,0,0,0,1,"- ","- ",,,"SAN DIEGO",CORONADO,-117.17255538000001,32.693516119999998