CASE_ID,ACCIDENT_YEAR,PROC_DATE,JURIS,COLLISION_DATE,COLLISION_TIME,OFFICER_ID,REPORTING_DISTRICT,DAY_OF_WEEK,CHP_SHIFT,POPULATION,CNTY_CITY_LOC,SPECIAL_COND,BEAT_TYPE,CHP_BEAT_TYPE,CITY_DIVISION_LAPD,CHP_BEAT_CLASS,BEAT_NUMBER,PRIMARY_RD,SECONDARY_RD,DISTANCE,DIRECTION,INTERSECTION,WEATHER_1,WEATHER_2,STATE_HWY_IND,CALTRANS_COUNTY,CALTRANS_DISTRICT,STATE_ROUTE,ROUTE_SUFFIX,POSTMILE_PREFIX,POSTMILE,LOCATION_TYPE,RAMP_INTERSECTION,SIDE_OF_HWY,TOW_AWAY,COLLISION_SEVERITY,NUMBER_KILLED,NUMBER_INJURED,PARTY_COUNT,PRIMARY_COLL_FACTOR,PCF_CODE_OF_VIOL,PCF_VIOL_CATEGORY,PCF_VIOLATION,PCF_VIOL_SUBSECTION,HIT_AND_RUN,TYPE_OF_COLLISION,MVIW,PED_ACTION,ROAD_SURFACE,ROAD_COND_1,ROAD_COND_2,LIGHTING,CONTROL_DEVICE,CHP_ROAD_TYPE,PEDESTRIAN_ACCIDENT,BICYCLE_ACCIDENT,MOTORCYCLE_ACCIDENT,TRUCK_ACCIDENT,NOT_PRIVATE_PROPERTY,ALCOHOL_INVOLVED,STWD_VEHTYPE_AT_FAULT,CHP_VEHTYPE_AT_FAULT,COUNT_SEVERE_INJ,COUNT_VISIBLE_INJ,COUNT_COMPLAINT_PAIN,COUNT_PED_KILLED,COUNT_PED_INJURED,COUNT_BICYCLIST_KILLED,COUNT_BICYCLIST_INJURED,COUNT_MC_KILLED,COUNT_MC_INJURED,PRIMARY_RAMP,SECONDARY_RAMP,LATITUDE,LONGITUDE,COUNTY,CITY,POINT_X,POINT_Y
91718967,2022,2022-03-09,9650,2022-03-01,1533,021154,,2,2,9,3700,0,3,5,,1,160,"E. VISTA WAY (3100 BLOCK)","HUTCHISON ST.",40.00,N,N,A,-,N,,,,,,,,,,Y,2,0,1,3,A,-,06,21750,,N,B,C,A,A,H,-,A,D,0,,,Y,,Y,,C,02,1,0,0,0,0,0,0,0,1,"- ","- ",33.250808715820312,-117.23062133789062,"SAN DIEGO",UNINCORPORATED,-117.23058319091797,33.250774383544922
91731186,2022,2022-03-24,9680,2022-03-14,1430,021584,,1,2,9,3700,0,1,3,,1,051,"STATE ROUTE 78","STATE ROUTE 79",150.00,W,N,A,-,Y,SD,,78,,,51.070,H,,R,N,2,0,1,2,A,-,05,21460,A,N,D,C,A,A,H,-,A,A,0,,,Y,,Y,,C,02,1,0,0,0,0,0,0,0,1,"- ","- ",33.109001159667969,-116.67456817626953,"SAN DIEGO",UNINCORPORATED,-116.67457580566406,33.109016418457031
91733801,2022,2022-03-25,9645,2022-01-06,0548,016018,,4,3,7,3711,0,1,1,,2,005,"INTERSTATE 5 (I-5) NORTHBOUND","MISSION BAY DRIVE O/C",200.00,N,N,A,-,Y,SD,,5,,R,24.014,H,,R,N,1,1,0,5,A,-,11,21954,A,F,G,B,E,A,H,-,D,D,0,Y,,,,Y,,N,60,0,0,0,1,0,0,0,0,0,"- ","- ",32.813240051269531,-117.22087097167969,"SAN DIEGO","SAN DIEGO",-117.22084045410156,32.813255310058594
91739140,2022,2022-04-01,9645,2022-03-20,1614,020561,,7,2,7,3711,0,1,1,,2,003,"I-5 SOUTHBOUND TO 2ND AVENUE","FRIST AVENUE",20.00,N,N,A,-,Y,,,,,,,,,,Y,2,0,1,1,A,-,03,22350,,N,E,I,A,A,H,-,A,D,0,,,Y,,Y,,C,02,1,0,0,0,0,0,0,0,1,"- ","- ",32.722019195556641,-117.16401672363281,"SAN DIEGO","SAN DIEGO",-117.16401672363281,32.722019195556641
91742655,2022,2022-04-06,9680,2022-01-07,0200,018672,,5,3,9,3700,0,1,3,,1,052,"STATE ROUTE 78","CASNER ROAD",524.00,E,N,A,-,Y,SD,,78,,,43.850,H,,R,N,1,1,0,1,A,-,01,23152,A,N,E,8,A,A,H,-,D,A,0,,,,,Y,Y,A,01,0,0,0,0,0,0,0,0,0,"- ","- ",33.070949554443359,-116.76609802246094,"SAN DIEGO",UNINCORPORATED,-116.76605987548828,33.071044921875
91743710,2022,2022-04-07,9680,2022-03-26,1010,017928,,6,1,9,3700,0,3,5,,2,009,"14TH ST","SR-67 (MAIN ST)",10.00,E,N,A,-,Y,SD,,67,,,23.959,H,,R,N,2,0,1,2,A,-,11,21456,C,N,G,B,B,A,H,-,A,A,0,Y,,,,Y,,N,60,1,0,0,0,1,0,0,0,0,"- ","- ",33.038440704345703,-116.87483215332031,"SAN DIEGO",UNINCORPORATED,-116.87487030029297,33.038497924804688
91749956,2022,2022-04-18,9650,2022-04-05,2030,021404,,2,2,9,3700,0,2,4,,1,027,"LUISENO RD","VALLEY CENTER RD",0.00,,Y,A,-,N,,,,,,,,,,Y,2,0,5,2,A,-,09,21804,A,N,D,C,A,A,H,-,D,A,0,,,,,Y,,A,07,2,2,1,0,0,0,0,0,0,"- ","- ",33.252948760986328,-116.96209716796875,"SAN DIEGO",UNINCORPORATED,-116.96208953857422,33.252956390380859
91754401,2022,2022-04-22,9645,2022-03-13,0307,021268,,7,3,7,3711,0,1,1,,2,021,"STATE ROUTE 15 (SR-15) NORTHBOUND",I-805,2640.00,N,N,A,-,Y,SD,,15,,M,3.946,H,,R,Y,2,0,1,2,C,-,18,,,N,C,C,A,A,H,-,C,D,0,,,,,Y,,-,"- ",1,0,0,0,0,0,0,0,0,"- ","- ",32.740299224853516,-117.11299896240234,"SAN DIEGO","SAN DIEGO",-117.11301422119141,32.740303039550781
91754821,2022,2022-04-22,9680,2022-04-12,1735,022030,,2,2,9,3700,0,2,4,,1,029,"CAMPO ROAD","N BONITA STREET",6.00,W,N,A,-,N,,,,,,,,,,N,2,0,1,2,A,-,10,21950,A,N,G,B,B,A,H,-,A,A,0,Y,,,,Y,,D,22,1,0,0,0,1,0,0,0,0,"- ","- ",32.747989654541016,-116.98345184326172,"SAN DIEGO",UNINCORPORATED,-116.98342895507812,32.747959136962891
91761991,2022,2022-05-02,9645,2022-04-02,0407,021470,,6,3,7,3711,0,1,1,,2,001,"INTERSTATE 5 NORTHBOUND","H STREET",25.00,N,N,A,-,Y,SD,,5,,,7.845,H,,R,Y,2,0,1,2,A,-,01,23152,A,N,C,C,A,A,H,-,C,D,0,,,Y,,Y,Y,A,07,1,0,0,0,0,0,0,0,1,"- ","- ",32.629680633544922,-117.095947265625,"SAN DIEGO","SAN DIEGO",-117.095947265625,32.629680633544922
91763736,2022,2022-05-03,9645,2022-02-18,1800,020479,,5,2,7,3711,0,1,1,,2,011,"I-805 S/B",I-8,2990.00,S,N,A,-,Y,SD,,805,,,17.191,H,,L,N,2,0,1,3,A,-,08,22107,,F,B,C,A,A,H,-,C,D,0,,,Y,,Y,,-,99,1,0,0,0,0,0,0,0,1,"- ","- ",32.765869140625,-117.12869262695312,"SAN DIEGO","SAN DIEGO",-117.12864685058594,32.765884399414062
91775950,2022,2022-05-19,9680,2022-05-08,1205,020116,,7,1,9,3700,0,1,3,,1,041,SR-188,SR-94,900.00,S,N,A,-,Y,SD,,188,,,1.605,H,,R,N,2,0,1,1,A,-,03,22350,,N,F,A,A,A,H,-,A,D,0,,,Y,,Y,,C,02,1,0,0,0,0,0,0,0,1,"- ","- ",32.59552001953125,-116.64163970947266,"SAN DIEGO",UNINCORPORATED,-116.64156341552734,32.595500946044922
91783291,2022,2022-05-27,9645,2022-05-25,1329,020180,,3,1,7,3711,0,1,1,,2,005,"I-5 N/B","SEA WORLD DR",1465.00,S,N,A,-,Y,SD,,5,,R,20.543,H,,R,N,2,0,2,3,A,-,03,22350,,N,C,C,A,A,H,-,A,D,0,,,,,Y,,A,07,1,0,1,0,0,0,0,0,0,"- ","- ",32.765960693359375,-117.20545959472656,"SAN DIEGO","SAN DIEGO",-117.20548248291016,32.765956878662109
91785285,2022,2022-05-31,9680,2022-05-18,1210,021501,,3,1,9,3700,0,1,3,,1,052,SR-78,"RIVERWOOD ROAD",1056.00,E,N,A,-,Y,SD,,78,,,52.958,H,,R,Y,2,0,1,1,A,-,03,22350,,N,E,I,A,A,H,-,A,A,0,,,Y,,Y,,C,02,1,0,0,0,0,0,0,0,1,"- ","- ",33.107219696044922,-116.65853881835938,"SAN DIEGO",UNINCORPORATED,-116.65855407714844,33.107234954833984
91787849,2022,2022-06-03,9645,2022-04-25,0637,015676,,1,1,7,3711,0,1,3,,2,023,"STATE ROUTE 163 NORTHBOUND","GENESEE AVENUE",3168.00,S,N,A,-,Y,SD,,163,,,5.155,H,,R,Y,1,1,0,2,A,-,03,22350,,N,C,C,A,A,H,-,A,D,0,,,,Y,Y,,A,01,0,0,0,0,0,0,0,0,0,"- ","- ",32.782588958740234,-117.16204833984375,"SAN DIEGO","SAN DIEGO",-117.16226959228516,32.782646179199219
91795171,2022,2022-06-14,9650,2022-06-03,1634,021338,,5,2,5,3713,0,1,3,,2,017,"SR-78 E/B","SYCAMORE AVE",1584.00,W,N,A,-,Y,SD,,78,,,8.781,H,,R,Y,2,0,3,2,A,-,03,22350,,N,C,C,A,A,H,-,A,D,0,,,,,Y,,A,07,1,2,0,0,0,0,0,0,0,"- ","- ",33.169540405273438,-117.21894836425781,"SAN DIEGO",VISTA,-117.21897888183594,33.169471740722656
91796586,2022,2022-06-16,9680,2022-02-05,1820,022657,,6,2,9,3700,0,1,3,,1,024,"STATE ROUTE 94","HONEY SPRINGS ROAD",36.00,W,N,A,-,Y,SD,,94,,,24.555,H,,R,Y,1,1,1,2,A,-,16,24002,A,N,E,J,A,A,H,-,D,A,0,,,,,Y,,E,22,1,0,0,0,0,0,0,0,0,"- ","- ",32.66986083984375,-116.82534027099609,"SAN DIEGO",UNINCORPORATED,-116.82530975341797,32.669879913330078
91797098,2022,2022-06-17,9650,2022-06-05,1945,021338,,7,2,5,3713,0,1,3,,2,017,"SR-78 W/B","MAR VISTA DR",1267.00,W,N,A,-,Y,,,,,,,,,,Y,2,0,1,1,A,-,07,21658,A,N,F,A,A,A,H,-,A,D,0,,,Y,,Y,,C,02,1,0,0,0,0,0,0,0,1,"- ","- ",,,"SAN DIEGO",VISTA,-117.23225402832031,33.184070587158203
91799986,2022,2022-06-21,9680,2022-06-09,1130,021944,,4,1,9,3700,0,1,1,,2,083,"I-8 E/B","TAVERN RD",3168.00,W,N,A,-,Y,SD,,8,,R,27.847,H,,R,Y,2,0,1,1,A,-,08,22107,,N,F,A,A,A,H,-,A,D,0,,,,,Y,,A,01,1,0,0,0,0,0,0,0,0,"- ","- ",32.8402099609375,-116.78993988037109,"SAN DIEGO",UNINCORPORATED,-116.78990936279297,32.840263366699219
91802125,2022,2022-06-23,9650,2022-06-17,1136,016490,,5,1,9,3700,0,1,1,,2,003,"I-5 S/B","SOUTHBOUND ALISO CREEK REST AREA",3168.00,S,N,A,-,Y,SD,,5,,R,59.165,H,,L,Y,2,0,1,2,A,-,03,22350,,N,C,C,A,A,H,-,A,D,0,,,,,Y,,A,01,1,0,0,0,0,0,0,0,0,"- ","- ",33.265769958496094,-117.43345642089844,"SAN DIEGO",UNINCORPORATED,-117.43350982666016,33.265720367431641
91802222,2022,2022-06-23,9680,2022-06-11,1820,022554,,6,2,9,3700,0,1,3,,1,091,SR-78,"SALMON RD",535.00,W,N,A,-,Y,SD,,78,,,37.629,H,,R,Y,2,0,1,1,A,-,08,22107,,N,F,A,A,A,H,-,A,A,0,,,Y,,Y,,C,02,1,0,0,0,0,0,0,0,1,"- ","- ",33.049140930175781,-116.83698272705078,"SAN DIEGO",UNINCORPORATED,-116.83696746826172,33.049175262451172
91803880,2022,2022-06-27,9645,2022-01-10,2217,018987,,1,3,7,3711,0,1,1,,2,007,"INTERSTATE 5 (I-5) NORTHBOUND","CARMEL MOUNTAIN ROAD",3062.00,S,N,A,-,Y,SD,,5,,R,31.238,H,,R,Y,1,1,0,2,A,-,11,21954,A,N,C,B,E,A,H,-,C,D,0,Y,,,,Y,,N,60,0,0,0,1,0,0,0,0,0,"- ","- ",32.911449432373047,-117.22808074951172,"SAN DIEGO","SAN DIEGO",-117.22812652587891,32.911426544189453
91804961,2022,2022-07-08,9650,2022-06-21,1755,020966,,2,2,5,3713,0,1,3,,2,017,"SR-78 E/B","VISTA VILLAGE DR",400.00,E,N,A,-,Y,SD,,78,,,6.293,H,,R,Y,2,0,2,1,A,-,01,23152,A,N,E,I,A,A,H,-,C,D,0,,,,,Y,Y,A,01,1,1,0,0,0,0,0,0,0,"- ","- ",33.194450378417969,-117.24867248535156,"SAN DIEGO",VISTA,-117.24870300292969,33.194389343261719
91805115,2022,2022-06-28,9645,2022-06-24,0610,016474,,5,1,9,3700,0,3,5,,2,024,"4S RANCH PARKWAY S (16800 BLOCK)","CRAFTSMAN WAY",60.00,S,N,A,-,N,,,,,,,,,,Y,2,0,1,1,A,-,03,22350,,N,F,A,A,B,H,-,B,A,0,,,Y,,Y,,C,02,1,0,0,0,0,0,0,0,1,"- ","- ",33.019649505615234,-117.11512756347656,"SAN DIEGO",UNINCORPORATED,-117.11478424072266,33.019554138183594
91806667,2022,2022-06-30,9650,2022-06-21,0744,015600,,2,1,9,3700,0,1,3,,1,028,SR-76,"PAUMA VALLEY DR",399.00,W,N,D,-,Y,SD,,76,,,31.219,H,,R,Y,2,0,2,2,A,-,05,21460,A,N,B,C,A,A,H,-,A,D,0,,,,,Y,,A,07,1,1,0,0,0,0,0,0,0,"- ","- ",33.303581237792969,-116.9788818359375,"SAN DIEGO",UNINCORPORATED,-116.97872924804688,33.303688049316406
9180915,2020,2020-12-11,3700,2020-10-13,1959,SH3183,,2,5,5,3713,0,0,0,,0,305,"NORTH MELROSE DR","N MELROSE DR 1401",333.00,N,N,A,-,N,,,,,,,,,,N,2,0,1,2,A,-,01,23152,A,F,C,C,A,A,H,-,A,A,0,,,,,Y,Y,A,07,1,0,0,0,0,0,0,0,0,"- ","- ",,,"SAN DIEGO",VISTA,,
91809624,2022,2022-07-04,9650,2022-06-28,0210,018406,,2,3,9,3700,0,1,1,,2,003,"I-5 N/B","COCKLEBURR RD.",4915.00,S,N,A,-,Y,SD,,5,,R,57.205,H,,R,Y,2,0,1,1,A,-,01,23152,A,N,E,I,A,A,H,-,D,D,0,,,,,Y,Y,D,22,1,0,0,0,0,0,0,0,0,"- ","- ",33.241981506347656,-117.41500854492188,"SAN DIEGO",UNINCORPORATED,-117.41510772705078,33.241912841796875
91811535,2022,2022-07-06,9650,2022-06-30,1300,019346,,4,1,6,3706,0,1,3,,2,019,"SR-78 W/B TO I-15 S/B",I-15,50.00,W,N,A,-,Y,,,,,,,,,,Y,2,0,1,1,A,-,03,22350,,N,F,A,A,A,H,-,A,D,0,,,Y,,Y,,C,02,1,0,0,0,0,0,0,0,1,"- ","- ",33.127571105957031,-117.10640716552734,"SAN DIEGO",ESCONDIDO,-117.10640716552734,33.127571105957031
91811958,2022,2022-07-07,9645,2022-06-29,0132,018987,,3,3,7,3711,0,1,1,,2,009,"I-5 SOUTHBOUND","CARMEL VALLEY RD",520.00,N,N,A,-,Y,,,,,,,,,,Y,2,0,1,1,A,-,01,23152,F,N,E,I,A,A,H,-,C,D,0,,,,,Y,,D,22,1,0,0,0,0,0,0,0,0,"- ","- ",33.933979034423828,-117.24159240722656,"SAN DIEGO","SAN DIEGO",-117.24147796630859,32.933750152587891
91812819,2022,2022-08-16,9650,2022-06-26,0005,021992,,7,3,9,3700,0,3,5,,1,212,"VESPER ROAD","ALMONA WAY",528.00,W,N,A,-,N,,,,,,,,,,Y,2,0,2,1,A,-,01,23152,A,N,E,I,A,A,H,-,D,D,0,,,,,Y,Y,D,22,2,0,0,0,0,0,0,0,0,"- ","- ",33.235378265380859,-117.00684356689453,"SAN DIEGO",UNINCORPORATED,-117.00673675537109,33.235374450683594
91815190,2022,2022-07-12,9680,2022-07-01,1710,019555,,5,2,9,3700,0,3,5,,2,001,"EL NOPAL","MOUNTAIN VIEW LANE",20.00,W,N,A,-,N,,,,,,,,,,Y,2,0,1,2,A,-,06,21750,A,N,D,C,A,A,H,-,A,D,0,,,Y,,Y,,-,"- ",1,0,0,0,0,0,0,0,1,"- ","- ",32.863559722900391,-116.95655059814453,"SAN DIEGO",UNINCORPORATED,-116.95653533935547,32.863548278808594
91824467,2022,2022-07-25,9645,2022-07-19,2248,021097,,2,3,7,3711,0,1,3,,2,023,"SR-163 S/B",I-805,330.00,S,N,A,-,Y,SD,,163,,,6.964,H,,L,Y,2,0,1,1,A,-,08,22107,,N,F,A,A,A,H,-,C,D,0,,,Y,,Y,,C,02,1,0,0,0,0,0,0,0,1,"- ","- ",32.807880401611328,-117.15332794189453,"SAN DIEGO","SAN DIEGO",-117.15331268310547,32.807876586914062
91825426,2022,2022-10-10,9650,2022-07-23,1530,021404,,6,2,9,3700,0,1,3,,1,028,SR-76,"RICE CANYON RD",200.00,W,N,A,-,Y,SD,,76,,,19.372,H,,R,Y,1,1,0,1,A,-,08,22107,,N,E,I,A,A,H,-,A,D,0,,,Y,,Y,,C,02,0,0,0,0,0,0,0,1,0,"- ","- ",33.342620849609375,-117.13303375244141,"SAN DIEGO",UNINCORPORATED,-117.13300323486328,33.342624664306641
91826361,2022,2022-07-27,9645,2022-07-25,0630,022884,,1,1,7,3711,0,1,1,,2,003,"I-5 SOUTHBOUND","PARK BOULEVARD",700.00,N,N,A,-,Y,SD,,5,,R,15.981,H,,L,Y,2,0,1,1,A,-,03,22350,,N,F,A,A,A,H,-,A,D,0,,,Y,,Y,,C,02,1,0,0,0,0,0,0,0,1,"- ","- ",32.724250793457031,-117.15396118164062,"SAN DIEGO","SAN DIEGO",-117.15394592285156,32.724155426025391
91832283,2022,2022-08-03,9680,2022-07-24,1255,021584,,7,1,9,3700,0,1,3,,1,051,"STATE ROUTE 79","LOOKOUT ROAD",2640.00,S,N,A,-,Y,SD,,79,,,8.622,H,,R,Y,2,0,1,1,A,-,08,22107,,N,E,I,A,A,H,-,A,A,0,,,Y,,Y,,C,02,1,0,0,0,0,0,0,0,1,"- ","- ",32.952030181884766,-116.57692718505859,"SAN DIEGO",UNINCORPORATED,-116.57691192626953,32.952041625976562
91832515,2022,2022-08-03,9645,2022-03-20,0055,021200,,7,3,7,3711,0,1,1,,2,010,"I-8 EASTBOUND","SPORTS ARENA BOULEVARD",500.00,E,N,C,-,Y,SD,,8,,L,1.382,H,,R,N,2,0,1,2,A,-,03,22350,,N,E,J,A,B,H,-,D,D,0,,,,,Y,,D,22,1,0,0,0,0,0,0,0,0,"- ","- ",32.756919860839844,-117.22075653076172,"SAN DIEGO","SAN DIEGO",-117.22076416015625,32.756954193115234
91833255,2022,2022-08-04,9650,2022-07-25,0616,015446,,1,1,6,3706,0,1,1,,2,023,"I-15 SOUTHBOUND FROM VIA RANCHO PARKWAY","VIA RANCHO PARKWAY",574.00,S,N,A,-,Y,,,,,,,,,,Y,2,0,4,2,A,-,03,22350,,N,D,C,A,A,H,-,A,D,0,,,,,Y,,A,01,1,3,0,0,0,0,0,0,0,"- ","- ",33.068321228027344,-117.07054138183594,"SAN DIEGO",ESCONDIDO,-117.07054138183594,33.068321228027344
91833354,2022,2022-08-04,9645,2022-04-17,0535,016156,,7,3,7,3711,0,1,1,,2,017,"INTERSTATE 15 NORTHBOUND","CARROLL CANYON ROAD",190.00,S,N,B,-,Y,SD,,15,,M,14.956,H,,R,N,1,1,0,2,A,-,11,21954,A,N,G,B,E,A,H,-,D,D,0,Y,,,Y,Y,,N,60,0,0,0,1,0,0,0,0,0,"- ","- ",32.902820587158203,-117.11604309082031,"SAN DIEGO","SAN DIEGO",-117.11619567871094,32.902816772460938
91839768,2022,2022-08-15,9650,2022-07-12,1630,018496,,2,2,9,3700,0,1,1,,2,021,"I-15 N/B","GOPHER CANYON ROAD",996.00,S,N,A,-,Y,SD,,15,,R,40.663,H,,R,Y,2,0,1,2,A,-,08,22107,,M,C,C,A,A,H,-,A,D,0,,,Y,,Y,,A,07,1,0,0,0,0,0,0,0,1,"- ","- ",33.250179290771484,-117.154541015625,"SAN DIEGO",UNINCORPORATED,-117.15448760986328,33.250198364257812
91845485,2022,2022-10-17,9645,2022-06-01,2011,017667,,3,2,7,3711,0,1,1,,2,021,"SR-15 S/B","ADAMS AVE.",976.00,N,N,A,-,Y,SD,,15,,M,5.793,H,,L,Y,2,0,2,2,A,-,07,21658,A,N,C,C,A,A,H,-,C,D,0,,,,,Y,,-,"- ",1,0,1,0,0,0,0,0,0,"- ","- ",32.765998840332031,-117.11023712158203,"SAN DIEGO","SAN DIEGO",-117.11041259765625,32.765933990478516
91853689,2022,2022-08-30,9650,2022-08-24,1805,018496,,3,2,6,3706,0,1,1,,2,023,"I-15 S/B","VALLEY PARKWAY",400.00,N,N,A,-,Y,SD,,15,,R,30.733,H,,L,Y,2,0,1,2,A,-,03,22350,,N,C,C,A,A,H,-,A,D,0,,,,,Y,,A,07,1,0,0,0,0,0,0,0,0,"- ","- ",33.116508483886719,-117.09986114501953,"SAN DIEGO",ESCONDIDO,-117.099853515625,33.116512298583984
91854362,2022,2022-08-31,9680,2022-08-20,1223,021077,,6,1,9,3700,0,2,4,,1,026,"BANCROFT DR","LAMAR STREET",452.00,N,N,A,-,N,,,,,,,,,,N,2,0,1,2,A,-,11,21954,A,N,G,B,D,A,H,-,A,D,0,Y,,,,Y,,N,60,1,0,0,0,1,0,0,0,0,"- ","- ",32.740371704101562,-117.00567626953125,"SAN DIEGO",UNINCORPORATED,-117.00572204589844,32.73992919921875
9185783,2020,2021-02-05,3711,2020-11-07,2247,SD6967,,6,5,7,3711,0,0,0,,0,312,"TIERRASANTA BL","ESPLENDENTE BL",4.00,E,N,A,-,N,,,,,,,,,,N,2,0,1,2,A,-,11,21456,B,F,G,B,B,B,H,-,C,A,0,Y,,,,Y,,N,60,1,0,0,0,1,0,0,0,0,"- ","- ",,,"SAN DIEGO","SAN DIEGO",-117.10110473632812,32.823036193847656
91865380,2022,2022-09-15,9650,2022-09-07,1340,018386,,3,1,9,3700,0,3,5,,2,070,"RANCHO DIEGUENO RD","CALLE DIEGUENO",115.00,W,N,A,-,N,,,,,,,,,,Y,2,0,2,1,A,-,08,22107,,N,E,I,A,A,H,-,A,D,0,,,,,Y,,D,22,1,0,1,0,0,0,0,0,0,"- ","- ",32.982101440429688,-117.18920135498047,"SAN DIEGO",UNINCORPORATED,-117.1888427734375,32.982757568359375
91870908,2022,2022-09-22,9645,2022-09-12,1508,019241,,1,2,7,3711,0,1,1,,2,001,"I-5 NORTHBOUND","CIVIC CENTER DRIVE UNDER CROSSING",23.00,N,N,A,-,Y,SD,,5,,R,10.625,H,,R,Y,2,0,1,1,A,-,03,22350,,N,F,I,A,A,H,-,A,D,0,,,Y,,Y,,C,02,1,0,0,0,0,0,0,0,1,"- ","- ",32.667881011962891,-117.11090087890625,"SAN DIEGO","SAN DIEGO",-117.11101531982422,32.667850494384766
91871371,2022,2022-09-22,9650,2022-09-09,2110,022588,,5,2,9,3700,0,2,4,,2,061,"EAST MISSION RD","FALLEN LEAF LN",170.00,E,N,C,-,N,,,,,,,,,,Y,2,0,2,2,A,-,08,22107,,N,A,C,A,B,H,-,D,D,0,,,,,Y,,A,01,1,0,1,0,0,0,0,0,0,"- ","- ",33.391590118408203,-117.21675109863281,"SAN DIEGO",UNINCORPORATED,-117.21677398681641,33.391574859619141
9187304,2020,2021-02-04,3709,2020-11-08,1857,NC0512,,7,5,5,3709,0,0,0,,0,023,"SWEETWATER RD","TOWN AND COUNTRY",212.00,E,N,B,-,N,,,,,,,,,,Y,2,0,1,2,A,-,11,21954,A,N,G,B,D,A,H,-,C,D,0,Y,,,,Y,,N,60,1,0,0,0,1,0,0,0,0,"- ","- ",,,"SAN DIEGO","NATIONAL CITY",-117.07985687255859,32.661430358886719
91885025,2022,2022-10-07,9650,2022-10-04,2322,014532,,2,3,6,3710,0,1,3,,2,015,"STATE ROUTE 78","JEFFERSON STREET",2640.00,W,N,A,-,Y,,,,,,,,,,Y,2,0,1,1,A,-,01,23152,A,N,E,I,A,A,H,-,C,D,0,,,,,Y,Y,A,01,1,0,0,0,0,0,0,0,0,"- ","- ",33.190971374511719,-117.25846099853516,"SAN DIEGO",OCEANSIDE,-117.34066772460938,33.181228637695312
91892053,2022,2022-10-17,9650,2022-10-04,1722,022911,,2,2,9,3700,0,2,4,,1,027,"VALLEY CENTER RD","VALLEY CIR RD",124.00,N,N,B,-,N,,,,,,,,,,Y,2,0,1,2,A,-,08,22107,,N,A,C,A,A,H,-,A,D,0,,,,,Y,,D,22,1,0,0,0,0,0,0,0,0,"- ","- ",33.285999298095703,-116.95613098144531,"SAN DIEGO",UNINCORPORATED,-117.03037261962891,33.160778045654297
91906878,2022,2022-11-01,9680,2022-06-17,2012,017460,,5,2,9,3700,0,1,1,,2,086,"INTERSTATE 8 WESTBOUND","IN-KO-PAH PARK RD U/C",1950.00,W,N,A,-,Y,SD,,8,,R,77.210,H,,L,Y,1,1,0,2,A,-,00,29154,A,N,G,B,D,A,H,-,B,D,0,Y,,,,Y,,N,60,0,0,0,1,0,0,0,0,0,"- ","- ",32.638320922851562,-116.11078643798828,"SAN DIEGO",UNINCORPORATED,-116.11077880859375,32.6383056640625
91918203,2022,2024-03-26,9680,2022-11-02,1402,018672,,3,2,9,3700,0,3,5,,2,005,"PORTER LANE","STATE ROUTE 78",12.00,S,N,A,-,N,,,,,,,,,,N,2,0,1,2,A,-,01,23152,A,N,A,G,A,A,H,-,A,A,0,,Y,,,Y,Y,A,01,1,0,0,0,0,0,1,0,0,"- ","- ",33.076591491699219,-116.59986877441406,"SAN DIEGO",UNINCORPORATED,-116.59984588623047,33.076686859130859
91918227,2022,2022-11-15,9650,2022-10-09,2020,021935,,7,2,9,3700,0,3,5,,2,213,"OLD HIGHWAY 395","RAINBOW VALLEY BLVD",3274.00,S,N,A,-,N,,,,,,,,,,N,2,0,3,2,A,-,05,21460,A,F,A,C,A,A,H,-,D,D,0,,,,,Y,,A,01,1,0,2,0,0,0,0,0,0,"- ","- ",33.423240661621094,-117.15167236328125,"SAN DIEGO",UNINCORPORATED,-117.15166473388672,33.423583984375
91921457,2022,2022-11-18,9650,2022-10-27,0143,014532,,4,3,9,3700,0,3,5,,2,070,"RANCHO DIEGUENO ROAD","ALYDAR CORTE",357.00,N,N,A,-,N,,,,,,,,,,Y,1,1,1,1,A,-,08,22107,,N,E,I,A,A,H,-,D,D,0,,,,,Y,,A,01,0,1,0,0,0,0,0,0,0,"- ","- ",32.9876708984375,-117.19243621826172,"SAN DIEGO",UNINCORPORATED,-117.19245910644531,32.987728118896484