CASE_ID,ACCIDENT_YEAR,PROC_DATE,JURIS,COLLISION_DATE,COLLISION_TIME,OFFICER_ID,REPORTING_DISTRICT,DAY_OF_WEEK,CHP_SHIFT,POPULATION,CNTY_CITY_LOC,SPECIAL_COND,BEAT_TYPE,CHP_BEAT_TYPE,CITY_DIVISION_LAPD,CHP_BEAT_CLASS,BEAT_NUMBER,PRIMARY_RD,SECONDARY_RD,DISTANCE,DIRECTION,INTERSECTION,WEATHER_1,WEATHER_2,STATE_HWY_IND,CALTRANS_COUNTY,CALTRANS_DISTRICT,STATE_ROUTE,ROUTE_SUFFIX,POSTMILE_PREFIX,POSTMILE,LOCATION_TYPE,RAMP_INTERSECTION,SIDE_OF_HWY,TOW_AWAY,COLLISION_SEVERITY,NUMBER_KILLED,NUMBER_INJURED,PARTY_COUNT,PRIMARY_COLL_FACTOR,PCF_CODE_OF_VIOL,PCF_VIOL_CATEGORY,PCF_VIOLATION,PCF_VIOL_SUBSECTION,HIT_AND_RUN,TYPE_OF_COLLISION,MVIW,PED_ACTION,ROAD_SURFACE,ROAD_COND_1,ROAD_COND_2,LIGHTING,CONTROL_DEVICE,CHP_ROAD_TYPE,PEDESTRIAN_ACCIDENT,BICYCLE_ACCIDENT,MOTORCYCLE_ACCIDENT,TRUCK_ACCIDENT,NOT_PRIVATE_PROPERTY,ALCOHOL_INVOLVED,STWD_VEHTYPE_AT_FAULT,CHP_VEHTYPE_AT_FAULT,COUNT_SEVERE_INJ,COUNT_VISIBLE_INJ,COUNT_COMPLAINT_PAIN,COUNT_PED_KILLED,COUNT_PED_INJURED,COUNT_BICYCLIST_KILLED,COUNT_BICYCLIST_INJURED,COUNT_MC_KILLED,COUNT_MC_INJURED,PRIMARY_RAMP,SECONDARY_RAMP,LATITUDE,LONGITUDE,COUNTY,CITY,POINT_X,POINT_Y
90897912,2018,2019-01-14,9645,2018-12-25,1120,017667,,2,1,7,3711,0,1,1,,2,011,"I-805 S/B",SR-15,300.00,S,N,B,C,Y,,,805,,,,,,S,Y,1,1,1,1,A,-,03,22350,,N,E,I,A,B,H,-,A,D,0,,,,,Y,,A,01,0,1,0,0,0,0,0,0,0,"- ","- ",32.731521606445312,-117.11092376708984,"SAN DIEGO","SAN DIEGO",-117.11093902587891,32.731487274169922
90898556,2018,2019-01-07,9645,2018-12-16,0218,018652,,7,3,7,3711,0,1,1,,2,010,"I-8 E/B","TEXAS ST.",641.00,W,N,A,-,Y,,,,,,,,,,Y,2,0,1,1,A,-,01,23152,G,N,F,A,A,A,H,-,D,D,0,,,,,Y,Y,A,07,1,0,0,0,0,0,0,0,0,"- ","- ",32.678398132324219,-117.1405029296875,"SAN DIEGO","SAN DIEGO",,
90898607,2018,2019-01-07,9645,2018-07-13,0332,020992,,5,3,7,3711,0,1,3,,1,004,"SR-75 NORTHBOUND","GLORIETTA BOULEVARD",6864.00,N,N,A,-,Y,,,,,,,,,,Y,2,0,1,1,A,-,08,22107,,N,E,I,A,A,H,-,C,D,0,,,,,Y,,A,01,1,0,0,0,0,0,0,0,0,"- ","- ",,,"SAN DIEGO","SAN DIEGO",,
90901214,2018,2019-01-09,9680,2018-08-10,1730,021441,,5,2,5,3705,0,1,1,,2,082,"INTERSTATE 8 EASTBOUND","WEST MAIN STREET",1300.00,E,N,A,-,Y,,,8,,,,,,E,Y,1,1,0,3,A,-,07,21658,A,F,E,I,A,A,H,-,A,D,0,,,,Y,Y,,A,01,0,0,0,0,0,0,0,0,0,"- ","- ",32.798530578613281,-116.97654724121094,"SAN DIEGO","EL CAJON",-116.9764404296875,32.798492431640625
90906536,2019,2019-01-17,9650,2019-01-11,1450,021933,,5,2,9,3700,0,3,5,,2,213,"SOUTH GRADE RD",SR-76,10560.00,N,N,A,-,N,,,,,,,,,,Y,2,0,2,2,A,-,08,22107,,N,A,C,A,A,H,-,A,D,0,,,Y,,Y,,C,02,1,1,0,0,0,0,0,0,1,"- ","- ",33.305770874023438,-116.8701171875,"SAN DIEGO",UNINCORPORATED,-116.88627624511719,33.300407409667969
90916756,2019,2019-01-31,9650,2019-01-19,0245,018406,,6,3,5,3782,0,1,1,,2,007,"I-5 N/B","MANCHESTER AVE",420.00,N,N,A,-,Y,,,5,,,,,,N,Y,2,0,5,2,A,-,07,21658,A,N,C,E,A,A,H,-,D,D,0,,,,,Y,,A,01,3,2,0,0,0,0,0,0,0,"- ","- ",33.011390686035156,-117.26548767089844,"SAN DIEGO",ENCINITAS,-117.26555633544922,33.011310577392578
90919726,2018,2019-02-07,9680,2018-11-29,1630,016102,Campo,4,2,9,3700,0,1,1,,2,086,"INTERSTATE 8 WESTBOUND","CANEBRAKE ROAD",200.00,W,N,B,C,Y,,,8,,,,,,W,Y,1,3,8,1,A,-,08,22107,,N,E,I,A,B,H,-,A,D,0,,,,,Y,,D,22,5,3,0,0,0,0,0,0,0,"- ","- ",32.700820922851562,-116.32569122314453,"SAN DIEGO",UNINCORPORATED,-116.32568359375,32.700862884521484
90919818,2019,2019-02-05,9645,2019-01-25,1355,021263,,5,1,7,3711,0,1,1,,2,010,"INTERSTATE 8 EASTBOUND","INTERSTATE 15",500.00,E,N,A,-,Y,,,8,,,,,,E,Y,2,0,1,1,A,-,08,22107,,N,E,I,A,A,H,-,A,D,0,,,,,Y,,A,07,1,0,0,0,0,0,0,0,0,"- ","- ",32.778560638427734,-117.11004638671875,"SAN DIEGO","SAN DIEGO",-117.11004638671875,32.778545379638672
90919972,2019,2019-02-06,9680,2019-01-26,2135,020401,,6,2,9,3700,0,3,5,,2,001,"OLD HWY 80","DUNBAR LN",244.00,W,N,A,-,N,,,,,,,,,,Y,2,0,1,1,A,-,01,23152,A,N,E,I,A,A,H,-,D,D,0,,,Y,,Y,Y,C,02,1,0,0,0,0,0,0,0,1,"- ","- ",32.857830047607422,-116.8201904296875,"SAN DIEGO",UNINCORPORATED,-116.82017517089844,32.857887268066406
90926721,2019,2019-02-14,9650,2019-02-14,0755,013636,,4,1,9,3700,0,1,1,,2,003,"I-5 N/B","COCKLEBURR O/C",1056.00,S,N,B,C,Y,,,5,,,,,,N,Y,2,0,1,1,A,-,03,22350,,N,F,A,A,B,H,-,A,D,0,,,,,Y,,A,07,1,0,0,0,0,0,0,0,0,"- ","- ",33.250141143798828,-117.41995239257812,"SAN DIEGO",UNINCORPORATED,-117.42002105712891,33.250083923339844
90927733,2019,2019-02-18,9650,2019-02-02,2248,020343,,6,3,6,3710,0,1,3,,2,015,"SR-78 E/B","COLLEGE BLVD",1030.00,E,N,B,C,Y,,,78,,,,,,E,Y,2,0,1,2,A,-,08,22107,,N,B,C,A,B,H,-,C,D,0,,,,,Y,Y,-,"- ",1,0,0,0,0,0,0,0,0,"- ","- ",33.183158874511719,-117.29438018798828,"SAN DIEGO",OCEANSIDE,-117.29438018798828,33.183200836181641
90930972,2019,2020-01-22,9680,2019-02-10,0438,019936,,7,3,9,3700,0,2,4,,1,021,"DEHESA RD","SYCUAN SUMMIT DR",1584.00,E,N,A,-,N,,,,,,,,,,Y,2,0,5,2,A,-,05,21460,A,F,A,C,A,A,H,-,D,D,0,,,,,Y,,A,01,2,0,3,0,0,0,0,0,0,"- ","- ",32.779079437255859,-116.86843109130859,"SAN DIEGO",UNINCORPORATED,-116.86940765380859,32.779170989990234
90932179,2018,2019-02-22,9645,2018-11-11,0105,021697,,7,3,7,3711,0,1,3,,2,012,"SR-52 W/B TO LA JOLLA PARKWAY","I-5 U/C",258.00,E,N,A,-,Y,,,52,,,,R,,W,Y,1,1,0,1,A,-,01,23152,A,N,E,I,A,A,H,-,D,D,0,,,Y,,Y,Y,C,02,0,0,0,0,0,0,0,1,0,"- ","- ",32.838180541992188,-117.23374176025391,"SAN DIEGO","SAN DIEGO",-117.23374176025391,32.838180541992188
90933220,2019,2019-02-25,9650,2019-02-22,0749,020673,,5,1,6,3706,0,1,1,,2,023,"I-15 SOUTHBOUND","VIA RANCHO PKWY.",450.00,N,N,A,-,Y,,,15,,,,,,S,Y,2,0,1,1,A,-,03,22350,,N,F,A,A,A,H,-,A,D,0,,,Y,,Y,,C,02,1,0,0,0,0,0,0,0,1,"- ","- ",33.070720672607422,-117.06976318359375,"SAN DIEGO",ESCONDIDO,-117.06977081298828,33.070716857910156
90942461,2018,2019-11-13,9645,2018-07-07,0725,016047,,6,1,7,3711,0,1,1,,2,011,"I-805 NORTHBOUND","RALENE STREET",341.00,S,N,A,-,Y,,,805,,,,,,N,Y,1,1,1,3,A,-,08,22107,,N,C,E,E,A,H,-,A,D,0,Y,,,,Y,,A,01,0,0,1,1,0,0,0,0,0,"- ","- ",32.729808807373047,-117.10722351074219,"SAN DIEGO","SAN DIEGO",-117.10724639892578,32.729759216308594
90947838,2019,2019-03-18,9645,2019-03-06,0434,020165,,3,3,7,3711,0,1,1,,2,001,"INTERSTATE 5 S/B TO DAIRY MART ROAD","DAIRY MART ROAD",918.00,N,N,B,-,Y,,,5,,,,R,,S,Y,2,0,3,2,A,-,01,23152,A,N,C,C,A,B,H,-,C,D,0,,,,,Y,Y,A,01,1,2,0,0,0,0,0,0,0,"- ","- ",32.559638977050781,-117.06504058837891,"SAN DIEGO","SAN DIEGO",-117.06504058837891,32.559638977050781
90949038,2019,2019-03-19,9645,2019-02-25,1455,016061,,1,2,7,3711,0,1,3,,2,016,"SR-52 E/B","MAST BLVD.",4752.00,W,N,A,-,Y,,,52,,,,,,E,Y,2,0,1,9,A,-,03,22350,,N,C,C,A,A,H,-,A,D,0,,,Y,Y,Y,,D,22,1,0,0,0,0,0,0,0,1,"- ","- ",32.850910186767578,-117.03620147705078,"SAN DIEGO","SAN DIEGO",-117.03620147705078,32.850894927978516
90955015,2019,2019-03-27,9680,2019-03-17,1130,016181,,7,1,9,3700,0,1,3,,1,040,SR-94,"BARRETT SMITH RD",8976.00,E,N,A,-,Y,,,94,,,,,,,Y,2,0,2,2,A,-,05,21460,A,N,A,C,A,A,H,-,A,D,0,,,Y,,Y,,C,02,1,1,0,0,0,0,0,0,1,"- ","- ",32.594120025634766,-116.66384124755859,"SAN DIEGO",UNINCORPORATED,-116.66383361816406,32.594104766845703
90958184,2018,2019-04-01,9680,2018-08-04,2245,020884,,6,3,9,3700,0,2,4,,1,010,"WOODSIDE AVENUE","SHAMROCK LANE",15.00,W,N,A,-,N,,,,,,,,,,N,1,1,0,2,A,-,11,21954,A,N,G,B,D,A,H,-,C,D,0,Y,,,,Y,Y,N,60,0,0,0,1,0,0,0,0,0,"- ","- ",32.856361389160156,-116.92852020263672,"SAN DIEGO",UNINCORPORATED,-116.92852020263672,32.856414794921875
90958421,2018,2019-04-01,9680,2018-11-18,1207,021584,,7,1,9,3700,0,3,5,,2,005,"MESA GRANDE ROAD","CENTER LOOP ROAD",17424.00,S,N,A,-,N,,,,,,,,,,Y,1,1,0,1,A,-,08,22107,,N,E,I,A,A,H,-,A,A,0,,,Y,,Y,Y,C,02,0,0,0,0,0,0,0,1,0,"- ","- ",33.196380615234375,-116.77227020263672,"SAN DIEGO",UNINCORPORATED,-116.77227020263672,33.196380615234375
9095983,2020,2020-06-10,3700,2020-02-29,1605,SH1147,,6,5,3,3783,0,0,0,,0,273,"LOMAS SANTA FE","SOLANA HILLS DR",0.00,,Y,A,-,N,,,,,,,,,,N,2,0,1,2,A,-,03,22350,,N,C,C,A,A,H,-,A,A,0,,,Y,,Y,,A,01,1,0,0,0,0,0,0,0,1,"- ","- ",,,"SAN DIEGO","SOLANA BEACH",-117.25911712646484,32.995998382568359
90964111,2018,2019-04-09,9645,2018-09-12,0009,015001,,3,3,7,3711,0,1,1,,2,017,"I-15 S/B",I-8,1848.00,N,N,A,-,Y,,,15,,,,,,S,Y,1,1,0,1,A,-,08,22107,,N,E,I,A,A,H,-,D,D,0,,,,,Y,Y,A,08,0,0,0,0,0,0,0,0,0,"- ","- ",32.785198211669922,-117.11454010009766,"SAN DIEGO","SAN DIEGO",-117.11472320556641,32.785171508789062
90965777,2019,2019-04-11,9680,2019-03-29,2500,019998,,5,4,9,3700,0,2,4,,1,026,"JAMACHA BLVD.","OMEGA ST.",57.00,E,N,A,-,N,,,,,,,,,,Y,2,0,1,1,A,-,01,23152,F,N,E,I,A,A,H,-,C,D,0,,,,,Y,,A,01,1,0,0,0,0,0,0,0,0,"- ","- ",32.708900451660156,-116.9842529296875,"SAN DIEGO",UNINCORPORATED,-116.98445892333984,32.708919525146484
90966689,2019,2019-07-11,9650,2019-02-12,0613,021327,,2,1,9,3700,0,2,4,,1,027,"VALLEY CENTER RD","LAKE WOHLFORD RD",4455.00,N,N,A,-,Y,,,,,,,,,,Y,1,3,2,2,A,-,01,23152,A,N,A,C,A,A,H,-,B,D,0,,,,Y,Y,Y,D,22,0,1,1,0,0,0,0,0,0,"- ","- ",33.232761383056641,-116.96578216552734,"SAN DIEGO",UNINCORPORATED,-117.02542877197266,33.171611785888672
90966994,2019,2019-04-12,9680,2019-04-02,1850,021584,,2,2,9,3700,0,1,3,,1,071,"GREAT SOUTHERN OVERLAND STAGE RTE","AGUA CALIENTE SPRING RD",6864.00,N,N,A,-,N,,,,,,,,,,Y,2,0,1,1,A,-,08,22107,,N,F,A,A,A,H,-,D,A,0,,,,,Y,,D,22,1,0,0,0,0,0,0,0,0,"- ","- ",32.969730377197266,-116.31877899169922,"SAN DIEGO",UNINCORPORATED,-116.31877899169922,32.969638824462891
90967008,2018,2019-04-15,9680,2018-11-07,0510,020720,,3,3,5,3708,0,1,1,,2,081,"INTERSTATE 8 WESTBOUND","SEVERIN DRIVE",184.00,E,N,B,-,Y,,,8,,,,,,W,Y,1,1,0,2,C,-,18,,,N,G,B,E,A,H,-,C,D,0,Y,,,,Y,,-,"- ",0,0,0,1,0,0,0,0,0,"- ","- ",32.779510498046875,-116.9959716796875,"SAN DIEGO","LA MESA",-116.9959716796875,32.779399871826172
90973914,2019,2019-04-24,9645,2019-03-20,1430,014692,,3,2,7,3711,0,1,1,,2,019,"INTERSTATE 15 N/B","BERNARDO CENTER DRIVE",2640.00,S,N,C,-,Y,,,15,,,,,,N,Y,2,0,4,6,A,-,03,22350,,N,B,C,A,B,H,-,A,D,0,,,,,Y,,D,22,4,0,0,0,0,0,0,0,0,"- ","- ",33.005199432373047,-117.08026123046875,"SAN DIEGO","SAN DIEGO",-117.08059692382812,33.005294799804688
90973938,2019,2019-04-24,9645,2019-04-14,0315,021735,,7,3,7,3711,0,1,3,,2,012,"SR-52 EB TO GENESEE AVENUE","GENESEE AVENUE",42.00,E,N,A,-,Y,,,,,,,,,,Y,2,0,1,1,A,-,01,23152,A,N,E,I,A,A,H,-,C,D,0,,,,,Y,Y,A,01,1,0,0,0,0,0,0,0,0,"- ","- ",32.504199981689453,-117.11593627929688,"SAN DIEGO","SAN DIEGO",-117.20204925537109,32.846591949462891
90975086,2019,2019-04-25,9650,2019-04-20,2250,018675,,6,3,9,3700,0,3,5,,2,070,"DEL DIOS HWY","CALLE AMBIENTE",54.00,E,N,A,-,N,,,,,,,,,,Y,2,0,3,2,A,-,01,23152,A,N,A,C,A,A,H,-,C,D,0,,,,,Y,Y,A,07,1,2,0,0,0,0,0,0,0,"- ","- ",33.040599822998047,-117.15838623046875,"SAN DIEGO",UNINCORPORATED,-117.15837860107422,33.040431976318359
90978324,2019,2019-04-29,9650,2019-04-25,1816,021327,,4,2,9,3700,0,3,5,,1,212,"LAKE WOHLFORD RD","DURO RD.",450.00,W,N,A,-,N,,,,,,,,,,Y,2,0,1,2,A,-,08,22107,,N,E,I,A,A,H,-,A,D,0,,,Y,,Y,,C,02,1,0,0,0,0,0,0,0,1,"- ","- ",33.177768707275391,-116.9906005859375,"SAN DIEGO",UNINCORPORATED,-116.99057006835938,33.17779541015625
90982026,2019,2019-05-06,9650,2019-04-29,1430,019270,,1,2,9,3700,0,3,5,,2,170,"BUENA CREEK RD","MONTE VISTA DR",100.00,E,N,B,C,N,,,,,,,,,,Y,2,0,1,1,A,-,08,22107,,N,F,A,A,B,H,-,A,D,0,,,Y,,Y,,C,02,1,0,0,0,0,0,0,0,1,"- ","- ",33.186088562011719,-117.19738006591797,"SAN DIEGO",UNINCORPORATED,-117.19751739501953,33.186084747314453
90982401,2019,2019-05-06,9645,2019-04-05,2325,021231,,5,3,7,3711,0,1,1,,2,005,"I-5 S/B","BALBOA AVE.",2000.00,N,N,A,-,Y,,,5,,,,,,S,Y,2,0,1,2,A,-,01,23152,A,N,B,C,A,A,H,-,D,D,0,,,,,Y,Y,A,01,1,0,0,0,0,0,0,0,0,"- ","- ",32.818130493164062,-117.22541809082031,"SAN DIEGO","SAN DIEGO",-117.22539520263672,32.818153381347656
90982916,2019,2019-09-23,9680,2019-01-17,2019,021476,,4,2,9,3700,0,2,4,,1,029,"SWEETWATER SPRINGS BOULEVARD","MOORPARK STREET",356.00,N,N,B,C,N,,,,,,,,,,N,1,1,0,2,A,-,11,21954,A,N,G,B,D,B,H,-,C,D,0,Y,,,,Y,,N,60,0,0,0,1,0,0,0,0,0,"- ","- ",32.734088897705078,-116.97162628173828,"SAN DIEGO",UNINCORPORATED,-116.97156524658203,32.734016418457031
90983096,2018,2019-05-07,9645,2018-12-02,2200,020997,,7,3,5,3709,0,1,3,,2,008,"SR-54 W/B","I-805 S/B",714.00,W,N,A,-,Y,,,54,,,,,,W,Y,1,1,0,2,A,-,11,21954,A,F,G,B,D,A,H,-,D,D,0,Y,,,,Y,,N,60,0,0,0,1,0,0,0,0,0,"- ","- ",32.658660888671875,-117.0772705078125,"SAN DIEGO","NATIONAL CITY",-117.07728576660156,32.658588409423828
90984320,2019,2019-05-08,9645,2019-05-02,1242,018393,,4,1,7,3711,0,1,3,,2,016,"SR 52 E/B","MAST BLVD U/C",2640.00,W,N,B,-,Y,,,,,,,,,,Y,2,0,1,1,A,-,08,22107,,N,F,A,A,A,H,-,A,D,0,,,Y,,Y,,C,02,1,0,0,0,0,0,0,0,1,"- ","- ",32.844799041748047,-117.02761077880859,"SAN DIEGO","SAN DIEGO",-117.03247833251953,32.849933624267578
90984785,2019,2019-05-08,9680,2019-04-28,1326,022021,,7,1,9,3700,0,1,3,,1,040,SR-94,"DUTCHMAN CNYN RD",1056.00,W,N,B,-,Y,,,94,,,,,,,Y,2,0,1,1,A,-,08,22107,,N,E,I,A,A,H,-,A,D,0,,,Y,,Y,,C,02,1,0,0,0,0,0,0,0,1,"- ","- ",32.639671325683594,-116.77037811279297,"SAN DIEGO",UNINCORPORATED,-116.77035522460938,32.639705657958984
90985647,2019,2019-05-09,9680,2019-02-13,0422,018907,,3,3,9,3700,0,2,4,,1,026,"JAMACHA ROAD","DARBY ST",70.00,W,N,B,-,N,,,,,,,,,,Y,1,1,0,2,A,-,11,21954,A,N,G,B,E,A,H,-,C,D,0,Y,,,,Y,Y,N,60,0,0,0,1,0,0,0,0,0,"- ","- ",32.716968536376953,-117.02046966552734,"SAN DIEGO",UNINCORPORATED,-117.02040100097656,32.717033386230469
90985899,2019,2019-05-10,9645,2019-05-08,1520,016061,,3,2,7,3711,0,1,1,,2,001,"I-5 S/B","CAMINO DE LA PLAZA",300.00,N,N,A,B,Y,,,5,,,,,,S,Y,2,0,1,2,A,-,08,22107,,N,B,C,A,A,H,-,A,D,0,,,Y,,Y,,A,07,1,0,0,0,0,0,0,0,0,"- ","- ",32.545131683349609,-117.03401184082031,"SAN DIEGO","SAN DIEGO",-117.03397369384766,32.545185089111328
90987549,2019,2019-05-13,9650,2019-05-02,1730,021200,,4,2,9,3700,0,1,1,,2,022,"I-15 N/B","RAINBOW GLEN RD",30.00,S,N,A,-,Y,,,15,,,,,,N,Y,2,0,1,4,A,-,03,22350,,N,B,C,A,A,H,-,A,D,0,,,Y,,Y,,C,02,1,0,0,0,0,0,0,0,1,"- ","- ",33.406871795654297,-117.16439819335938,"SAN DIEGO",UNINCORPORATED,-117.16442108154297,33.406890869140625
90989859,2019,2019-05-20,9680,2019-02-05,2255,022106,,2,3,9,3700,0,1,1,,2,086,"INTERSTATE 8 (EASTBOUND)","CANEBRAKE ROAD",420.00,E,N,D,G,Y,,,8,,,,,,,Y,1,1,0,1,A,-,08,22107,,N,E,I,A,C,H,-,D,A,0,,,,,Y,,A,01,0,0,0,0,0,0,0,0,0,"- ","- ",32.700099945068359,-116.323486328125,"SAN DIEGO",UNINCORPORATED,-116.32349395751953,32.700088500976562
90993861,2019,2019-05-22,9680,2019-05-10,2240,020780,,5,3,9,3700,0,1,1,,2,083,"I-8 W/B","PEUTZ VALLEY RD",390.00,E,N,B,-,Y,,,8,,,,,,W,Y,2,0,1,1,A,-,01,23152,A,N,E,I,A,A,H,-,C,D,0,,,,,Y,Y,A,07,1,0,0,0,0,0,0,0,0,"- ","- ",32.847488403320312,-116.80481719970703,"SAN DIEGO",UNINCORPORATED,-116.80490875244141,32.847370147705078
90993960,2019,2019-05-22,9680,2019-05-10,2015,018427,,5,2,5,3781,0,1,3,,2,016,"SR-67 N/B","WOODSIDE AVE",1056.00,N,N,B,-,Y,,,67,,,,,,N,Y,2,0,7,2,A,-,01,23152,A,N,C,C,A,A,H,-,C,D,0,,,,,Y,Y,A,07,2,1,4,0,0,0,0,0,0,"- ","- ",32.844539642333984,-116.9591064453125,"SAN DIEGO",SANTEE,-116.95909118652344,32.844524383544922
90999078,2018,2019-05-30,9645,2018-11-01,0143,021338,,4,3,7,3711,0,1,3,,2,006,"STATE ROUTE-94 EASTBOUND","32ND STREET",213.00,W,N,A,-,Y,,,94,,,,,,E,Y,1,1,1,3,C,-,18,,,N,D,C,E,A,H,-,D,D,0,Y,,,,Y,,-,"- ",0,0,1,1,0,0,0,0,0,"- ","- ",32.713428497314453,-117.13166046142578,"SAN DIEGO","SAN DIEGO",-117.13163757324219,32.713283538818359
90999368,2019,2019-05-30,9680,2019-05-17,1900,022021,,5,2,9,3700,0,3,5,,2,001,"PEPPER DR","SOMERLANE ST",32.00,E,N,A,-,N,,,,,,,,,,Y,2,0,9,3,A,-,01,23152,A,N,B,C,A,A,H,-,A,D,0,,,,,Y,Y,A,01,1,5,3,0,0,0,0,0,0,"- ","- ",32.820838928222656,-116.93869781494141,"SAN DIEGO",UNINCORPORATED,-116.93865966796875,32.820846557617188
91001128,2019,2019-05-31,9645,2019-01-13,1605,021680,,7,2,7,3711,0,1,1,,2,005,"INTERSTATE-5 SOUTHBOUND","SIXTH AVENUE",56.00,S,N,A,-,Y,,,5,,,,,,S,Y,1,1,1,2,A,-,01,23152,A,N,A,C,A,A,H,-,A,D,0,,,,,Y,Y,A,01,1,0,0,0,0,0,0,0,0,"- ","- ",32.723159790039062,-117.15928649902344,"SAN DIEGO","SAN DIEGO",-117.15923309326172,32.723007202148438
91003660,2019,2019-06-05,9680,2019-05-24,1255,017621,,5,1,9,3700,0,2,4,,1,096,"HIGHLAND VALLEY RD.","STARVATION MOUNTAIN RD",36.00,E,N,A,-,N,,,,,,,,,,Y,2,0,1,1,A,-,08,22107,,N,F,A,A,A,H,-,A,A,0,,,Y,,Y,,C,02,1,0,0,0,0,0,0,0,1,"- ","- ",33.062530517578125,-116.97952270507812,"SAN DIEGO",UNINCORPORATED,-116.97978210449219,33.062492370605469
91003803,2019,2019-06-05,9645,2019-05-25,0243,021631,,6,3,7,3711,0,1,1,,2,019,"I-15 N/B",SR-56,1056.00,N,N,A,-,Y,,,15,,,,,,N,Y,2,0,1,2,A,-,01,23152,A,N,C,C,A,A,H,-,C,C,0,,,,,Y,Y,A,01,1,0,0,0,0,0,0,0,0,"- ","- ",32.968109130859375,-117.09290313720703,"SAN DIEGO","SAN DIEGO",-117.09297180175781,32.968154907226562
91006214,2019,2019-06-10,9650,2019-06-07,1040,019191,,5,1,9,3700,0,3,5,,2,213,"PALA-TEMECULA RD","OAK HILLS LN",2640.00,S,N,A,-,N,,,,,,,,,,Y,2,0,1,1,A,-,08,22107,,N,F,A,A,A,H,-,A,D,0,,,Y,,Y,,C,02,1,0,0,0,0,0,0,0,1,"- ","- ",33.408740997314453,-117.08521270751953,"SAN DIEGO",UNINCORPORATED,-117.08514404296875,33.408729553222656
91007236,2019,2019-06-11,9650,2019-06-03,2215,013890,,1,3,6,3710,0,1,3,,2,015,"SR-78 W/B FROM EL CAMINO REAL","EL CAMINO REAL",42.00,W,N,B,-,Y,,,78,,,,R,,W,N,2,0,1,2,A,-,11,21954,A,N,G,B,D,A,H,-,C,A,0,Y,,,,Y,,N,60,1,0,0,0,1,0,0,0,0,"- ","- ",33.182159423828125,-117.32726287841797,"SAN DIEGO",OCEANSIDE,-117.32726287841797,33.182159423828125
91011800,2019,2019-06-17,9680,2019-06-08,1300,016535,,6,1,9,3700,0,3,5,,2,003,"OLD HIGHWAY 80","GUATAY VIEW LANE",528.00,W,N,A,-,N,,,,,,,,,,N,2,0,1,1,A,-,08,22107,,N,F,A,A,A,H,-,A,D,0,,Y,,,Y,,L,04,1,0,0,0,0,0,1,0,0,"- ","- ",32.849319458007812,-116.56118774414062,"SAN DIEGO",UNINCORPORATED,-116.56108093261719,32.849273681640625
9101570,2020,2020-11-09,3711,2020-05-10,2230,SD6146,,7,5,7,3711,0,0,0,,0,114,"CLAIREMONT MESA BL","DOLIVA DR",554.00,E,N,A,-,N,,,,,,,,,,N,2,0,1,2,A,-,11,21954,A,N,G,B,D,A,H,-,C,D,0,Y,,,,Y,,N,60,1,0,0,0,1,0,0,0,0,"- ","- ",,,"SAN DIEGO","SAN DIEGO",-117.17386627197266,32.834224700927734
91016200,2019,2019-06-24,9650,2019-06-22,1150,019549,,6,1,5,3701,0,1,3,,2,015,"SR-78 E/B","EL CAMINO REAL",1000.00,E,N,A,-,Y,,,78,,,,,,E,Y,2,0,1,1,A,-,08,22107,,N,E,I,A,A,H,-,A,D,0,,,Y,,Y,,C,02,1,0,0,0,0,0,0,0,1,"- ","- ",33.182209014892578,-117.32302093505859,"SAN DIEGO",CARLSBAD,-117.32302093505859,33.182186126708984
91018698,2019,2019-06-27,9645,2019-05-17,1100,015698,,5,1,7,3711,0,1,3,,2,002,"SR-905 EB TO I-805 NB",SR-905,85.00,S,N,B,-,Y,,,905,,,,R,,E,N,2,0,1,1,C,-,18,,,N,H,A,A,A,H,-,A,D,0,,,,,Y,,-,"- ",1,0,0,0,0,0,0,0,0,"- ","- ",32.567508697509766,-117.04045867919922,"SAN DIEGO","SAN DIEGO",-117.04045867919922,32.567508697509766
91025990,2019,2019-07-08,9680,2019-06-26,0205,018907,,3,3,9,3700,0,1,1,,2,085,"I-8 E/B","SUNRISE HWY",1584.00,E,N,A,-,Y,,,8,,,,,,E,Y,2,0,3,1,A,-,01,23152,A,N,F,A,A,A,H,-,C,D,0,,,,,Y,Y,E,22,1,2,0,0,0,0,0,0,0,"- ","- ",32.807819366455078,-116.50639343261719,"SAN DIEGO",UNINCORPORATED,-116.50637817382812,32.807834625244141