CASE_ID,ACCIDENT_YEAR,PROC_DATE,JURIS,COLLISION_DATE,COLLISION_TIME,OFFICER_ID,REPORTING_DISTRICT,DAY_OF_WEEK,CHP_SHIFT,POPULATION,CNTY_CITY_LOC,SPECIAL_COND,BEAT_TYPE,CHP_BEAT_TYPE,CITY_DIVISION_LAPD,CHP_BEAT_CLASS,BEAT_NUMBER,PRIMARY_RD,SECONDARY_RD,DISTANCE,DIRECTION,INTERSECTION,WEATHER_1,WEATHER_2,STATE_HWY_IND,CALTRANS_COUNTY,CALTRANS_DISTRICT,STATE_ROUTE,ROUTE_SUFFIX,POSTMILE_PREFIX,POSTMILE,LOCATION_TYPE,RAMP_INTERSECTION,SIDE_OF_HWY,TOW_AWAY,COLLISION_SEVERITY,NUMBER_KILLED,NUMBER_INJURED,PARTY_COUNT,PRIMARY_COLL_FACTOR,PCF_CODE_OF_VIOL,PCF_VIOL_CATEGORY,PCF_VIOLATION,PCF_VIOL_SUBSECTION,HIT_AND_RUN,TYPE_OF_COLLISION,MVIW,PED_ACTION,ROAD_SURFACE,ROAD_COND_1,ROAD_COND_2,LIGHTING,CONTROL_DEVICE,CHP_ROAD_TYPE,PEDESTRIAN_ACCIDENT,BICYCLE_ACCIDENT,MOTORCYCLE_ACCIDENT,TRUCK_ACCIDENT,NOT_PRIVATE_PROPERTY,ALCOHOL_INVOLVED,STWD_VEHTYPE_AT_FAULT,CHP_VEHTYPE_AT_FAULT,COUNT_SEVERE_INJ,COUNT_VISIBLE_INJ,COUNT_COMPLAINT_PAIN,COUNT_PED_KILLED,COUNT_PED_INJURED,COUNT_BICYCLIST_KILLED,COUNT_BICYCLIST_INJURED,COUNT_MC_KILLED,COUNT_MC_INJURED,PRIMARY_RAMP,SECONDARY_RAMP,LATITUDE,LONGITUDE,COUNTY,CITY,POINT_X,POINT_Y
91643949,2021,2021-12-06,9645,2021-11-22,0815,020116,,1,1,7,3711,0,1,1,,2,021,"SR-15 SOUTHBOUND","WIGHTMAN ST",2323.00,S,N,A,-,Y,,,15,,,,,,S,Y,2,0,1,1,A,-,08,22107,,N,E,I,A,A,H,-,A,D,0,,,,,Y,,A,07,1,0,0,0,0,0,0,0,0,"- ","- ",32.741371154785156,-117.11274719238281,"SAN DIEGO","SAN DIEGO",-117.11287689208984,32.741485595703125
91646803,2021,2021-12-08,9680,2021-11-27,1025,020500,,6,1,9,3700,0,1,3,,1,091,"SR-78 (MAIN ST)","SECOND ST",0.00,,Y,A,-,Y,,,78,,,,,,,N,2,0,1,2,A,-,09,21801,A,N,A,C,A,A,H,-,A,D,0,,,Y,,Y,,A,07,1,0,0,0,0,0,0,0,1,"- ","- ",33.049041748046875,-116.85687255859375,"SAN DIEGO",UNINCORPORATED,-116.85685729980469,33.049018859863281
91649187,2021,2021-12-10,9645,2021-08-08,2042,018697,,7,2,7,3711,0,1,3,,2,025,"STATE ROUTE 163 (S/B)","I-15 S/B (HOV) TO SR-163 S/B O/C",890.00,S,N,A,-,Y,,,163,,,,,,,N,1,1,0,3,A,-,11,21954,A,N,G,B,E,A,H,-,D,D,0,Y,,,,Y,,N,60,0,0,0,1,0,0,0,0,0,"- ","- ",32.859989166259766,-117.11383056640625,"SAN DIEGO","SAN DIEGO",-117.11373901367188,32.859928131103516
91654305,2021,2021-12-16,9650,2021-11-26,2155,021500,,5,2,9,3700,0,3,5,,2,230,"W. VALLEY PARKWAY","CLAUDAN RD.",425.00,W,N,A,-,N,,,,,,,,,,Y,2,0,2,2,A,-,03,22350,,N,C,C,A,A,H,-,C,D,0,,,,,Y,,A,07,2,0,0,0,0,0,0,0,0,"- ","- ",33.093631744384766,-117.11403656005859,"SAN DIEGO",UNINCORPORATED,-117.11334228515625,33.094013214111328
91656920,2021,2021-12-20,9645,2021-08-27,2312,021617,,5,3,9,3700,0,1,1,,2,009,"I-805 NB TO SR-54 EB","I-805 N/B",492.00,E,N,A,-,Y,,,805,,,,R,,N,Y,1,1,1,2,A,-,11,21954,A,N,G,B,E,A,H,-,C,D,0,Y,,,,Y,,N,60,0,1,0,1,0,0,0,0,0,"- ","- ",32.658401489257812,-117.07150268554688,"SAN DIEGO",UNINCORPORATED,-117.07150268554688,32.658401489257812
91658720,2021,2021-12-22,9680,2021-08-22,1527,022554,,7,2,9,3700,0,1,3,,1,051,"STATE ROUTE 79","AGUANGA RANCHOS ROAD",6864.00,S,N,A,-,Y,,,79,,,,,,,Y,1,1,0,2,A,-,01,23152,A,N,A,C,A,A,H,-,A,A,0,,,Y,,Y,Y,D,22,0,0,0,0,0,0,0,1,0,"- ","- ",33.415969848632812,-116.82524871826172,"SAN DIEGO",UNINCORPORATED,-116.82524108886719,33.416019439697266
91668605,2021,2022-01-03,9680,2021-12-21,1300,015972,,2,1,9,3700,0,2,4,,1,010,"WOODSIDE AVENUE","WINTER GARDENS BOULEVARD",0.00,,Y,A,-,N,,,,,,,,,,Y,2,0,6,4,A,-,12,21453,A,N,D,C,A,A,H,-,A,A,0,,,Y,,Y,,D,22,2,0,4,0,0,0,0,0,2,"- ","- ",32.856071472167969,-116.93110656738281,"SAN DIEGO",UNINCORPORATED,-116.93114471435547,32.856056213378906
91668706,2021,2022-01-03,9645,2021-09-19,2103,021338,,7,2,7,3711,0,1,1,,2,003,"I-5 N/B",I-8,1056.00,S,N,A,-,Y,,,5,,,,,,N,Y,1,1,0,2,A,-,11,21954,A,N,G,B,E,A,H,-,D,D,0,Y,,,,Y,,N,60,0,0,0,1,0,0,0,0,0,"- ","- ",32.756271362304688,-117.20278167724609,"SAN DIEGO","SAN DIEGO",-117.20277404785156,32.756275177001953
91670941,2021,2022-06-22,9650,2021-11-29,1535,021404,,1,2,9,3700,0,3,5,,2,191,"QUESTHAVEN RD","TANGLEWOOD DRIVE",828.00,E,N,A,-,N,,,,,,,,,,Y,1,1,0,1,A,-,01,23152,A,N,F,A,A,A,H,-,A,D,0,,,,,Y,Y,A,07,0,0,0,0,0,0,0,0,0,"- ","- ",33.096900939941406,-117.17714691162109,"SAN DIEGO",UNINCORPORATED,-117.17713928222656,33.096828460693359
91672676,2021,2022-01-06,9645,2021-12-13,2240,021651,,1,3,7,3711,0,1,1,,2,013,"I-805 S/B TO I-8 E/B",I-805,1000.00,E,N,A,-,Y,,,,,,,,,,Y,2,0,1,2,A,-,01,23152,A,N,B,C,A,B,H,-,D,D,0,,,,,Y,Y,A,01,1,0,0,0,0,0,0,0,0,"- ","- ",32.772449493408203,-117.12851715087891,"SAN DIEGO","SAN DIEGO",,
91672858,2021,2022-01-06,9645,2021-11-10,0803,020992,,3,1,7,3711,0,1,1,,2,030,"I-15 N/B HOV FROM HILLERY DRIVE","HILLERY DRIVE",3.00,N,N,A,-,Y,,,15,,,,R,,N,N,2,0,1,1,A,-,03,22350,,N,E,I,A,A,H,-,A,D,0,,,,,Y,,A,07,1,0,0,0,0,0,0,0,0,"- ","- ",32.912960052490234,-117.11618804931641,"SAN DIEGO","SAN DIEGO",-117.11618804931641,32.912960052490234
91680747,2021,2022-01-19,9680,2021-08-03,1002,017011,,2,1,9,3700,0,2,4,,1,029,"CAMPO ROAD","CONRAD DRIVE",110.00,E,N,A,-,N,,,,,,,,,,N,2,0,1,1,A,-,08,22107,,N,F,A,A,A,H,-,A,A,0,,,Y,,Y,,C,02,1,0,0,0,0,0,0,0,1,"- ","- ",32.747951507568359,-116.98661041259766,"SAN DIEGO",UNINCORPORATED,-116.987060546875,32.747989654541016
91682717,2022,2022-01-21,9645,2022-01-09,2122,018951,,7,2,7,3711,0,1,1,,2,017,"INTERSTATE 15 SOUTHBOUND","SCRIPPS POWAY PARKWAY",1584.00,N,N,A,-,Y,SD,,15,,M,17.618,H,,L,Y,2,0,1,3,A,-,01,23152,A,N,C,C,A,A,H,-,C,D,0,,,Y,,Y,Y,A,01,1,0,0,0,0,0,0,0,1,"- ","- ",32.941009521484375,-117.11041259765625,"SAN DIEGO","SAN DIEGO",-117.11026763916016,32.94097900390625
91683584,2022,2022-01-24,9645,2022-01-16,0806,017717,,7,1,7,3711,0,1,1,,2,003,"I-5 S/B","28TH ST O/C",175.00,S,N,A,-,Y,SD,,5,,R,13.356,H,,L,Y,2,0,2,1,A,-,03,22350,,N,E,I,A,A,H,-,A,D,0,,,,,Y,,A,01,2,0,0,0,0,0,0,0,0,"- ","- ",32.694831848144531,-117.13333129882812,"SAN DIEGO","SAN DIEGO",-117.13336944580078,32.694755554199219
91685984,2021,2022-01-26,9645,2021-09-25,1401,020867,,6,2,7,3711,0,1,1,,2,001,"I-5 SOUTHBOUND",SR-905,100.00,S,N,A,-,Y,,,5,,,,,,S,Y,2,0,4,2,A,-,01,23152,A,N,A,C,A,A,H,-,A,D,0,,,,,Y,Y,A,01,2,2,0,0,0,0,0,0,0,"- ","- ",32.564788818359375,-117.07292175292969,"SAN DIEGO","SAN DIEGO",-117.07293701171875,32.564765930175781
91686365,2022,2022-01-27,9650,2022-01-21,0200,021528,,5,3,6,3710,0,1,3,,2,015,"SR-78 E/B","JEFFERSON ST",24.00,E,N,A,-,Y,SD,,78,,,0.758,H,,R,Y,2,0,1,2,A,-,01,23152,A,N,C,C,A,A,H,-,D,D,0,,,,,Y,Y,A,01,1,0,0,0,0,0,0,0,0,"- ","- ",33.181041717529297,-117.33966064453125,"SAN DIEGO",OCEANSIDE,-117.33966064453125,33.181076049804688
91689539,2022,2022-01-31,9650,2022-01-28,1830,022031,,5,2,9,3700,0,3,5,,2,191,"SAN MARINO DR","LAKE SAN MARCOS DR",135.00,E,N,A,-,N,,,,,,,,,,Y,2,0,1,3,A,-,01,23152,A,N,A,C,A,A,H,-,D,D,0,,,,,Y,Y,D,22,1,0,0,0,0,0,0,0,0,"- ","- ",33.125278472900391,-117.20982360839844,"SAN DIEGO",UNINCORPORATED,-117.20999145507812,33.125209808349609
91693102,2021,2022-02-03,9680,2021-10-31,0012,021584,,7,3,9,3700,0,3,5,,2,009,"OPEN VIEW ROAD","JUNIPER FIELD TRAIL",52.00,W,N,B,-,N,,,,,,,,,,N,2,0,2,1,A,-,01,23152,A,N,E,I,A,A,H,-,C,D,0,,,,,Y,Y,A,42,1,1,0,0,0,0,0,0,0,"- ","- ",33.016189575195312,-116.81996917724609,"SAN DIEGO",UNINCORPORATED,-116.81993103027344,33.016075134277344
91693880,2022,2022-02-04,9650,2022-01-30,1115,021435,,7,1,9,3700,0,1,3,,1,028,SR-76,"MAGEE RD.",780.00,W,N,A,-,Y,SD,,76,,,24.499,H,,R,Y,2,0,2,2,A,-,03,22350,,N,C,C,A,A,H,-,A,D,0,,,Y,,Y,,C,02,2,0,0,0,0,0,0,0,2,"- ","- ",33.363819122314453,-117.05999755859375,"SAN DIEGO",UNINCORPORATED,-117.05998992919922,33.363906860351562
91696690,2022,2022-03-08,9650,2022-02-01,2348,017590,,2,3,9,3700,0,1,1,,2,021,"I-15 N/B","OLD HIGHWAY 395",716.00,N,N,B,-,Y,,,,,,,,,,Y,2,0,6,2,A,-,03,22350,,N,C,C,A,A,H,-,D,D,0,,,,,Y,,A,07,2,4,0,0,0,0,0,0,0,"- ","- ",33.284610748291016,-117.1573486328125,"SAN DIEGO",UNINCORPORATED,,
91701206,2022,2022-07-07,9645,2022-02-08,1630,018951,,2,2,7,3711,0,1,1,,2,010,"INTERSTATE 8 E/B TO STATE ROUTE 163 N/B","STATE ROUTE 163",242.00,W,N,A,-,Y,SD,,8,,,2.371,H,,R,N,1,1,0,2,A,-,08,22107,,N,D,C,A,A,H,-,A,D,0,,,Y,,Y,Y,A,01,0,0,0,0,0,0,0,1,0,"- ","- ",32.761928558349609,-117.16426849365234,"SAN DIEGO","SAN DIEGO",-117.16436767578125,32.762069702148438
91701324,2022,2022-02-15,9645,2022-02-06,2125,021338,,7,2,7,3711,0,1,1,,2,003,"I-5 S/B TO SR-94 E/B","PARK BLVD",1075.00,S,N,A,-,Y,SD,,5,,R,15.579,H,,L,Y,2,0,3,2,A,-,01,23152,G,N,C,C,A,A,H,-,D,D,0,,,,,Y,Y,A,01,1,2,0,0,0,0,0,0,0,"- ","- ",32.721279144287109,-117.14898681640625,"SAN DIEGO","SAN DIEGO",-117.14876556396484,32.721359252929688
9170525,2020,2020-11-10,3705,2020-08-16,2335,EC0344,,7,5,5,3705,0,0,0,,0,002,"E MADISON AV","WAYNE AV",12.00,E,N,A,-,N,,,,,,,,,,,2,0,1,2,A,-,11,21954,A,F,G,B,D,A,H,-,C,D,0,Y,,,,Y,,N,60,1,0,0,0,1,0,0,0,0,"- ","- ",,,"SAN DIEGO","EL CAJON",-116.93891143798828,32.800167083740234
91705280,2022,2022-02-21,9680,2022-02-09,1630,021901,,3,2,9,3700,0,1,3,,1,071,SR-78,"SAN FELIPE RD.",6864.00,E,N,A,-,Y,SD,,78,,,71.622,H,,R,Y,2,0,1,2,A,-,05,21460,A,N,B,C,A,A,H,-,A,A,0,,,Y,,Y,,C,02,1,0,0,0,0,0,0,0,1,"- ","- ",33.108291625976562,-116.45039367675781,"SAN DIEGO",UNINCORPORATED,-116.45038604736328,33.108287811279297
91709759,2022,2022-02-25,9645,2022-02-16,1618,019712,,3,2,7,3711,0,1,1,,2,010,"I-8 W/B","MORENA BLVD. U/V",964.00,E,N,A,-,Y,SD,,8,,R,0.537,H,,L,Y,2,0,2,2,A,-,01,23152,A,N,B,C,A,A,H,-,A,D,0,,,,,Y,Y,A,01,1,0,1,0,0,0,0,0,0,"- ","- ",32.760711669921875,-117.19522857666016,"SAN DIEGO","SAN DIEGO",-117.19523620605469,32.760726928710938
91710094,2022,2022-02-25,9680,2022-02-12,1345,017460,,6,1,9,3700,0,1,3,,1,060,"STATE ROUTE 94","CHURCH RD",1584.00,E,N,A,-,Y,SD,,94,,R,59.941,H,,R,N,2,0,1,2,A,-,03,22350,,N,A,C,A,A,H,-,A,A,0,,,Y,,Y,,C,02,1,0,0,0,0,0,0,0,1,"- ","- ",32.646671295166016,-116.36016845703125,"SAN DIEGO",UNINCORPORATED,-116.36016845703125,32.646675109863281
91711594,2022,2022-02-28,9645,2022-01-22,0202,020623,,6,3,6,3702,0,1,1,,2,001,"I-5 S/B TO E STREET","E STREET",650.00,N,N,A,-,Y,,,,,,,,,,N,2,0,4,2,A,-,01,23152,A,N,A,C,A,A,H,-,D,D,0,,,,,Y,Y,D,22,1,1,2,0,0,0,0,0,0,"- ","- ",32.6409912109375,-117.10128021240234,"SAN DIEGO","CHULA VISTA",-117.10128021240234,32.6409912109375
91711642,2021,2022-04-07,9680,2021-12-25,1805,022625,,6,2,9,3700,0,3,5,,2,002,"OTAY LAKES ROAD","STATE ROUTE 94",8976.00,W,N,B,-,N,,,,,,,,,,Y,1,1,3,1,A,-,03,22350,,N,E,I,A,B,H,-,D,A,0,,,,,Y,,A,01,2,0,1,0,0,0,0,0,0,"- ","- ",32.656848907470703,-116.84734344482422,"SAN DIEGO",UNINCORPORATED,-116.8468017578125,32.657070159912109
91712972,2021,2022-04-13,9650,2021-12-06,0320,019766,,1,3,9,3700,0,1,1,,2,003,"I-5 S/B","LAS PULGAS ROAD",3359.00,S,N,B,-,Y,,,5,,,,,,S,Y,2,0,2,1,A,-,01,23152,A,N,E,I,A,A,H,-,D,D,0,,,,,Y,Y,A,07,2,0,0,0,0,0,0,0,0,"- ","- ",33.291908264160156,-117.45729064941406,"SAN DIEGO",UNINCORPORATED,-117.45736694335938,33.291851043701172
91714717,2021,2022-03-03,9645,2021-12-12,1717,021117,,7,2,7,3711,0,1,1,,2,003,"INTERSTATE 5 S/B","CESAR CHAVEZ PKWY",80.00,N,N,A,-,Y,,,5,,,,,,S,N,1,1,0,2,A,-,11,21954,A,N,G,B,E,A,H,-,D,D,0,Y,,,,Y,,N,60,0,0,0,1,0,0,0,0,0,"- ","- ",32.702060699462891,-117.14408874511719,"SAN DIEGO","SAN DIEGO",-117.14408111572266,32.702072143554688
91715730,2021,2022-03-04,9645,2021-11-18,2052,021200,,4,2,7,3711,0,1,1,,2,003,"INTERSTATE 5 (I-5) SOUTHBOUND","THE PALM STREET PEDESTRIAN OVERCROSSING",26.00,S,N,B,-,Y,,,5,,,,,,S,N,1,1,1,2,A,-,11,21954,A,N,G,B,E,A,H,-,D,D,0,Y,,,,Y,,N,60,1,0,0,1,0,0,0,0,0,"- ","- ",32.733489990234375,-117.17340087890625,"SAN DIEGO","SAN DIEGO",-117.17337036132812,32.733512878417969
91719021,2021,2022-03-09,9645,2021-08-01,0657,017723,,7,1,7,3711,0,1,3,,2,006,"STATE ROUTE 94 (SR-94) WESTBOUND","STATE ROUTE 15 (SR-15)",211.00,W,N,A,-,Y,,,94,,,,,,W,Y,1,1,0,2,A,-,08,22107,,N,B,C,A,A,H,-,A,D,0,,,,,Y,,A,07,0,0,0,0,0,0,0,0,0,"- ","- ",32.717159271240234,-117.11817169189453,"SAN DIEGO","SAN DIEGO",-117.11815643310547,32.717082977294922
91721505,2022,2022-03-14,9680,2022-02-14,1045,014949,,1,1,9,3700,0,1,3,,1,040,"STATE ROUTE 94","FORREST GATE ROAD",528.00,E,N,A,-,Y,SD,,94,,,50.698,H,,R,N,2,0,1,1,A,-,03,22350,,F,H,A,A,A,H,-,A,D,0,,,,,Y,,A,01,1,0,0,0,0,0,0,0,0,"- ","- ",32.609828948974609,-116.47427368164062,"SAN DIEGO",UNINCORPORATED,-116.47428894042969,32.609832763671875
91723290,2022,2022-03-15,9645,2022-03-03,0755,015676,,4,1,6,3702,0,1,1,,2,009,"I-805 N/B","E STREET",1000.00,N,N,A,-,Y,SD,,805,,,8.103,H,,R,N,2,0,1,2,A,-,03,22350,,N,C,C,A,A,H,-,A,D,0,,,Y,,Y,,C,02,1,0,0,0,0,0,0,0,1,"- ","- ",32.650318145751953,-117.06575775146484,"SAN DIEGO","CHULA VISTA",-117.06575012207031,32.650337219238281
91723377,2022,2022-03-15,9680,2022-03-03,1400,018672,,4,2,9,3700,0,1,3,,1,051,"STATE ROUTE 79","RIVERSIDE COUNTY LINE",9504.00,S,N,A,-,Y,SD,,79,,,51.192,H,,R,Y,2,0,1,2,A,-,08,22107,,N,D,C,A,A,H,-,A,D,0,,,,Y,Y,,A,01,1,0,0,0,0,0,0,0,0,"- ","- ",33.408931732177734,-116.8153076171875,"SAN DIEGO",UNINCORPORATED,-116.81539154052734,33.408832550048828
91723451,2022,2022-03-15,9680,2022-03-01,2500,021584,,2,4,9,3700,0,1,3,,1,052,"STATE ROUTE 78","WYNOLA ROAD",3168.00,E,N,A,-,Y,SD,,78,,,60.919,H,,R,Y,2,0,2,1,A,-,08,22107,,N,E,I,A,A,H,-,B,A,0,,,,,Y,,A,07,1,1,0,0,0,0,0,0,0,"- ","- ",33.094490051269531,-116.58631134033203,"SAN DIEGO",UNINCORPORATED,-116.58631896972656,33.094448089599609
91724409,2021,2022-03-16,9645,2021-07-10,0144,021639,,6,3,7,3711,0,1,3,,2,020,"STATE ROUTE 56 (SR-56) EASTBOUND","CARMEL COUNTRY ROAD",2218.00,E,N,A,-,Y,,,,,,,,,,Y,1,1,2,2,A,-,01,23152,A,N,A,C,A,A,H,-,C,D,0,,,,,Y,Y,A,01,0,2,0,0,0,0,0,0,0,"- ","- ",32.946521759033203,-117.20075225830078,"SAN DIEGO","SAN DIEGO",-117.20846557617188,32.946174621582031
91730220,2022,2022-03-23,9680,2022-01-04,1453,019870,,2,2,5,3705,0,1,1,,2,083,"INTERSTATE 8 EASTBOUND","FLINN SPRINGS ROAD U/C",1584.00,E,N,A,-,Y,SD,,8,,R,23.971,H,,R,Y,1,1,0,1,A,-,03,22350,,N,H,A,A,A,H,-,A,D,0,,,,Y,Y,,G,25,0,0,0,0,0,0,0,0,0,"- ","- ",32.852909088134766,-116.8486328125,"SAN DIEGO","EL CAJON",-116.8486328125,32.852848052978516
91731171,2022,2022-03-24,9680,2022-03-14,1355,021584,,1,1,9,3700,0,1,3,,1,051,"STATE ROUTE 79","SILVER FOX LN",3168.00,S,N,A,-,Y,SD,,79,,,42.680,H,,R,N,2,0,1,2,A,-,05,21460,A,F,F,A,A,A,H,-,A,D,0,,,Y,,Y,,-,99,1,0,0,0,0,0,0,0,1,"- ","- ",33.338420867919922,-116.71865081787109,"SAN DIEGO",UNINCORPORATED,-116.71866607666016,33.338405609130859
91735871,2022,2022-03-29,9650,2022-03-22,1155,015600,,2,1,9,3700,0,2,4,,1,027,"LILAC RD.","MESA VERDE DR",0.00,,Y,A,-,N,,,,,,,,,,N,2,0,1,2,A,-,09,21801,A,N,A,C,A,A,H,-,A,D,0,,,Y,,Y,,D,22,1,0,0,0,0,0,0,0,1,"- ","- ",33.275001525878906,-117.08448028564453,"SAN DIEGO",UNINCORPORATED,-117.08397674560547,33.275863647460938
91739234,2022,2022-04-01,9680,2022-03-21,0925,017011,,1,1,9,3700,0,2,4,,1,021,"WILLOW GLEN DRIVE","MUIRFIELD DR",840.00,W,N,A,-,N,,,,,,,,,,N,2,0,2,3,A,-,05,21460,A,N,A,C,A,A,H,-,A,D,0,,,,,Y,,A,01,2,0,0,0,0,0,0,0,0,"- ","- ",32.743068695068359,-116.92669677734375,"SAN DIEGO",UNINCORPORATED,-116.92652893066406,32.743289947509766
91741022,2022,2022-04-05,9680,2022-01-07,0530,016535,,5,3,9,3700,0,2,4,,1,061,"OLD HIGHWAY 80","LIVE OAK SPRINGS ROAD",347.00,E,N,A,-,N,,,,,,,,,,Y,1,1,0,1,A,-,01,23152,F,N,E,I,A,A,H,-,D,D,0,,,Y,,Y,,C,02,0,0,0,0,0,0,0,1,0,"- ","- ",32.679420471191406,-116.33319091796875,"SAN DIEGO",UNINCORPORATED,-116.33314514160156,32.679534912109375
91742454,2022,2022-07-14,9650,2022-03-14,2250,019549,,1,3,9,3700,0,2,4,,2,063,"RECHE RD.","GREEN CANYON RD",585.00,E,N,A,-,N,,,,,,,,,,Y,1,1,0,1,A,-,01,23152,A,N,E,I,A,A,H,-,D,D,0,,,,,Y,Y,A,07,0,0,0,0,0,0,0,0,0,"- ","- ",33.369110107421875,-117.21254730224609,"SAN DIEGO",UNINCORPORATED,-117.21259307861328,33.369056701660156
91747417,2021,2022-04-13,9645,2021-12-20,2323,019957,,1,3,7,3711,0,1,1,,2,010,"INTERSTATE 8 (I-8) WESTBOUND","SUNSET CLIFFS BOULEVARD",1660.00,E,N,A,-,Y,,,8,,,,,,W,Y,1,1,1,2,A,-,01,23152,A,N,A,C,A,A,H,-,D,D,0,,,,,Y,Y,A,07,1,0,0,0,0,0,0,0,0,"- ","- ",32.756580352783203,-117.22978210449219,"SAN DIEGO","SAN DIEGO",-117.22977447509766,32.756561279296875
91748290,2021,2022-04-14,9645,2021-12-02,2303,019577,,4,3,7,3711,0,1,3,,1,004,"INTERSTATE 5 SOUTHBOUND","CAMINO DE LA PLAZA",223.00,N,N,B,C,Y,,,5,,,,,,S,Y,2,0,1,2,A,-,05,21651,B,F,B,C,A,A,H,-,C,D,0,,,Y,,Y,,A,01,1,0,0,0,0,0,0,0,1,"- ","- ",32.54486083984375,-117.03324127197266,"SAN DIEGO","SAN DIEGO",-117.03331756591797,32.544742584228516
91750203,2022,2022-04-18,9645,2022-04-10,2335,022426,,7,3,7,3711,0,1,1,,2,010,"INTERSTATE 8 EASTBOUND","INTERSTATE 5",1800.00,W,N,A,-,Y,SD,,8,,L,2.027,H,,R,Y,2,0,1,1,A,-,01,23152,A,N,E,I,A,A,H,-,D,D,0,,,,,Y,Y,A,07,1,0,0,0,0,0,0,0,0,"- ","- ",32.758781433105469,-117.21002197265625,"SAN DIEGO","SAN DIEGO",-117.21003723144531,32.758853912353516
91750990,2022,2022-04-19,9650,2022-04-11,0535,019594,,1,3,9,3700,0,1,3,,1,028,SR-76,"MAGEE RD",7392.00,E,N,B,-,Y,SD,,76,,,26.039,H,,R,Y,2,0,3,2,A,-,01,23152,F,N,A,C,A,A,H,-,B,D,0,,,,,Y,Y,A,08,1,0,2,0,0,0,0,0,0,"- ","- ",33.355701446533203,-117.03600311279297,"SAN DIEGO",UNINCORPORATED,-117.03602600097656,33.355644226074219
91751564,2022,2022-04-19,9650,2022-04-03,2351,018406,,7,3,5,3782,0,1,1,,2,007,"I-5 N/B","SANTA FE DR",1220.00,S,N,B,-,Y,SD,,5,,R,40.362,H,,R,N,1,1,0,3,A,-,11,21954,A,F,G,B,E,A,D,-,C,D,0,Y,,,,Y,,N,60,0,0,0,1,0,0,0,0,0,"- ","- ",33.033161163330078,-117.27928924560547,"SAN DIEGO",ENCINITAS,-117.27925109863281,33.033180236816406
91752455,2022,2022-04-20,9650,2022-04-09,0450,022031,,6,3,9,3700,0,1,1,,2,021,"I-15 N/B","GOPHER CANYON RD",55.00,S,N,A,-,Y,SD,,15,,R,40.844,H,,R,Y,2,0,2,2,A,-,08,22107,,N,E,I,A,A,H,-,D,D,0,,,,,Y,,A,07,1,1,0,0,0,0,0,0,0,"- ","- ",33.252620697021484,-117.15570068359375,"SAN DIEGO",UNINCORPORATED,-117.15554046630859,33.252666473388672
91756120,2022,2022-04-25,9680,2022-04-13,1715,019870,,3,2,9,3700,0,1,1,,2,085,"I-8 W/B",SR-79,2112.00,E,N,A,-,Y,SD,,8,,R,38.236,H,,L,Y,2,0,1,1,A,-,08,22107,,N,E,I,A,A,H,-,A,D,0,,,,,Y,,A,07,1,0,0,0,0,0,0,0,0,"- ","- ",32.824501037597656,-116.61961364746094,"SAN DIEGO",UNINCORPORATED,-116.61961364746094,32.824489593505859
9175964,2020,2020-12-30,3711,2020-10-12,2053,6513,,1,5,7,3711,0,0,0,,0,712,"BEYER BL","CAMINITO DE LOS NINOS",127.00,E,N,A,-,N,,,,,,,,,,Y,2,0,1,5,A,-,08,22107,,N,E,E,A,A,H,-,C,A,0,,,,,Y,Y,A,01,1,0,0,0,0,0,0,0,0,"- ","- ",,,"SAN DIEGO","SAN DIEGO",-117.04615783691406,32.558242797851562
91760898,2022,2022-04-29,9645,2022-04-21,0935,015270,,4,1,7,3711,0,1,1,,2,015,"I-805 N/B",SR-52,150.00,N,N,A,-,Y,SD,,805,,,23.755,H,,R,N,2,0,1,2,A,-,03,22350,,N,C,C,A,A,H,-,A,D,0,,,,,Y,,A,01,1,0,0,0,0,0,0,0,0,"- ","- ",32.8489990234375,-117.17865753173828,"SAN DIEGO","SAN DIEGO",-117.17878723144531,32.848941802978516
91761304,2022,2022-04-29,9680,2022-04-19,1806,018907,,2,2,9,3700,0,3,5,,2,003,"ALPINE HEIGHTS RD","CALLE DE TIERRA",250.00,E,N,A,-,N,,,,,,,,,,N,2,0,1,2,A,-,03,22350,,N,H,J,A,A,H,-,A,A,0,,,,,Y,,A,07,1,0,0,0,0,0,0,0,0,"- ","- ",32.819099426269531,-116.78736114501953,"SAN DIEGO",UNINCORPORATED,-116.78737640380859,32.819049835205078
91763722,2022,2022-05-03,9645,2022-04-15,1435,020867,,5,2,6,3702,0,1,1,,2,009,"I-805 N/B","H STREET",300.00,N,N,A,-,Y,SD,,805,,,7.242,H,,R,Y,2,0,3,3,A,-,08,22107,,N,D,C,A,A,H,-,A,D,0,,,,,Y,,A,01,1,2,0,0,0,0,0,0,0,"- ","- ",32.641521453857422,-117.05608367919922,"SAN DIEGO","CHULA VISTA",-117.05612182617188,32.641494750976562