CASE_ID,ACCIDENT_YEAR,PROC_DATE,JURIS,COLLISION_DATE,COLLISION_TIME,OFFICER_ID,REPORTING_DISTRICT,DAY_OF_WEEK,CHP_SHIFT,POPULATION,CNTY_CITY_LOC,SPECIAL_COND,BEAT_TYPE,CHP_BEAT_TYPE,CITY_DIVISION_LAPD,CHP_BEAT_CLASS,BEAT_NUMBER,PRIMARY_RD,SECONDARY_RD,DISTANCE,DIRECTION,INTERSECTION,WEATHER_1,WEATHER_2,STATE_HWY_IND,CALTRANS_COUNTY,CALTRANS_DISTRICT,STATE_ROUTE,ROUTE_SUFFIX,POSTMILE_PREFIX,POSTMILE,LOCATION_TYPE,RAMP_INTERSECTION,SIDE_OF_HWY,TOW_AWAY,COLLISION_SEVERITY,NUMBER_KILLED,NUMBER_INJURED,PARTY_COUNT,PRIMARY_COLL_FACTOR,PCF_CODE_OF_VIOL,PCF_VIOL_CATEGORY,PCF_VIOLATION,PCF_VIOL_SUBSECTION,HIT_AND_RUN,TYPE_OF_COLLISION,MVIW,PED_ACTION,ROAD_SURFACE,ROAD_COND_1,ROAD_COND_2,LIGHTING,CONTROL_DEVICE,CHP_ROAD_TYPE,PEDESTRIAN_ACCIDENT,BICYCLE_ACCIDENT,MOTORCYCLE_ACCIDENT,TRUCK_ACCIDENT,NOT_PRIVATE_PROPERTY,ALCOHOL_INVOLVED,STWD_VEHTYPE_AT_FAULT,CHP_VEHTYPE_AT_FAULT,COUNT_SEVERE_INJ,COUNT_VISIBLE_INJ,COUNT_COMPLAINT_PAIN,COUNT_PED_KILLED,COUNT_PED_INJURED,COUNT_BICYCLIST_KILLED,COUNT_BICYCLIST_INJURED,COUNT_MC_KILLED,COUNT_MC_INJURED,PRIMARY_RAMP,SECONDARY_RAMP,LATITUDE,LONGITUDE,COUNTY,CITY,POINT_X,POINT_Y
92367923,2024,2024-04-18,9680,2024-04-07,1810,021501,,7,2,9,3700,0,1,3,,1,051,SR-79,"AGUANGA RANCHOS ROAD",10560.00,S,N,A,-,Y,SD,,79," "," ",51.253,H,,R,Y,2,0,1,1,A,-,03,22350,,N,F,A,A,A,H,-,A,A,0,,,Y,,Y,,C,02,1,0,0,0,0,0,0,0,1,"- ","- ",33.409400939941406,-116.81619262695312,"SAN DIEGO",UNINCORPORATED,-116.81621551513672,33.409366607666016
92371942,2024,2024-04-22,9645,2024-02-18,1719,020180,,7,2,7,3711,0,1,1,,2,019,"INTERSTATE 15 NORTHBOUND","WEST BERNARDO DRIVE",2008.00,S,N,A,-,Y,SD,,15," ",M,25.632,H,,R,Y,1,1,0,1,A,-,08,22107,,N,F,I,A,A,H,-,A,D,0,,,,,Y,,A,01,0,0,0,0,0,0,0,0,0,"- ","- ",33.050319671630859,-117.07251739501953,"SAN DIEGO","SAN DIEGO",-117.07273101806641,33.050315856933594
92372900,2024,2024-04-23,9650,2024-04-13,"39  ",022911,,6,3,9,3700,0,2,4,,1,027,"VALLEY CENTER RD","N RESORT DR",5.00,S,N,B,-,N,,,,,,,,,,Y,2,0,2,2,A,-,03,22350,,F,C,C,A,A,H,-,C,A,0,,,,,Y,,E,22,1,1,0,0,0,0,0,0,0,"- ","- ",33.268569946289062,-116.95372009277344,"SAN DIEGO",UNINCORPORATED,-116.95371246337891,33.268714904785156
92378649,2023,2024-04-30,9680,2023-12-26,1635,016102,,2,2,9,3700,0,1,1,,2,086,"INTERSTATE 8 WEST","MCCAIN VALLEY ROAD",16368.00,E,N,A,-,Y,SD,,8," ",R,70.981,H,,R,Y,1,1,1,1,A,-,08,22107,,N,E,I,A,A,H,-,A,D,0,,,,,Y,Y,A,07,0,1,0,0,0,0,0,0,0,"- ","- ",32.660228729248047,-116.20774078369141,"SAN DIEGO",UNINCORPORATED,-116.2078857421875,32.660007476806641
9237870,2021,2021-04-06,3705,2021-03-01,1447,EC0371,,1,5,5,3705,0,0,0,,0,004,"W CHASE AV","ESTES ST",187.00,W,N,A,-,N,,,,,,,,,,N,2,0,1,2,A,-,01,23152,A,N,C,C,A,A,H,-,A,D,0,,,,,Y,Y,D,22,1,0,0,0,0,0,0,0,0,"- ","- ",,,"SAN DIEGO","EL CAJON",-116.96721649169922,32.780410766601562
92379283,2023,2024-06-12,9650,2023-10-01,2209,021528,,7,3,9,3700,0,3,5,,2,006,"EAST ALVARADO STREET","ELLIS LANE",175.00,E,N,A,-,N,,,,,,,,,,Y,1,1,0,4,A,-,01,23152,G,N,C,2,A,A,H,-,D,D,0,,,Y,,Y,Y,C,02,0,0,0,0,0,0,0,1,0,"- ","- ",33.382011413574219,-117.24102783203125,"SAN DIEGO",UNINCORPORATED,-117.24108123779297,33.381988525390625
92380515,2024,2024-05-02,9680,2024-04-20,2100,022893,,6,2,9,3700,0,1,3,,1,051,SR-79,"FINK RD",1848.00,N,N,A,-,Y,SD,,79," "," ",40.523,H,,R,Y,2,0,1,1,A,-,01,23152,A,N,F,A,A,A,H,-,D,D,0,,,,,Y,Y,D,22,1,0,0,0,0,0,0,0,0,"- ","- ",33.317459106445312,-116.69484710693359,"SAN DIEGO",UNINCORPORATED,-116.69487762451172,33.317432403564453
9238255,2021,2021-04-06,3710,2021-03-08,1327,OC1493,,1,5,6,3710,0,0,0,,0,027,"BUENA HILLS DR","CALLE OSUNA",330.00,S,N,A,-,N,,,,,,,,,,N,2,0,1,2,A,-,08,22107,,N,G,B,E,A,H,-,A,D,0,Y,,,,Y,,A,01,1,0,0,0,1,0,0,0,0,"- ","- ",,,"SAN DIEGO",OCEANSIDE,-117.30579376220703,33.186325073242188
92383102,2023,2024-08-14,9680,2023-06-22,2155,021839,,4,2,9,3700,0,2,4,,1,026,"JAMACHA BOULEVARD","LAMPLIGHTER VILLAGE DRIVE",110.00,E,N,A,-,N,,,,,,,,,,N,1,1,0,2,A,-,11,21954,A,F,G,B,D,A,H,-,C,D,0,Y,,,,Y,Y,N,60,0,0,0,1,0,0,0,0,0,"- ","- ",32.729911804199219,-116.96147155761719,"SAN DIEGO",UNINCORPORATED,-116.96147918701172,32.729850769042969
92387113,2024,2025-09-09,9650,2024-04-21,1310,023524,,7,1,9,3700,0,1,3,,1,028,"STATE ROUTE 76","HORSE RANCH CREEK ROAD",3453.00,E,N,A,-,Y,SD,,76," "," ",18.841,H,,R,Y,2,0,1,4,A,-,03,22350,,N,A,C,A,A,H,-,A,D,0,,,Y,,Y,Y,C,02,1,0,0,0,0,0,0,0,1,"- ","- ",33.341121673583984,-117.13688659667969,"SAN DIEGO",UNINCORPORATED,-117.13690185546875,33.341106414794922
9238779,2021,2021-04-13,3700,2021-02-06,1534,SH0013,,6,5,4,3780,0,0,0,,0,410,"TWIN PEAKS RD","SILVERSET ST",440.00,E,N,A,-,N,,,,,,,,,,Y,2,0,1,2,C,-,18,,,N,B,C,A,A,H,-,A,D,0,,,,,Y,,-,"- ",1,0,0,0,0,0,0,0,0,"- ","- ",,,"SAN DIEGO",POWAY,-117.05030059814453,32.977897644042969
92388133,2024,2024-07-23,9650,2024-01-13,"435 ",022139,,6,3,5,3701,0,1,1,,2,005,"I-5 SOUTHBOUND","PALOMAR AIRPORT ROAD",1650.00,N,N,A,-,Y,SD,,5," ",R,47.265,H,,L,Y,1,2,2,3,A,-,01,23152,A,N,C,C,A,A,H,-,D,D,0,,,,,Y,Y,A,01,1,0,1,0,0,0,0,0,0,"- ","- ",33.125221252441406,-117.32405853271484,"SAN DIEGO",CARLSBAD,-117.32407379150391,33.125213623046875
9241238,2021,2021-04-02,3702,2021-02-17,1720,CV1298,,3,5,6,3702,0,0,0,,0,041,"EAST PALOMAR ST","SANTA OLIVIA RD",0.00,,Y,A,-,N,,,,,,,,,,Y,2,0,4,4,A,-,00,23133,A,N,-,C,A,A,H,-,B,A,0,,,,,Y,Y,A,07,3,0,1,0,0,0,0,0,0,"- ","- ",,,"SAN DIEGO","CHULA VISTA",-117.01152038574219,32.618438720703125
92412970,2024,2024-06-12,9650,2024-04-19,2017,022911,,5,2,9,3700,0,2,4,,1,027,"VALLEY CENTER ROAD","WEST TRIBAL ROAD",0.00,,Y,A,-,N,,,,,,,,,,Y,1,1,1,2,A,-,09,21802,A,N,D,C,A,A,H,-,D,D,0,,,,,Y,Y,A,01,0,1,0,0,0,0,0,0,0,"- ","- ",33.273880004882812,-116.95369720458984,"SAN DIEGO",UNINCORPORATED,-116.95366668701172,33.27386474609375
9241912,2021,2021-04-19,3710,2021-03-27,1258,OC1203,,6,5,6,3710,0,0,0,,0,001,"S HARBOR DR","NORTH HARBOR DR",127.00,S,N,A,-,N,,,,,,,,,,N,2,0,2,2,A,-,03,22350,,N,D,G,A,A,H,-,A,D,0,,Y,,,Y,,L,04,1,1,0,0,0,0,2,0,0,"- ","- ",,,"SAN DIEGO",OCEANSIDE,-117.38986206054688,33.207012176513672
92421736,2024,2024-06-24,9650,2024-06-16,"210 ",022924,,7,3,9,3700,0,3,5,,2,050,"INTERSTATE 5 NORTHBOUND","POINSETTA LANE",0.00,,Y,A,-,Y,SD,,5," ",R,45.024,H,,R,Y,2,0,2,2,A,-,08,22107,,N,C,C,A,A,H,-,C,D,0,,,,,Y,,-,"- ",1,1,0,0,0,0,0,0,0,"- ","- ",33.096439361572266,-117.30589294433594,"SAN DIEGO",UNINCORPORATED,-117.30587005615234,33.096446990966797
9243130,2021,2021-04-12,3711,2021-02-12,1917,SD7461,,5,5,7,3711,0,0,0,,0,451,"54TH ST","LAUREL ST",98.00,N,N,A,-,N,,,,,,,,,,N,2,0,1,2,A,-,11,21954,A,N,G,B,D,A,H,-,C,D,0,Y,,,,Y,Y,N,60,1,0,0,0,1,0,0,0,0,"- ","- ",,,"SAN DIEGO","SAN DIEGO",-117.07990264892578,32.73095703125
92431493,2024,2024-07-05,9645,2024-06-23,1145,020515,,7,1,7,3711,0,1,1,,2,005,"INTERSTATE 5 (NORTHBOUND)","INTERSTATE 5 NORTHBOUND TO MISSION BAY DRIVE",634.00,S,N,A,-,Y,SD,,5," ",R,22.752,H,,R,Y,2,0,1,2,A,-,08,22107,,N,C,2,A,A,H,-,A,D,0,,,Y,,Y,,A,01,1,0,0,0,0,0,0,0,1,"- ","- ",32.797248840332031,-117.20961761474609,"SAN DIEGO","SAN DIEGO",-117.20963287353516,32.797245025634766
92434325,2024,2024-07-09,9645,2024-06-28,"540 ",022814,,5,3,7,3711,0,1,3,,2,002,"SR-905 WB TO LA MEDIA ROAD","LA MEDIA ROAD",1150.00,E,N,A,-,Y,,,,,,,,,,Y,2,0,1,1,A,-,03,22350,,N,E,J,A,A,H,-,A,D,0,,,Y,,Y,,C,02,1,0,0,0,0,0,0,0,1,"- ","- ",32.56475830078125,-116.95845794677734,"SAN DIEGO","SAN DIEGO",-116.95869445800781,32.564338684082031
92435108,2024,2024-07-10,9645,2024-06-22,"247 ",022962,,6,3,7,3711,0,1,1,,2,027,"INTERSTATE 15 NORTHBOUND","FRAIRS ROAD",2615.00,N,N,A,-,Y,SD,,15," ",R,7.313,H,,R,Y,2,0,2,1,A,-,01,23152,A,F,E,I,A,A,H,-,D,D,0,,,,,Y,Y,A,07,1,1,0,0,0,0,0,0,0,"- ","- ",32.795310974121094,-117.11174011230469,"SAN DIEGO","SAN DIEGO",-117.11192321777344,32.795307159423828
92435911,2024,2024-07-11,9645,2024-06-22,2347,022932,,6,3,7,3711,0,1,1,,2,003,"INTERSTATE-5 N/B","STATE ROUTE-15 FREEWAY",700.00,N,N,A,-,Y,SD,,5," ",R,12.707,H,,R,Y,2,0,1,2,A,-,01,23152,A,N,C,C,A,A,H,-,E,D,0,,,,,Y,Y,A,01,1,0,0,0,0,0,0,0,0,"- ","- ",32.693489074707031,-117.12255859375,"SAN DIEGO","SAN DIEGO",-117.12252807617188,32.693534851074219
92436394,2023,2024-07-11,9645,2023-05-28,2130,022932,,7,2,6,3702,0,1,1,,2,001,"INTERSTATE 5 SOUTHBOUND","L STREET OVER CROSSING",1200.00,S,N,A,-,Y,SD,,5," "," ",7.069,H,,L,Y,1,1,0,2,A,-,08,22107,,N,C,C,A,A,H,-,C,D,0,,,Y,,Y,Y,C,02,0,0,0,0,0,0,0,1,0,"- ","- ",32.618858337402344,-117.09211730957031,"SAN DIEGO","CHULA VISTA",-117.09202575683594,32.618885040283203
92437925,2023,2024-07-12,9645,2023-12-30,"810 ",017723,,6,1,7,3711,0,1,1,,2,021,"STATE ROUTE 15 SB TO INTERSTATE 805 SB","STATE ROUTE 15",2640.00,S,N,C,-,Y,,,,,,,,,,Y,1,1,0,1,A,-,03,22350,,N,E,8,A,B,H,-,A,A,0,,,,,Y,,A,08,0,0,0,0,0,0,0,0,0,"- ","- ",32.736770629882812,-117.11504364013672,"SAN DIEGO","SAN DIEGO",,
92441188,2024,2024-07-17,9650,2024-05-29,1830,021876,,3,2,9,3700,0,3,5,,2,213,"RAINBOW VALLEY BLVD","5TH ST",1056.00,N,N,A,-,N,,,,,,,,,,Y,2,0,1,2,A,-,09,21801,A,N,D,C,A,A,H,-,A,D,0,,,Y,,Y,,D,22,1,0,0,0,0,0,0,0,1,"- ","- ",33.416400909423828,-117.14768218994141,"SAN DIEGO",UNINCORPORATED,-117.14765930175781,33.416824340820312
92441424,2024,2024-09-09,9650,2024-07-07,"153 ",021935,,7,3,9,3700,0,1,1,,2,003,"I-5 S/B","LAS PULGAS RD",340.00,S,N,A,-,Y,SD,,5," ",R,62.017,H,,L,Y,2,0,1,5,A,-,08,22107,,N,B,C,A,A,H,-,D,D,0,,,Y,,Y,,C,02,1,0,0,0,0,0,0,0,1,"- ","- ",33.298011779785156,-117.46381378173828,"SAN DIEGO",UNINCORPORATED,-117.46382904052734,33.297992706298828
92442626,2024,2024-07-18,9650,2024-07-06,"505 ",022588,,6,3,9,3700,0,1,3,,1,028,"SR-76 WB","CUCA LOOP E",0.00,,Y,B,-,Y,SD,,76," "," ",38.458,H,,L,Y,2,0,2,1,A,-,01,23152,G,N,F,J,A,A,H,-,B,D,0,,,,,Y,Y,A,01,1,1,0,0,0,0,0,0,0,"- ","- ",33.292320251464844,-116.89643859863281,"SAN DIEGO",UNINCORPORATED,-116.89643096923828,33.292335510253906
92444811,2024,2025-07-30,9650,2024-07-10,1725,021935,,3,2,9,3700,0,3,5,,2,170,"E VISTA WAY","HUTCHINSON ST",27.00,E,N,A,-,N,,,,,,,,,,Y,2,0,2,2,A,-,09,21800,A,N,D,C,A,A,H,-,A,C,0,,,Y,,Y,,A,01,1,0,1,0,0,0,0,0,1,"- ","- ",33.2506103515625,-117.23062133789062,"SAN DIEGO",UNINCORPORATED,-117.23047637939453,33.250614166259766
92472738,2024,2024-07-22,9650,2024-07-11,1725,022586,,4,2,9,3700,0,3,5,,2,191,"DISCOVERY ST","SAN PABLO ST",0.00,,Y,A,-,N,,,,,,,,,,N,2,0,1,2,A,-,09,21801,A,N,D,C,A,A,H,-,A,D,0,,,Y,,Y,,A,01,1,0,0,0,0,0,0,0,1,"- ","- ",33.130001068115234,-117.19986724853516,"SAN DIEGO",UNINCORPORATED,-117.19979095458984,33.129989624023438
9249254,2020,2021-04-22,3700,2020-12-02,1416,SH6068,,3,5,4,3707,0,0,0,,0,705,"ELM AV","GEORGIA CT",0.00,,Y,A,-,N,,,,,,,,,,N,2,0,1,2,A,-,09,21801,A,N,A,C,A,A,H,-,A,D,0,,,Y,,Y,,A,01,1,0,0,0,0,0,0,0,1,"- ","- ",,,"SAN DIEGO","IMPERIAL BEACH",-117.10443115234375,32.580661773681641
9250183,2021,2021-05-03,3710,2021-04-11,2042,OC1502,,7,5,6,3710,0,0,0,,0,016,"EL CAMINO REAL","MISSION AV",528.00,S,N,A,-,N,,,,,,,,,,Y,2,0,1,1,A,-,03,22350,,N,E,I,A,A,H,-,C,D,0,,,,,Y,,A,01,1,0,0,0,0,0,0,0,0,"- ","- ",,,"SAN DIEGO",OCEANSIDE,-117.33101654052734,33.225860595703125
9250983,2021,2021-05-05,3700,2021-04-11,1430,SH0599,,7,5,5,3713,0,0,0,,0,319,"SOUTH MELROSE DR","BUENA VISTA DR",1225.00,N,N,A,-,N,,,,,,,,,,N,2,0,1,2,D,-,00,,,F,B,C,A,A,H,-,A,D,0,,,Y,,Y,,-,"- ",1,0,0,0,0,0,0,0,1,"- ","- ",,,"SAN DIEGO",VISTA,-117.25038146972656,33.169113159179688
9251268,2021,2021-04-30,3711,2021-03-05,1120,SD1331,,5,5,7,3711,0,0,0,,0,824,"FAIRMOUNT AV","MONTEZUMA RD",0.00,,Y,A,-,N,,,,,,,,,,Y,2,0,2,2,-,-,"- ",,A,N,D,C,A,A,H,-,A,D,0,,,,,Y,Y,A,01,2,0,0,0,0,0,0,0,0,"- ","- ",,,"SAN DIEGO","SAN DIEGO",-117.09698486328125,32.772403717041016
9252994,2021,2021-04-27,3711,2021-04-08,2310,SD6927,,4,5,7,3711,0,0,0,,0,122,"GRAND AV","MISSION BL",0.00,,Y,A,-,N,,,,,,,,,,N,2,0,1,1,A,-,08,22107,,N,E,I,A,A,H,-,C,D,0,,,Y,,Y,Y,C,03,1,0,0,0,0,0,0,0,1,"- ","- ",,,"SAN DIEGO","SAN DIEGO",-117.25492095947266,32.794712066650391
9256158,2021,2021-06-08,3700,2021-04-09,1415,SD6366,,5,5,2,3704,0,0,0,,0,933,"DEL MAR HEIGHTS RD","MAR SCENIC DR",126.00,E,N,A,-,N,,,,,,,,,,Y,1,1,0,2,A,-,10,21954,B,F,G,B,D,A,H,-,A,D,0,Y,,,,Y,,A,01,0,0,0,1,0,0,0,0,0,"- ","- ",,,"SAN DIEGO","DEL MAR",-117.25387573242188,32.948986053466797
9256172,2020,2021-06-03,3700,2020-10-29,1950,SH0214,,4,5,4,3720,0,0,0,,0,602,"MASSACHUSETTS AV",BROADWAY,333.00,S,N,A,-,N,,,,,,,,,,Y,1,1,0,2,A,-,01,21200,5,N,H,G,A,A,H,-,C,D,0,,Y,,,Y,Y,L,04,0,0,0,0,0,1,0,0,0,"- ","- ",,,"SAN DIEGO","LEMON GROVE",-117.04286193847656,32.741706848144531
9256331,2021,2023-07-18,3708,2021-06-02,2019,LM1158,,3,5,5,3708,0,0,0,,0,004,"FLETCHER PKWY","SOUTHERN RD",18.00,N,N,A,-,N,,,,,,,,,,Y,1,1,2,3,A,-,03,22350,,N,D,C,A,A,H,-,B,A,0,,,Y,,Y,Y,C,02,0,1,1,0,0,0,0,1,0,"- ","- ",,,"SAN DIEGO","LA MESA",-117.00196075439453,32.792499542236328
9256369,2021,2021-07-20,3711,2021-05-21,2302,SD6000,,5,5,7,3711,0,0,0,,0,614,"4800 NIAGARA AV NORTH ALLEY","1800 SUNSET CLIFFS BL",259.00,W,N,A,-,N,,,,,,,,,,N,1,1,0,2,A,-,03,22350,,F,G,B,E,A,H,-,C,D,0,Y,,,,Y,Y,-,99,0,0,0,1,0,0,0,0,0,"- ","- ",,,"SAN DIEGO","SAN DIEGO",-117.24900817871094,32.744338989257812
9256485,2021,2021-08-27,3709,2021-02-15,0122,NC0529,,1,5,5,3709,0,0,0,,0,021,"EAST PLAZA BL","RT 805",35.00,E,N,A,-,Y,SD,11,805,-,-,10.124,R,4,N,Y,1,1,2,1,A,-,01,23153,A,N,E,I,A,A,H,-,C,A,0,,,,,Y,Y,A,01,0,2,0,0,0,0,0,0,0,"- ",NF,,,"SAN DIEGO","NATIONAL CITY",-117.08328247070312,32.675006866455078
9257935,2021,2021-05-03,3711,2021-04-01,1249,SD6688,,4,5,7,3711,0,0,0,,0,531,"QUINCE DR","QUINCE DR 700",0.00,,Y,A,-,N,,,,,,,,,,N,2,0,1,1,A,-,03,22350,,N,A,I,A,A,H,-,A,D,0,,,,,Y,,A,07,1,0,0,0,0,0,0,0,0,"- ","- ",,,"SAN DIEGO","SAN DIEGO",-117.15940856933594,32.736618041992188
9259117,2021,2021-05-25,3711,2021-04-13,1331,SD6366,,2,5,7,3711,0,0,0,,0,822,"58TH ST","ADELAIDE AV",168.00,S,N,B,-,N,,,,,,,,,,N,2,0,1,2,A,-,05,21650,,M,B,C,A,A,H,-,A,D,0,,,Y,,Y,,C,02,1,0,0,0,0,0,0,0,1,"- ","- ",,,"SAN DIEGO","SAN DIEGO",-117.07286071777344,32.757160186767578
9259422,2021,2021-05-19,3711,2021-05-10,1705,1193,,1,5,7,3711,0,0,0,,0,451,"54TH ST","COLLEGE GROVE DR",0.00,,Y,A,-,N,,,,,,,,,,N,2,0,1,2,A,-,10,21950,A,M,G,B,B,A,H,-,A,A,0,Y,,,,Y,,A,01,1,0,0,0,1,0,0,0,0,"- ","- ",,,"SAN DIEGO","SAN DIEGO",-117.07965087890625,32.735862731933594
9259553,2021,2021-05-17,3711,2021-04-18,2309,6146,,7,5,7,3711,0,0,0,,0,613,"NIMITZ BL","ATASCADERO DR",1017.00,N,N,A,-,N,,,,,,,,,,Y,2,0,4,1,A,-,08,22107,,N,E,I,A,A,H,-,D,D,0,,,,,Y,,A,07,2,1,1,0,0,0,0,0,0,"- ","- ",,,"SAN DIEGO","SAN DIEGO",-117.232421875,32.742122650146484
9269631,2021,2021-06-10,3700,2021-04-25,1316,SH3913,,7,5,5,3712,0,0,0,,0,357,"BARHAM DR","RT 78",118.00,W,N,A,-,N,,,,,,,,,,N,2,0,1,2,A,-,03,22350,,N,C,G,A,A,H,-,A,D,0,,Y,,,Y,,A,08,1,0,0,0,0,0,1,0,0,"- ",EO,,,"SAN DIEGO","SAN MARCOS",-117.14147186279297,33.138717651367188
9272383,2021,2021-06-09,3711,2021-04-25,1507,5600,,7,5,7,3711,0,0,0,,0,122,"MISSION BL","OPAL ST",11.00,N,N,A,-,N,,,,,,,,,,Y,2,0,1,2,A,-,08,22107,,N,D,C,A,A,H,-,A,A,0,,,Y,,Y,,C,02,1,0,0,0,0,0,0,0,1,"- ","- ",,,"SAN DIEGO","SAN DIEGO",-117.25839233398438,32.8060302734375
9273815,2021,2021-07-12,3700,2021-05-16,1836,SH1911,,7,5,5,3712,0,0,0,,0,355,"N RANCHO SANTA FE RD","RT 78",50.00,N,N,A,-,Y,SD,11,78,-,-,10.739,R,4,E,Y,2,0,1,2,A,-,03,22350,,N,C,C,A,A,H,-,B,D,0,,,,,Y,,A,01,1,0,0,0,0,0,0,0,0,"- ",EO,,,"SAN DIEGO","SAN MARCOS",-117.19673156738281,33.148681640625
9274829,2021,2021-07-06,3711,2021-05-23,1641,SD7461,,7,5,7,3711,0,0,0,,0,813,"LINCOLN AV","HAMILTON ST",162.00,W,N,A,-,N,,,,,,,,,,N,2,0,1,2,A,-,05,21651,A,N,-,-,A,A,H,-,A,-,0,,Y,,,Y,Y,L,04,1,0,0,0,0,0,1,0,0,"- ","- ",,,"SAN DIEGO","SAN DIEGO",-117.13686370849609,32.750301361083984
92755706,2024,2024-07-26,9645,2024-07-17,"605 ",015494,,3,1,7,3711,0,1,1,,2,011,"I-805 N/B","UNIVERSITY AVE",25.00,N,N,A,-,Y,SD,,805," "," ",15.948,H,,R,N,2,0,1,3,A,-,03,22350,,N,C,C,A,A,H,-,A,D,0,,,Y,,Y,,C,02,1,0,0,0,0,0,0,0,1,"- ","- ",32.748771667480469,-117.12238311767578,"SAN DIEGO","SAN DIEGO",-117.12239074707031,32.748767852783203
9277557,2021,2021-06-16,3711,2021-02-20,1125,SD7791,,6,5,7,3711,0,0,0,,0,721,"PALM AV","16TH ST",0.00,,Y,A,-,N,,,,,,,,,,N,2,0,1,2,C,-,18,,,N,A,B,B,A,H,-,A,A,0,Y,,,,Y,Y,-,"- ",1,0,0,0,1,0,0,0,0,"- ","- ",,,"SAN DIEGO","SAN DIEGO",-117.09950256347656,32.583778381347656
9281701,2021,2021-07-07,3700,2021-04-22,1641,SH3208,,4,5,4,3707,0,0,0,,0,702,"PALM AV","13TH ST",0.00,,Y,A,-,N,,,,,,,,,,N,2,0,1,2,A,-,11,21954,A,N,G,B,D,A,H,-,A,A,0,Y,,,,Y,,N,60,1,0,0,0,1,0,0,0,0,"- ","- ",,,"SAN DIEGO","IMPERIAL BEACH",-117.10569000244141,32.583797454833984
9282826,2021,2021-07-20,3710,2021-06-16,1254,OC1177,,3,5,6,3710,0,0,0,,0,027,"COLLEGE BL","OCEANSIDE BL",50.00,N,N,A,-,N,,,,,,,,,,Y,2,0,4,4,C,-,18,,,N,C,C,A,A,H,-,A,A,0,,,,,Y,,-,"- ",3,0,1,0,0,0,0,0,0,"- ","- ",,,"SAN DIEGO",OCEANSIDE,-117.28505706787109,33.207267761230469
9283701,2021,2021-07-29,3711,2021-06-05,2317,SD6210,,6,5,7,3711,0,0,0,,0,524,"7TH ST","F ST",18.00,S,N,A,-,N,,,,,,,,,,N,2,0,1,1,A,-,17,21235,G,N,E,I,A,A,H,-,C,A,0,,,Y,,Y,Y,C,03,1,0,0,0,0,0,0,0,1,"- ","- ",,,"SAN DIEGO","SAN DIEGO",-117.15830993652344,32.713581085205078
9284787,2021,2021-07-23,3711,2021-07-03,1034,SD7626,,6,5,7,3711,0,0,0,,0,523,"E ST",5TH,0.00,,Y,A,-,N,,,,,,,,,,N,2,0,1,1,A,-,03,22350,,N,F,A,A,A,H,-,C,D,0,,,Y,,Y,Y,C,03,1,0,0,0,0,0,0,0,1,"- ","- ",,,"SAN DIEGO","SAN DIEGO",-117.16015625,32.714656829833984
9285923,2021,2021-08-13,3708,2021-07-01,1916,LM1294,,4,5,5,3708,0,0,0,,0,001,"EL CAJON BL","GUAVA AV",0.00,,Y,A,-,N,,,,,,,,,,Y,2,0,1,2,A,-,09,21453,C,N,D,C,A,A,H,-,A,A,0,,,Y,,Y,,A,01,1,0,0,0,0,0,0,0,1,"- ","- ",,,"SAN DIEGO","LA MESA",-117.02822875976562,32.768821716308594
92878159,2024,2024-07-30,9650,2024-07-07,"49  ",023524,,7,3,9,3700,0,3,5,,2,070,"DEL DIOS HIGHWAY","EL CAMINO DEL NORTE",1373.00,E,N,A,-,N,,,,,,,,,,N,2,0,3,1,A,-,01,23152,A,N,E,8,A,A,H,-,D,D,0,,,,,Y,Y,A,01,3,0,0,0,0,0,0,0,0,"- ","- ",33.035701751708984,-117.17931365966797,"SAN DIEGO",UNINCORPORATED,-117.17947387695312,33.035785675048828
92878169,2024,2024-07-30,9650,2024-07-19,2100,022911,,5,2,9,3700,0,1,1,,2,001,"I-5 N/B","CRISTIANITOS RD",1698.00,S,N,A,-,Y,SD,,5," ",R,71.950,H,,R,Y,2,0,2,1,A,-,08,22107,,N,E,I,A,A,H,-,D,D,0,,,,,Y,,A,01,2,0,0,0,0,0,0,0,0,"- ","- ",33.391361236572266,-117.59001159667969,"SAN DIEGO",UNINCORPORATED,-117.58993530273438,33.391403198242188
92879939,2024,2024-07-30,9650,2024-07-22,2500,017952,,1,4,9,3700,0,3,5,,2,213,"E. GRADE RD.","S. GRADE RD",17952.00,E,N,A,-,N,,,,,,,,,,Y,2,0,1,1,A,-,08,22107,,N,E,8,A,A,H,-,D,D,0,,,,,Y,,D,22,1,0,0,0,0,0,0,0,0,"- ","- ",33.290538787841797,-116.82644653320312,"SAN DIEGO",UNINCORPORATED,-116.82428741455078,33.289989471435547
9295182,2021,2021-09-02,3705,2021-07-21,1908,EC0383,,3,5,5,3705,0,0,0,,0,002,"N MAGNOLIA AV","WISCONSIN AV",0.00,,Y,A,-,N,,,,,,,,,,N,2,0,1,2,A,-,09,21801,A,N,D,C,A,A,H,-,B,A,0,,,Y,,Y,,A,01,1,0,0,0,0,0,0,0,1,"- ","- ",,,"SAN DIEGO","EL CAJON",-116.96234893798828,32.799247741699219
9300709,2021,2021-08-16,3709,2021-07-22,0016,NC0490,,4,5,5,3709,0,0,0,,0,023,"E 22ND ST","POLE #P830447",36.00,E,N,A,-,N,,,,,,,,,,Y,2,0,1,1,A,-,08,22107,,F,F,I,A,A,H,-,D,D,0,,,,,Y,,A,01,1,0,0,0,0,0,0,0,0,"- ","- ",,,"SAN DIEGO","NATIONAL CITY",,