CASE_ID,ACCIDENT_YEAR,PROC_DATE,JURIS,COLLISION_DATE,COLLISION_TIME,OFFICER_ID,REPORTING_DISTRICT,DAY_OF_WEEK,CHP_SHIFT,POPULATION,CNTY_CITY_LOC,SPECIAL_COND,BEAT_TYPE,CHP_BEAT_TYPE,CITY_DIVISION_LAPD,CHP_BEAT_CLASS,BEAT_NUMBER,PRIMARY_RD,SECONDARY_RD,DISTANCE,DIRECTION,INTERSECTION,WEATHER_1,WEATHER_2,STATE_HWY_IND,CALTRANS_COUNTY,CALTRANS_DISTRICT,STATE_ROUTE,ROUTE_SUFFIX,POSTMILE_PREFIX,POSTMILE,LOCATION_TYPE,RAMP_INTERSECTION,SIDE_OF_HWY,TOW_AWAY,COLLISION_SEVERITY,NUMBER_KILLED,NUMBER_INJURED,PARTY_COUNT,PRIMARY_COLL_FACTOR,PCF_CODE_OF_VIOL,PCF_VIOL_CATEGORY,PCF_VIOLATION,PCF_VIOL_SUBSECTION,HIT_AND_RUN,TYPE_OF_COLLISION,MVIW,PED_ACTION,ROAD_SURFACE,ROAD_COND_1,ROAD_COND_2,LIGHTING,CONTROL_DEVICE,CHP_ROAD_TYPE,PEDESTRIAN_ACCIDENT,BICYCLE_ACCIDENT,MOTORCYCLE_ACCIDENT,TRUCK_ACCIDENT,NOT_PRIVATE_PROPERTY,ALCOHOL_INVOLVED,STWD_VEHTYPE_AT_FAULT,CHP_VEHTYPE_AT_FAULT,COUNT_SEVERE_INJ,COUNT_VISIBLE_INJ,COUNT_COMPLAINT_PAIN,COUNT_PED_KILLED,COUNT_PED_INJURED,COUNT_BICYCLIST_KILLED,COUNT_BICYCLIST_INJURED,COUNT_MC_KILLED,COUNT_MC_INJURED,PRIMARY_RAMP,SECONDARY_RAMP,LATITUDE,LONGITUDE,COUNTY,CITY,POINT_X,POINT_Y
9301718,2021,2023-06-21,3711,2021-08-28,0413,SD8000,,6,5,7,3711,0,0,0,,0,123,"INGRAHAM ST (BLOCK 2400)","INGRAHAM ST (BLOCK 2500)",37.00,E,N,B,-,N,,,,,,,,,,Y,1,1,0,2,A,-,11,21954,A,N,G,B,E,A,H,-,C,D,0,Y,,,,Y,,N,60,0,0,0,1,0,0,0,0,0,"- ","- ",,,"SAN DIEGO","SAN DIEGO",-117.233375,32.766112
9301751,2021,2021-10-21,3708,2021-08-20,2246,LM1225,,5,5,5,3708,0,0,0,,0,004,"GROSSMONT CENTER DR","HEALTHCARE DR",8.00,N,N,A,-,N,,,,,,,,,,Y,1,1,0,1,A,-,01,23152,B,N,E,I,A,A,H,-,C,A,0,,,Y,,Y,Y,C,02,0,0,0,0,0,0,0,1,0,"- ","- ",,,"SAN DIEGO","LA MESA",-117.00867462158203,32.779167175292969
9301753,2021,2021-10-21,3711,2021-09-08,0004,SD5972,,3,5,7,3711,0,0,0,,0,813,"UNIVERSITY AV","MISSISSIPPI ST",0.00,,Y,A,-,N,,,,,,,,,,N,1,1,0,2,A,-,10,21950,A,F,G,B,B,A,H,-,C,A,0,Y,,,,Y,Y,-,99,0,0,0,1,0,0,0,0,0,"- ","- ",,,"SAN DIEGO","SAN DIEGO",-117.14126586914062,32.748443603515625
9301792,2021,2023-06-21,3711,2021-06-12,0006,SD6967,,6,5,7,3711,0,0,0,,0,931,"MIRA MESA BL","FLANDERS DR",85.00,E,N,A,-,N,,,,,,,,,,Y,1,1,0,2,A,-,11,21954,A,N,G,B,E,A,H,-,C,D,0,Y,,,,Y,,N,60,0,0,0,1,0,0,0,0,0,"- ","- ",,,"SAN DIEGO","SAN DIEGO",-117.17685699462891,32.906684875488281
9301798,2021,2021-09-16,3700,2021-07-24,2310,SH3684,,6,5,5,3713,0,0,0,,0,302,"EAST VISTA WY","ARCADIA AV",187.00,N,N,A,-,N,,,,,,,,,,N,1,1,0,2,A,-,11,21955,,F,G,B,D,A,H,-,C,A,0,Y,,,,Y,Y,N,60,0,0,0,1,0,0,0,0,0,"- ","- ",,,"SAN DIEGO",VISTA,-117.22614288330078,33.225410461425781
9301801,2021,2021-09-16,3711,2021-08-20,0045,SD6513,,5,5,7,3711,0,0,0,,0,234,"BERNARDO HEIGHTS PKWY","CALLE PUEBLITO",524.00,W,N,A,-,N,,,,,,,,,,Y,1,2,0,1,A,-,08,22107,,N,E,I,A,A,H,-,D,D,0,,,,,Y,,A,01,0,0,0,0,0,0,0,0,0,"- ","- ",,,"SAN DIEGO","SAN DIEGO",-117.06350708007812,33.000450134277344
93050988,2024,2024-07-31,9645,2024-07-21,"155 ",023653,,7,3,7,3711,0,1,1,,2,001,"I-5 N/B","I-5 EAST ROAD EDGE",88.00,E,N,A,-,Y,,,,,,,,,,N,2,0,1,2,A,-,03,22350,,F,G,B,E,A,H,-,D,D,0,Y,,,,Y,Y,-,99,1,0,0,0,1,0,0,0,0,"- ","- ",32.672309875488281,-117.11029052734375,"SAN DIEGO","SAN DIEGO",-117.14957427978516,32.723052978515625
9309716,2021,2021-08-24,3702,2021-06-13,2025,CV1278,,7,5,6,3702,0,0,0,,0,012,BROADWAY,"E ST",185.00,N,N,A,-,N,,,,,,,,,,Y,2,0,1,1,A,-,01,23152,A,M,E,I,A,A,H,-,A,D,0,,,,,Y,Y,A,01,1,0,0,0,0,0,0,0,0,"- ","- ",,,"SAN DIEGO","CHULA VISTA",-117.09368896484375,32.641803741455078
9310700,2021,2021-09-20,3710,2021-07-27,2054,OC1507,,2,5,6,3710,0,0,0,,0,011,"MISSION AV","AIRPORT RD",0.00,,Y,A,-,N,,,,,,,,,,Y,2,0,2,2,A,-,01,23152,A,N,D,C,A,A,H,-,C,A,0,,,,,Y,Y,A,01,1,1,0,0,0,0,0,0,0,"- ","- ",,,"SAN DIEGO",OCEANSIDE,-117.34829711914062,33.213367462158203
9315459,2021,2021-09-03,3710,2021-08-09,0052,OC1420,,1,5,6,3710,0,0,0,,0,001,"S HARBOR DR","NORTH PACIFIC ST",163.00,W,N,A,-,N,,,,,,,,,,N,2,0,1,2,A,-,21,22106,,F,G,B,E,A,H,-,C,D,0,Y,,,,Y,,-,"- ",1,0,0,0,1,0,0,0,0,"- ","- ",,,"SAN DIEGO",OCEANSIDE,-117.39156341552734,33.203208923339844
9316365,2021,2021-09-18,3711,2021-08-25,0140,SD8672,,3,5,7,3711,0,0,0,,0,614,"SUNSET CLIFF BL","CORONADO AV",202.00,S,N,A,-,N,,,,,,,,,,Y,2,0,1,2,A,-,08,22107,,N,C,E,A,-,H,-,C,D,0,,,,,Y,Y,A,07,1,0,0,0,0,0,0,0,0,"- ","- ",,,"SAN DIEGO","SAN DIEGO",-117.25164031982422,32.740074157714844
9317010,2021,2021-09-16,3711,2021-07-24,2054,SD6967,,6,5,7,3711,0,0,0,,0,316,"SAN DIEGO MISSION RD","SAN DIEGO MISSION RD 9950",67.00,E,N,A,-,N,,,,,,,,,,N,2,0,1,1,A,-,08,22107,,N,F,J,A,A,H,-,E,D,0,,,,,Y,,-,,1,0,0,0,0,0,0,0,0,"- ","- ",,,"SAN DIEGO","SAN DIEGO",,
9320032,2020,2022-06-14,3705,2020-05-01,1305,EC0219,,5,5,5,3705,0,0,0,,0,004,"E CHASE AV","AVOCADO AV",319.00,E,N,A,-,N,,,,,,,,,,N,1,1,0,2,A,-,11,21950,B,N,G,B,D,A,H,-,A,A,0,Y,,,,Y,,N,60,0,0,0,1,0,0,0,0,0,"- ","- ",,,"SAN DIEGO","EL CAJON",-116.956787109375,32.780399322509766
9320076,2021,2023-06-20,3711,2021-10-06,0555,SD6532,,3,5,7,3711,0,0,0,,0,614,"W POINT LOMA AV","NIMITZ BL",0.00,,Y,B,-,N,,,,,,,,,,Y,1,1,0,2,A,-,11,21954,A,N,G,B,D,A,H,-,B,A,0,Y,,,,Y,,N,60,0,0,0,1,0,0,0,0,0,"- ","- ",,,"SAN DIEGO","SAN DIEGO",-117.23612213134766,32.751243591308594
9320112,2021,2023-06-20,3711,2021-06-09,1305,SD7233,,3,5,7,3711,0,0,0,,0,124,"WALL ST","IVANHOE AV",73.00,W,N,A,-,N,,,,,,,,,,N,1,1,0,2,A,-,21,22106,,N,G,B,D,A,H,-,A,D,0,Y,,,,Y,,A,07,0,0,0,1,0,0,0,0,0,"- ","- ",,,"SAN DIEGO","SAN DIEGO",-117.27230072021484,32.847164154052734
9320139,2021,2023-06-20,3711,2021-11-11,0439,SD6146,,4,5,7,3711,0,0,0,,0,611,"ROSECRANS ST","LYTTON ST",335.00,S,N,A,-,N,,,,,,,,,,Y,1,1,1,5,A,-,11,21954,A,F,G,B,E,A,H,-,C,D,0,Y,,,,Y,Y,N,60,0,1,0,1,1,0,0,0,0,"- ","- ",,,"SAN DIEGO","SAN DIEGO",-117.21285247802734,32.743740081787109
9320165,2021,2021-12-09,3700,2021-11-10,1603,SH0320,,3,5,5,3713,0,0,0,,0,308,"W VISTA WAY","GRAPEVINE RD",413.00,E,N,A,-,N,,,,,,,,,,Y,1,1,1,2,A,-,03,22350,,F,D,C,A,A,H,-,A,D,0,,,,,Y,,A,01,0,1,0,0,0,0,0,0,0,"- ","- ",,,"SAN DIEGO",VISTA,-117.27391052246094,33.190982818603516
9320202,2021,2023-07-18,3710,2021-08-06,2040,OC1185,,5,5,6,3710,0,0,0,,0,026,"EL CAMINO REAL","CAMINO TOWN",0.00,,Y,B,-,N,,,,,,,,,,Y,1,1,0,2,A,-,12,21453,A,N,G,B,B,A,H,-,C,A,0,Y,,,,Y,Y,A,07,0,0,0,1,0,0,0,0,0,"- ","- ",,,"SAN DIEGO",OCEANSIDE,-117.32776,33.185029999999998
9320206,2021,2021-12-21,3711,2021-10-15,1839,SD7461,,5,5,7,3711,0,0,0,,0,712,"E SAN YSIDRO","VIRGINIA AV",28.00,E,N,A,-,N,,,,,,,,,,N,1,1,0,2,A,-,11,21950,B,N,G,B,D,A,H,-,C,D,0,Y,,,,Y,,N,60,0,0,0,1,0,0,0,0,0,"- ","- ",,,"SAN DIEGO","SAN DIEGO",-117.03635406494141,32.549991607666016
9320208,2021,2021-12-21,3711,2021-10-20,0810,SD7233,,3,5,7,3711,0,0,0,,0,713,"OTAY MESA RD","SANYO  AV",277.00,,N,A,-,N,,,,,,,,,,Y,1,1,0,2,A,-,08,22100,B,N,D,C,A,A,H,-,A,D,0,,,,Y,Y,,A,01,0,0,0,0,0,0,0,0,0,"- ","- ",,,"SAN DIEGO","SAN DIEGO",-116.94072723388672,32.567508697509766
9320209,2021,2021-12-21,3711,2021-10-22,1945,SD7839,,5,5,7,3711,0,0,0,,0,621,"LINDA VISTA RD","GENESEE AV",289.00,S,N,B,-,N,,,,,,,,,,N,1,1,0,2,A,-,11,21954,A,F,G,B,D,A,H,-,E,D,0,Y,,,,Y,,N,60,0,0,0,1,0,0,0,0,0,"- ","- ",,,"SAN DIEGO","SAN DIEGO",-117.16657257080078,32.790946960449219
9320264,2021,2022-01-19,3711,2021-10-31,0558,SD5972,,7,5,7,3711,0,0,0,,0,713,"KERNS ST","KERNS ST 8800",0.00,,N,A,-,N,,,,,,,,,,N,1,1,0,3,A,-,08,22107,,N,G,B,F,A,H,-,C,D,0,Y,,Y,,Y,,A,01,0,0,0,1,0,0,0,0,0,"- ","- ",,,"SAN DIEGO","SAN DIEGO",-116.954511,32.550964
9320457,2022,2022-03-03,3711,2022-01-20,0146,SD4310,,4,5,7,3711,0,0,0,,0,813,"LINCOLN AV","34TH ST",0.00,,Y,A,-,N,,,,,,,,,,Y,1,1,0,1,A,-,03,22350,,N,E,I,A,A,H,-,C,D,0,,,Y,,Y,Y,C,02,0,0,0,0,0,0,0,1,0,"- ","- ",,,"SAN DIEGO","SAN DIEGO",-117.12046813964844,32.749794006347656
9320458,2022,2022-03-03,3711,2022-01-20,1910,SD7185,,4,5,7,3711,0,0,0,,0,111,"CLAIREMONT MESA BL","DOLIVA DR",445.00,E,N,A,-,N,,,,,,,,,,Y,1,1,0,2,A,-,11,21954,A,N,G,B,D,A,H,-,D,D,0,Y,,,,Y,,N,60,0,0,0,1,0,0,0,0,0,"- ","- ",,,"SAN DIEGO","SAN DIEGO",-117.17422485351562,32.834358215332031
9320550,2021,2022-03-22,3700,2021-11-04,1915,SH0084,,4,5,5,3782,0,0,0,,0,222,"ENCINITAS BL","PRINCEHOUSE WY",394.00,S,N,A,-,N,,,,,,,,,,Y,1,1,0,2,A,-,09,21804,A,N,D,C,A,A,H,-,C,D,0,,,,,Y,Y,A,01,0,0,0,0,0,0,0,0,0,"- ","- ",,,"SAN DIEGO",ENCINITAS,-117.27236175537109,33.046890258789062
9320594,2022,2022-04-07,3711,2022-03-06,1913,SD7759,,7,5,7,3711,0,0,0,,0,446,"LOGAN AV","S 49TH ST",184.00,E,N,A,-,N,,,,,,,,,,N,1,1,0,2,A,-,11,21950,B,F,G,B,D,A,H,-,B,D,0,Y,,,,Y,,N,60,0,0,0,1,0,0,0,0,0,"- ","- ",,,"SAN DIEGO","SAN DIEGO",-117.08884429931641,32.696796417236328
9320695,2021,2022-05-05,3705,2021-12-28,0557,EC0328,,2,5,5,3705,0,0,0,,0,002,BALLANTYNE,SANDALWOOD,0.00,S,N,C,-,N,,,,,,,,,,N,1,1,0,2,A,-,09,21802,A,F,G,B,D,B,H,-,C,D,0,Y,,,,Y,,D,22,0,0,0,1,0,0,0,0,0,"- ","- ",,,"SAN DIEGO","EL CAJON",-116.95816040039062,32.804702758789062
9320747,2021,2023-06-21,3711,2021-12-15,1735,SD7461,,3,5,7,3711,0,0,0,,0,931,"CAMINO SANTA FE","CAMINO SANTA  FE 8100",24.00,W,N,A,-,N,,,,,,,,,,N,1,1,0,2,A,-,11,21950,B,N,G,B,D,A,H,-,C,D,0,Y,,,,Y,,N,60,0,0,0,1,0,0,0,0,0,"- ","- ",,,"SAN DIEGO","SAN DIEGO",-117.172596,32.878523000000001
9320749,2021,2023-07-18,3710,2021-12-24,2325,OC1185,,5,5,6,3710,0,0,0,,0,026,"VISTA WY","ITALIA WY",32.30,E,N,B,-,N,,,,,,,,,,Y,1,1,0,1,D,-,00,,,N,E,I,A,B,H,-,C,A,0,,,,,Y,Y,-,"- ",0,0,0,0,0,0,0,0,0,"- ","- ",,,"SAN DIEGO",OCEANSIDE,-117.31333923339844,33.180774688720703
9320824,2022,2022-07-06,3711,2022-05-07,2100,SD6146,,6,5,7,3711,0,0,0,,0,611,"ROSECRANS ST","SPORTS ARENA BL",37.00,N,N,A,-,N,,,,,,,,,,Y,1,2,3,2,A,-,03,22350,,N,D,C,A,A,H,-,C,A,0,,,,,Y,Y,D,23,3,0,0,0,0,0,0,0,0,"- ","- ",,,"SAN DIEGO","SAN DIEGO",-117.20494079589844,32.751529693603516
9320828,2022,2022-07-06,3710,2022-02-18,1700,OC1185,,5,5,6,3710,0,0,0,,0,028,"COLLEGE BL","AVENIDA EMPRESSA",0.00,N,N,A,-,N,,,,,,,,,,Y,1,2,0,1,D,-,00,,,N,F,I,A,A,H,-,A,A,0,,,,,Y,,-,"- ",0,0,0,0,0,0,0,0,0,"- ","- ",,,"SAN DIEGO",OCEANSIDE,-117.29051971435547,33.221950531005859
9321143,2023,2025-06-28,3711,2023-01-22,"128 ",SD4310,,7,5,7,3711,0,0,0,,0,122,"RIVIERA DR","LA CIMA DR",325.00,S,N,A,-,N,,,,,,,,,,Y,1,1,2,4,A,-,03,22350,,N,C,E,-,A,H,-,C,D,0,Y,,,,Y,Y,D,22,0,2,0,1,1,0,0,0,0,"- ","- ",,,"SAN DIEGO","SAN DIEGO",-117.23876953125,32.781414031982422
9321184,2022,2023-03-13,3702,2022-04-14,2116,CV0986,,4,5,6,3702,0,0,0,,0,014,"H ST","ELM AV",0.00,,Y,A,-,N,,,,,,,,,,N,1,1,0,2,A,-,11,21954,A,N,G,B,E,A,H,-,C,A,0,Y,,,,Y,,N,60,0,0,0,1,0,0,0,0,0,"- ","- ",,,"SAN DIEGO","CHULA VISTA",-117.071533203125,32.635997772216797
9321187,2022,2023-03-13,3702,2022-11-08,2500,CV1004,,2,5,6,3702,0,0,0,,0,041,"TELEGRAPH CANYON RD","PASEO LADERA",785.00,W,N,C,-,N,,,,,,,,,,Y,1,1,0,1,A,-,03,22350,,N,E,I,A,B,A,-,C,D,0,,,,,Y,,A,07,0,0,0,0,0,0,0,0,0,"- ","- ",,,"SAN DIEGO","CHULA VISTA",-117.02309417724609,32.623851776123047
9322379,2021,2021-09-27,3700,2021-06-11,1306,SH0051,,5,5,4,3720,0,0,0,,0,602,"NEW JERSEY AV","PACIFIC AV",0.00,,Y,A,-,N,,,,,,,,,,Y,2,0,1,2,A,-,12,22450,A,N,D,C,A,A,H,-,A,A,0,,,Y,,Y,,A,01,1,0,0,0,0,0,0,0,1,"- ","- ",,,"SAN DIEGO","LEMON GROVE",-117.03639984130859,32.741676330566406
9323562,2021,2021-10-14,3705,2021-09-02,1520,EC5356,,4,5,5,3705,0,0,0,,0,003,"JAMACHA RD",ALADDIN,0.00,,Y,A,-,N,,,,,,,,,,Y,2,0,1,2,A,-,09,21804,A,N,D,C,A,A,H,-,A,D,0,,,Y,,Y,,A,01,1,0,0,0,0,0,0,0,1,"- ","- ",,,"SAN DIEGO","EL CAJON",-116.92899322509766,32.788593292236328
9323644,2021,2021-09-25,3709,2021-08-26,1146,NC0441,,4,5,5,3709,0,0,0,,0,024,"MILES OF CARS WY","WILSON AV",0.00,,Y,A,-,N,,,,,,,,,,Y,2,0,1,2,A,-,10,21950,A,N,A,B,B,A,H,-,A,A,0,Y,,,,Y,,-,,1,0,0,0,1,0,0,0,0,"- ","- ",,,"SAN DIEGO","NATIONAL CITY",-117.10648999999999,32.660539999999997
9324030,2021,2021-09-27,3710,2021-08-20,1707,OC1443,,5,5,6,3710,0,0,0,,0,022,"NORTH RIVER RD","WILSHIRE RD",945.00,E,N,A,-,N,,,,,,,,,,Y,2,0,3,2,A,-,03,22350,,N,A,C,A,A,H,-,A,D,0,,,,,Y,,A,01,1,2,0,0,0,0,0,0,0,"- ","- ",,,"SAN DIEGO",OCEANSIDE,-117.27418518066406,33.258953094482422
9336387,2021,2021-09-24,3711,2021-06-16,2211,SD6686,,3,5,7,3711,0,0,0,,0,821,"EL CAJON BL","FILIPO ST",0.00,,Y,A,-,N,,,,,,,,,,N,2,0,2,2,A,-,09,21801,A,N,D,C,A,A,H,-,D,D,0,,,Y,,Y,,A,01,1,0,1,0,0,0,0,0,2,"- ","- ",,,"SAN DIEGO","SAN DIEGO",-117.0592041015625,32.766326904296875
9339706,2021,2021-10-27,3711,2021-08-17,0210,SD6210,,2,5,7,3711,0,0,0,,0,514,"G ST","21ST ST",68.00,E,N,A,-,Y,SD,11,5,-,R,15.640,R,4,S,N,2,0,1,2,A,-,11,21954,A,F,G,B,D,A,H,-,C,D,0,Y,,,,Y,,N,60,1,0,0,0,1,0,0,0,0,"- ","- ",,,"SAN DIEGO","SAN DIEGO",-117.14920806884766,32.722141265869141
9339809,2021,2021-10-27,3710,2021-09-29,2148,OC1499,,3,5,6,3710,0,0,0,,0,014,"RT 76","BENET RD",213.00,E,N,A,-,Y,SD,11,76,-,R,1.810,H,-,W,Y,2,0,1,2,A,-,03,22350,,N,C,C,A,A,H,-,C,A,0,,,,,Y,,A,07,1,0,0,0,0,0,0,0,0,"- ","- ",,,"SAN DIEGO",OCEANSIDE,-117.35663604736328,33.215042114257812
9342226,2021,2022-01-12,3711,2021-09-22,2200,SD6000,,3,5,7,3711,0,0,0,,0,122,"MISSION BL","LAW ST",27.00,S,N,A,-,N,,,,,,,,,,Y,2,0,2,6,A,-,08,22107,,N,D,C,A,A,H,-,C,D,0,,,Y,,Y,Y,A,01,1,1,0,0,0,0,0,0,0,"- ","- ",,,"SAN DIEGO","SAN DIEGO",-117.25717926025391,32.802059173583984
9343766,2021,2021-11-04,3711,2021-09-30,1654,SD7989,,4,5,7,3711,0,0,0,,0,116,"GESNER ST","GESNER ST 4100",0.00,,-,A,-,N,,,,,,,,,,N,2,0,1,2,A,-,15,21201,A,N,B,-,A,A,H,-,A,D,0,,Y,,,Y,,L,04,1,0,0,0,0,0,1,0,0,"- ","- ",,,"SAN DIEGO","SAN DIEGO",-117.19965362548828,32.792842864990234
9344272,2021,2021-11-02,3711,2021-09-26,0508,SD1509,,7,5,7,3711,0,0,0,,0,614,"NEWPORT AV","NEWPORT AV 5080",0.00,,N,A,-,N,,,,,,,,,,N,2,0,1,2,A,-,08,38314,,N,G,B,E,A,H,-,B,D,0,Y,,,,Y,,A,01,1,0,0,0,1,0,0,0,0,"- ","- ",,,"SAN DIEGO","SAN DIEGO",-117.23526763916016,33.211261749267578
9345567,2021,2021-10-21,3711,2021-06-29,2255,SD7839,,2,5,7,3711,0,0,0,,0,813,"CYPRESS AV","PARK BL",0.00,,Y,B,-,N,,,,,,,,,,N,2,0,1,2,A,-,09,21804,A,N,D,C,A,A,H,-,D,D,0,,,Y,,Y,,C,03,1,0,0,0,0,0,0,0,1,"- ","- ",,,"SAN DIEGO","SAN DIEGO",-117.14755249023438,32.744312286376953
9349094,2021,2021-12-13,3711,2021-10-10,1055,SD7412,,7,5,7,3711,0,0,0,,0,243,"KEARNY VILLA RD","KEARNY VILLA RD 8800",0.00,,-,A,-,N,,,,,,,,,,Y,2,0,2,2,A,-,06,21755,A,N,B,C,A,A,H,-,A,D,0,,,Y,,Y,,C,03,1,1,0,0,0,0,0,0,2,"- ","- ",,,"SAN DIEGO","SAN DIEGO",-117.14020538330078,32.83074951171875
93491499,2024,2024-08-05,9650,2024-08-01,"110 ",021844,,4,3,9,3700,0,3,5,,2,231,"WOODS VALLEY RD","NORTH LAKE WOHLFORD RD",2640.00,W,N,A,-,N,,,,,,,,,,Y,2,0,1,1,A,-,03,22350,,N,F,A,A,A,H,-,D,D,0,,,,,Y,,A,07,1,0,0,0,0,0,0,0,0,"- ","- ",33.205650329589844,-116.97810363769531,"SAN DIEGO",UNINCORPORATED,-116.97843933105469,33.205509185791016
9349999,2021,2021-10-26,3709,2021-09-30,0322,NC0542,,4,5,5,3709,0,0,0,,0,021,"EAST DIVISION ST","N S AV",0.00,,Y,A,-,N,,,,,,,,,,Y,2,0,1,2,A,-,09,21801,A,F,A,C,A,A,H,-,C,D,0,,,,,Y,,D,22,1,0,0,0,0,0,0,0,0,"- ","- ",,,"SAN DIEGO","NATIONAL CITY",-117.08988952636719,32.688232421875
9350347,2021,2021-10-21,3711,2021-09-24,0430,SD6722,,5,5,7,3711,0,0,0,,0,235,"OLD MILKY WY","OLD MILKY WY 16100",0.00,,Y,A,-,N,,,,,,,,,,Y,2,0,1,2,A,-,21,22106,,N,B,C,A,A,H,-,D,-,0,,,Y,,Y,,C,02,1,0,0,0,0,0,0,0,1,"- ","- ",,,"SAN DIEGO","SAN DIEGO",,
9350795,2020,2021-10-29,3711,2020-12-02,0958,SD6946,,3,5,7,3711,0,0,0,,0,311,"AERO DR","SANDROCK RD",54.00,E,N,A,-,N,,,,,,,,,,Y,2,0,2,2,A,-,03,22350,,N,C,C,A,A,H,-,A,D,0,,,,,Y,Y,A,01,2,0,0,0,0,0,0,0,0,"- ","- ",,,"SAN DIEGO","SAN DIEGO",-117.13997650146484,32.809703826904297
9350932,2021,2021-12-02,3700,2021-09-07,0816,SH0113,,2,5,5,3713,0,0,0,,0,308,"NORTH MELROSE DR","GOLD DR",30.00,N,N,A,-,N,,,,,,,,,,Y,2,0,3,4,A,-,05,21651,C,N,A,C,A,A,H,-,A,D,0,,,,,Y,,A,01,3,0,0,0,0,0,0,0,0,"- ","- ",,,"SAN DIEGO",VISTA,-117.25566101074219,33.197536468505859
9353306,2021,2021-11-16,3709,2021-10-01,1257,NC0496,,5,5,5,3709,0,0,0,,0,023,"EUCLID AV","SWEETWATER RD",558.00,N,N,A,-,N,,,,,,,,,,N,2,0,1,2,A,-,08,22107,,N,G,B,E,A,H,-,A,D,0,Y,,,,Y,,A,01,1,0,0,0,1,0,0,0,0,"- ","- ",,,"SAN DIEGO","NATIONAL CITY",-117.07809448242188,32.662631988525391
9354578,2021,2021-10-26,3711,2021-05-19,0154,SD7839,,3,5,7,3711,0,0,0,,0,122,"HORNBLEND ST","EVERTS ST",21.00,E,N,B,-,N,,,,,,,,,,N,2,0,1,2,A,-,10,21950,A,F,G,B,D,A,H,-,C,D,0,Y,,,,Y,,-,,1,0,0,0,1,0,0,0,0,"- ","- ",,,"SAN DIEGO","SAN DIEGO",-117.24781799316406,32.797233581542969
9354728,2021,2021-11-10,3710,2021-10-09,1617,OC1443,,6,5,6,3710,0,0,0,,0,016,"DOUGLAS DR","RAINIER WY",14.00,S,N,A,-,N,,,,,,,,,,N,2,0,1,2,A,-,09,21801,A,F,D,G,A,A,H,-,A,A,0,,,,,Y,,A,01,1,0,0,0,0,0,0,0,0,"- ","- ",,,"SAN DIEGO",OCEANSIDE,-117.32260894775391,33.241691589355469
9354838,2021,2021-11-20,3711,2021-10-16,1837,SD6000,,6,5,7,3711,0,0,0,,0,9333,"DEL MAR HEIGHTS RD","MAR SCENIC DR",0.00,,Y,A,-,N,,,,,,,,,,Y,2,0,1,2,A,-,09,21802,A,N,D,C,A,A,H,-,C,A,0,,,Y,,Y,,A,07,1,0,0,0,0,0,0,0,1,"- ","- ",,,"SAN DIEGO","SAN DIEGO",-117.25425720214844,32.949108123779297
9355307,2021,2021-11-06,3711,2021-09-27,0630,SD7233,,1,5,7,3711,0,0,0,,0,246,"SCRIPPS CREEK BL","WEATHERHILL WY",79.00,E,N,B,-,N,,,,,,,,,,Y,2,0,2,1,A,-,03,22350,,N,E,I,A,A,H,-,B,D,0,,,,,Y,,A,01,1,1,0,0,0,0,0,0,0,"- ","- ",,,"SAN DIEGO","SAN DIEGO",,
9356666,2021,2021-11-17,3705,2021-03-18,1316,EC0219,,4,5,5,3705,0,0,0,,0,002,"E BRADLEY AV","N MOLLISON AV",0.00,,Y,A,-,N,,,,,,,,,,N,2,0,1,2,A,-,05,21650,,N,D,G,A,A,H,-,A,A,0,,Y,,,Y,,L,04,1,0,0,0,0,0,1,0,0,"- ","- ",,,"SAN DIEGO","EL CAJON",-116.94963073730469,32.819122314453125
9359105,2021,2021-11-16,3700,2021-08-06,0122,3183,,5,5,5,3713,0,0,0,,0,307,"EAST VISTA WY","TOWNSITE DR",0.00,,Y,A,-,N,,,,,,,,,,Y,2,0,3,2,A,-,12,21453,A,N,D,C,A,A,H,-,C,A,0,,,Y,,Y,Y,C,02,1,0,2,0,0,0,0,0,1,"- ","- ",,,"SAN DIEGO",VISTA,-117.23509979248047,33.209495544433594
9359218,2021,2021-12-02,3711,2021-10-28,1650,SD1541,,4,5,7,3711,0,0,0,,0,627,"UNIVERSITY AV","EAGLE ST",70.00,W,N,A,-,N,,,,,,,,,,N,2,0,1,2,B,-,22,,,N,H,A,A,A,H,-,A,D,0,,,Y,,Y,,-,,1,0,0,0,0,0,0,0,0,"- ","- ",,,"SAN DIEGO","SAN DIEGO",-117.16978454589844,32.74896240234375
9360342,2021,2021-11-23,3710,2021-10-30,1830,OC0835,,6,5,6,3710,0,0,0,,0,028,"OCEANSIDE BL","TEMPLE HEIGHTS DR",1510.00,E,N,A,-,N,,,,,,,,,,Y,2,0,3,2,A,-,01,23152,A,N,A,C,A,A,H,-,C,D,0,,,,,Y,Y,A,01,1,1,1,0,0,0,0,0,0,"- ","- ",,,"SAN DIEGO",OCEANSIDE,-117.26682281494141,33.219264984130859
9360757,2021,2021-11-18,3700,2021-09-24,1437,SH214,,5,5,4,3720,0,0,0,,0,602,BROADWAY,"VISTA AV",0.00,,Y,B,-,N,,,,,,,,,,Y,2,0,1,2,A,-,06,21755,A,N,D,C,A,A,H,-,A,D,0,,,Y,,Y,,C,02,1,0,0,0,0,0,0,0,1,"- ","- ",,,"SAN DIEGO","LEMON GROVE",-117.041748046875,32.742523193359375
9362106,2021,2021-12-23,3710,2021-11-11,2141,OC1481,,4,5,6,3710,0,0,0,,0,025,"OCEANSIDE BL","CORPORATE CENTRE DR",484.00,E,N,A,-,N,,,,,,,,,,N,2,0,1,2,A,-,03,22350,,F,G,B,E,A,H,-,C,D,0,Y,,,,Y,,A,01,1,0,0,0,1,0,0,0,0,"- ","- ",,,"SAN DIEGO",OCEANSIDE,-117.30398559570312,33.203746795654297
9366110,2021,2021-11-24,3709,2021-11-04,2124,NC0531,,4,5,5,3709,0,0,0,,0,021,"HIGHLAND AV","EAST 4TH ST",0.00,,Y,A,-,N,,,,,,,,,,Y,2,0,1,2,A,-,01,23152,A,N,D,C,A,A,H,-,C,A,0,,,Y,,Y,Y,D,22,1,0,0,0,0,0,0,0,1,"- ","- ",,,"SAN DIEGO","NATIONAL CITY",-117.10007476806641,32.681591033935547