CASE_ID,ACCIDENT_YEAR,PROC_DATE,JURIS,COLLISION_DATE,COLLISION_TIME,OFFICER_ID,REPORTING_DISTRICT,DAY_OF_WEEK,CHP_SHIFT,POPULATION,CNTY_CITY_LOC,SPECIAL_COND,BEAT_TYPE,CHP_BEAT_TYPE,CITY_DIVISION_LAPD,CHP_BEAT_CLASS,BEAT_NUMBER,PRIMARY_RD,SECONDARY_RD,DISTANCE,DIRECTION,INTERSECTION,WEATHER_1,WEATHER_2,STATE_HWY_IND,CALTRANS_COUNTY,CALTRANS_DISTRICT,STATE_ROUTE,ROUTE_SUFFIX,POSTMILE_PREFIX,POSTMILE,LOCATION_TYPE,RAMP_INTERSECTION,SIDE_OF_HWY,TOW_AWAY,COLLISION_SEVERITY,NUMBER_KILLED,NUMBER_INJURED,PARTY_COUNT,PRIMARY_COLL_FACTOR,PCF_CODE_OF_VIOL,PCF_VIOL_CATEGORY,PCF_VIOLATION,PCF_VIOL_SUBSECTION,HIT_AND_RUN,TYPE_OF_COLLISION,MVIW,PED_ACTION,ROAD_SURFACE,ROAD_COND_1,ROAD_COND_2,LIGHTING,CONTROL_DEVICE,CHP_ROAD_TYPE,PEDESTRIAN_ACCIDENT,BICYCLE_ACCIDENT,MOTORCYCLE_ACCIDENT,TRUCK_ACCIDENT,NOT_PRIVATE_PROPERTY,ALCOHOL_INVOLVED,STWD_VEHTYPE_AT_FAULT,CHP_VEHTYPE_AT_FAULT,COUNT_SEVERE_INJ,COUNT_VISIBLE_INJ,COUNT_COMPLAINT_PAIN,COUNT_PED_KILLED,COUNT_PED_INJURED,COUNT_BICYCLIST_KILLED,COUNT_BICYCLIST_INJURED,COUNT_MC_KILLED,COUNT_MC_INJURED,PRIMARY_RAMP,SECONDARY_RAMP,LATITUDE,LONGITUDE,COUNTY,CITY,POINT_X,POINT_Y
6290555,2014,2015-12-23,9645,2014-02-23,0216,19445,,7,3,7,3711,0,1,3,,2,006,"RT 94","KELTON RD",894.00,E,N,A,-,Y,SD,11,94,-,-,5.960,H,-,E,Y,1,1,2,2,A,-,01,23152,A,N,A,C,A,A,H,-,C,D,1,,,,,Y,Y,A,01,1,1,0,0,0,0,0,0,0,"- ","- ",32.724969999999999,-117.07446,"SAN DIEGO","SAN DIEGO",-117.07388613000001,32.725256170000002
6290557,2014,2015-12-23,3701,2014-03-15,0330,5342,102,6,5,5,3701,0,0,0,,0,007,"LA COSTA AV","LA COSTA TOWN CENTER DRIVEWAY",466.00,E,N,A,-,N,,,,,,,,,,Y,1,1,0,1,A,-,03,22350,,N,E,I,A,A,H,-,C,D,0,,,,,Y,Y,A,01,0,0,0,0,0,0,0,0,0,"- ","- ",,,"SAN DIEGO",CARLSBAD,,
6290643,2014,2014-06-04,3700,2014-02-22,1330,SH5865,,6,5,5,3712,0,0,0,,0,350,"MISSION RD","PICO AV",0.00,,Y,A,-,N,,,,,,,,,,Y,1,1,0,2,A,-,12,21453,A,N,D,C,A,A,H,-,A,A,0,,,Y,,Y,,-,"- ",0,0,0,0,0,0,0,0,0,"- ","- ",,,"SAN DIEGO","SAN MARCOS",-117.16605002999999,33.143490110000002
6290676,2014,2014-06-16,9645,2014-04-16,1745,18846,,3,2,7,3711,0,1,1,,2,017,"RT 15","RT 52",1557.00,N,N,A,-,Y,SD,11,15,-,R,10.860,H,-,N,Y,1,1,0,3,A,-,03,22350,,N,C,C,A,A,H,-,A,D,1,,,Y,,Y,,C,02,0,0,0,0,0,0,0,1,0,"- ","- ",32.851190000000003,-117.1156,"SAN DIEGO","SAN DIEGO",-117.11832337,32.845564770000003
6290677,2014,2015-12-29,9680,2014-04-18,2242,19946,,5,3,5,3708,0,1,1,,2,081,"RT 8","70TH ST",1186.00,W,N,A,-,Y,SD,11,8,-,-,9.370,H,-,E,Y,1,1,0,2,A,-,03,22350,,N,D,C,A,A,H,-,C,D,0,,,,,Y,Y,A,01,0,0,0,0,0,0,0,0,0,"- ","- ",32.775759999999998,-117.04944,"SAN DIEGO","LA MESA",-117.04941780999999,32.775777060000003
6291038,2014,2014-10-28,3705,2014-01-12,0555,EC0278,,7,5,5,3705,0,0,0,,0,008,"W WASHINGTON","VAN HOUTEN",0.00,,Y,A,-,N,,,,,,,,,,Y,1,1,1,2,A,-,09,21801,A,N,D,C,A,A,H,-,C,D,0,,,Y,,Y,,A,01,0,1,0,0,0,0,0,1,0,"- ","- ",,,"SAN DIEGO","EL CAJON",-116.96615006,32.787670110000001
6291060,2014,2014-08-13,3702,2014-03-03,1611,CV0695,,1,5,6,3702,0,0,0,,0,014,"EAST J ST","DENNIS AV",20.00,W,N,A,-,N,,,,,,,,,,Y,1,1,1,2,A,-,01,23153,A,N,H,G,A,A,H,-,A,D,0,,Y,,,Y,,A,01,1,0,0,0,0,1,0,0,0,"- ","- ",,,"SAN DIEGO","CHULA VISTA",-117.05680194999999,32.632454090000003
6291066,2014,2014-08-15,9650,2014-04-05,1717,16516,,6,2,9,3700,0,1,3,,1,028,"RT 76","EAST GRADE RD",9504.00,W,N,B,-,Y,SD,11,76,-,-,46.010,H,-,W,Y,1,1,0,1,A,-,01,23152,A,N,E,I,A,A,H,-,B,D,0,,,Y,,Y,Y,C,02,0,0,0,0,0,0,0,1,0,"- ","- ",33.254399999999997,-116.79268,"SAN DIEGO",UNINCORPORATED,-116.79191957,33.253076129999997
6291069,2014,2014-08-19,3700,2014-04-10,0935,SH4541,,4,5,5,3712,0,0,0,,0,355,"S LAS POSAS RD","GRAND AV",0.00,,Y,A,-,N,,,,,,,,,,N,1,1,0,2,A,-,05,21202,A,N,H,G,A,A,H,-,A,A,0,,Y,,Y,Y,,L,04,0,0,0,0,0,1,0,0,0,"- ","- ",,,"SAN DIEGO","SAN MARCOS",-117.19165011,33.142940070000002
6291071,2014,2014-08-19,9645,2014-04-11,1735,19322,,5,2,7,3711,0,1,3,,2,006,"RT 94","RT 15",35.00,W,N,A,-,Y,SD,11,94,-,-,3.160,H,-,W,Y,1,1,1,3,A,-,07,21658,A,F,B,C,A,A,H,-,A,D,1,,,Y,,Y,,A,01,1,0,0,0,0,0,0,1,1,"- ","- ",32.717219999999998,-117.11799000000001,"SAN DIEGO","SAN DIEGO",-117.11837035000001,32.717045880000001
6291093,2014,2014-08-13,3711,2014-06-21,2223,4495,,6,5,7,3711,0,0,0,,0,123,"EAST MISSION BAY DR","PLAYA PACIFIC PARK DRVWY",67.00,S,N,A,-,N,,,,,,,,,,N,1,1,0,2,A,-,11,21954,A,N,G,B,D,A,H,-,C,D,0,Y,,,,Y,,N,60,0,0,0,1,0,0,0,0,0,"- ","- ",,,"SAN DIEGO","SAN DIEGO",-117.20883071,32.782134710000001
6291105,2014,2014-08-19,9645,2014-04-06,0140,19563,,7,3,7,3711,0,1,1,,2,010,"RT 8","HOTEL CIRCLE PL",0.00,,N,A,-,Y,SD,11,8,-,-,1.550,H,-,E,Y,1,1,4,1,A,-,01,23152,A,N,F,A,A,A,H,-,D,D,1,,,,,Y,Y,A,07,2,2,0,0,0,0,0,0,0,"- ","- ",32.759120000000003,-117.17686999999999,"SAN DIEGO","SAN DIEGO",-117.17798664,32.759189460000002
6291108,2014,2014-08-19,9645,2014-04-19,0227,18697,,6,3,7,3711,0,1,1,,2,005,"RT 5","OLD TOWN AV",1503.00,S,N,B,-,Y,SD,11,5,-,R,18.750,H,-,S,Y,1,1,1,5,A,-,03,22350,,F,D,C,E,A,H,-,C,D,1,Y,,,,Y,,A,01,0,0,1,1,0,0,0,0,0,"- ","- ",32.745649999999998,-117.18965,"SAN DIEGO","SAN DIEGO",-117.18923776,32.74554595
6291122,2014,2015-12-29,3711,2014-05-25,0205,5393,,7,5,7,3711,0,0,0,,0,624,"WASHINGTON ST","NORMAL ST",21.00,E,N,B,-,N,,,,,,,,,,Y,1,1,0,1,A,-,08,22107,,N,F,A,A,A,H,-,C,A,0,,,Y,,Y,,C,02,0,0,0,0,0,0,0,1,0,"- ","- ",,,"SAN DIEGO","SAN DIEGO",-117.14787,32.752859999999998
6291155,2014,2014-08-20,3705,2014-01-26,1450,EC0085,,7,5,5,3705,0,0,0,,0,010,MOLLISON,MADISON,379.00,S,N,B,-,N,,,,,,,,,,Y,1,1,0,3,A,-,03,22350,,N,D,C,A,A,H,-,A,D,0,,,Y,,Y,,C,02,0,0,0,0,0,0,0,1,0,"- ","- ",,,"SAN DIEGO","EL CAJON",-116.95097532,32.79911207
6291267,2014,2014-10-21,3711,2014-08-01,0129,5393,,5,5,7,3711,0,0,0,,0,511,"MAIN ST","S 30TH ST",117.00,W,N,A,-,N,,,,,,,,,,Y,1,1,0,2,A,-,08,22107,,N,C,E,A,A,H,-,D,D,0,,,,,Y,,A,01,0,0,0,0,0,0,0,0,0,"- ","- ",,,"SAN DIEGO","SAN DIEGO",-117.12984901,32.692817570000003
6291312,2014,2014-10-22,9645,2014-07-03,1820,16728,,4,2,7,3711,0,1,1,,2,011,"RT 805","LINCOLN AV",9.00,S,N,A,-,Y,SD,11,805,-,-,16.080,H,-,S,Y,1,1,1,3,A,-,03,22350,,N,B,C,A,A,H,-,A,D,1,,,,Y,Y,,A,01,0,0,1,0,0,0,0,0,0,"- ","- ",32.750329999999998,-117.12327000000001,"SAN DIEGO","SAN DIEGO",-117.12332759,32.750388729999997
6291368,2014,2014-10-28,9645,2014-06-27,1700,19054,,5,2,7,3711,0,1,3,,2,023,"RT 163","6TH AV",835.00,N,N,A,-,Y,SD,11,163,-,-,3.170,H,-,S,Y,1,1,4,4,A,-,08,22107,,N,B,C,A,A,H,-,A,D,1,,,Y,,Y,,C,02,0,0,4,0,0,0,0,1,0,"- ","- ",32.755310000000001,-117.1589,"SAN DIEGO","SAN DIEGO",-117.15910743000001,32.755832900000001
6291403,2014,2014-10-27,3711,2014-09-14,1709,6000,,7,5,7,3711,0,0,0,,0,123,"SEA WORLD DR","SOUTH SHORES PARK DRIVEWAY",679.00,E,N,A,-,N,,,,,,,,,,Y,1,1,1,1,A,-,03,22350,,N,E,I,A,A,H,-,A,D,0,,,,,Y,,A,01,0,0,1,0,0,0,0,0,0,"- ","- ",,,"SAN DIEGO","SAN DIEGO",-117.21205205,32.762097279999999
6291453,2014,2014-10-22,3710,2014-08-28,0759,OC1355,,4,5,6,3710,0,0,0,,0,016,"DOUGLAS DR","EL CAMINIO REAL",778.00,N,N,A,-,N,,,,,,,,,,Y,1,1,0,2,A,-,07,21658,A,F,D,C,A,A,H,-,A,D,0,,,Y,,Y,,D,22,0,0,0,0,0,0,0,1,0,"- ","- ",,,"SAN DIEGO",OCEANSIDE,-117.32468624000001,33.23296775
6291462,2014,2014-10-27,9680,2014-06-10,2500,14949,,2,4,9,3700,0,1,1,,2,086,"RT 8","CARRIZO GORGE RD",5280.00,W,N,A,-,Y,SD,11,8,-,R,72.850,H,-,E,Y,1,1,0,1,A,-,08,22107,,N,E,I,A,A,H,-,D,D,1,,,,,Y,,A,01,0,0,0,0,0,0,0,0,0,"- ","- ",32.644559999999998,-116.18156999999999,"SAN DIEGO",UNINCORPORATED,-116.17881787,32.643464420000001
6291489,2014,2015-12-23,9645,2014-08-22,0137,16474,SANDI,5,3,7,3711,0,1,3,,2,025,"RT 163","RT 52",374.00,N,N,A,-,Y,SD,11,163,-,-,9.680,H,-,S,Y,1,1,1,2,A,-,05,21651,B,N,A,C,A,A,H,-,C,D,1,,,,Y,Y,Y,A,07,0,0,1,0,0,0,0,0,0,"- ",FR,32.843049999999998,-117.13200999999999,"SAN DIEGO","SAN DIEGO",-117.13214725,32.842841960000001
6291682,2014,2014-12-05,9650,2014-06-14,1455,17905,,6,2,9,3700,0,3,5,,2,006,"OLD HIGHWAY 395","STEWART CANYON RD",1584.00,S,N,A,-,N,,,,,,,,,,Y,1,2,1,2,A,-,03,22350,,N,D,C,A,A,H,-,A,D,0,,,,,Y,,D,22,0,0,1,0,0,0,0,0,0,"- ","- ",33.360399999999998,-117.161,"SAN DIEGO",UNINCORPORATED,-117.16133211,33.360722670000001
6291688,2014,2014-12-11,9645,2014-10-30,0447,14625,"SAN D",4,3,7,3711,0,1,1,,2,010,"CAMINO DEL RIO W","JEFFERSON ST",390.00,N,N,A,-,Y,SD,11,8,-,R,0.020,R,2,W,Y,1,1,0,4,A,-,"- ",,,N,G,B,E,A,H,-,C,D,0,Y,,,Y,Y,,N,60,0,0,0,1,0,0,0,0,0,"- ","- ",,,"SAN DIEGO","SAN DIEGO",-117.20405481,32.759693239999997
6291711,2014,2015-12-30,9645,2014-09-29,0745,18393,,1,1,5,3709,0,1,1,,2,009,"RT 805","EAST 18TH ST",388.00,S,N,A,-,Y,SD,11,805,-,-,9.920,H,-,N,Y,1,1,0,2,A,-,03,22350,,N,C,C,A,A,H,-,A,D,1,,,Y,,Y,,C,02,0,0,0,0,0,0,0,1,0,"- ","- ",32.672240000000002,-117.08221,"SAN DIEGO","NATIONAL CITY",-117.08211670999999,32.672180500000003
6291724,2014,2014-12-18,3700,2014-10-27,2040,SH2560,,1,5,5,3713,0,0,0,,0,312,"NORTH EMERALD DR","RT 78",0.00,,Y,A,-,Y,SD,11,94,-,-,34.552,I,5,W,Y,1,1,0,1,A,-,01,23152,A,N,F,A,A,A,H,-,C,A,0,,,Y,,Y,Y,C,02,0,0,0,0,0,0,0,1,0,"- ",EF,,,"SAN DIEGO",VISTA,-116.70744267000001,32.611993130000002
6291766,2014,2014-12-22,3711,2014-11-07,1722,6000,,5,5,7,3711,0,0,0,,0,444,"MARKET ST","NORMANS AV",3.00,W,N,A,-,N,,,,,,,,,,Y,1,1,0,2,A,-,09,21804,A,N,F,A,A,A,H,-,C,A,0,,,Y,,Y,,A,07,0,0,0,0,0,0,0,1,0,"- ","- ",,,"SAN DIEGO","SAN DIEGO",,
6291796,2014,2015-01-17,9680,2014-11-01,0322,15008,,6,3,9,3700,0,1,3,,1,090,"RT 67","MUSSEY GRADE RD",1056.00,W,N,B,C,Y,SD,11,67,-,R,20.670,H,-,S,Y,1,1,0,2,D,-,00,,,N,G,B,D,B,H,-,D,D,0,Y,,,,Y,Y,-,"- ",0,0,0,1,0,0,0,0,0,"- ","- ",33.009500000000003,-116.91719000000001,"SAN DIEGO",UNINCORPORATED,-116.91826279,33.009918669999998
6291883,2014,2015-01-29,9650,2014-07-29,0022,19191,,2,3,9,3700,0,3,5,,2,006,"E FALLBROOK ST","SHADY GLEN DR",10.00,W,N,A,-,N,,,,,,,,,,N,1,1,0,2,A,-,03,22350,,N,G,B,D,A,H,-,C,D,0,Y,,,,Y,Y,-,99,0,0,0,1,0,0,0,0,0,"- ","- ",33.376550000000002,-117.24204,"SAN DIEGO",UNINCORPORATED,-117.24191265,33.376539999999999
6291934,2014,2015-02-11,9680,2014-12-11,2121,016694,,4,2,5,3705,0,1,1,,2,081,"RT 8","EL CAJON BL",1056.00,W,N,A,-,Y,SD,11,8,-,-,13.420,H,-,W,Y,1,1,1,4,A,-,03,22350,,N,C,C,E,A,H,-,D,D,1,Y,,,,Y,,A,01,0,0,1,1,0,0,0,0,0,"- ","- ",32.779170000000001,-116.98501,"SAN DIEGO","EL CAJON",-116.98403748,32.779603729999998
6292007,2014,2015-03-07,9680,2014-02-25,1632,018104,,2,2,9,3700,0,2,4,,1,026,"JAMACHA BL","LA PRESA AV",0.00,,Y,A,-,N,,,,,,,,,,Y,1,1,0,3,A,-,11,21950,B,N,G,B,B,A,H,-,A,A,0,Y,,,,Y,,N,60,0,0,0,1,0,0,0,0,0,"- ","- ",32.707810000000002,-116.99323,"SAN DIEGO",UNINCORPORATED,-116.99325012,32.707780110000002
6292266,2015,2015-06-11,3711,2015-04-30,1418,4243,,4,5,7,3711,0,0,0,,0,934,"DEL MAR TRAILS RD","MONA LISA ST",0.00,,Y,A,-,N,,,,,,,,,,N,1,1,0,2,A,-,10,21950,A,N,G,B,B,A,H,-,A,D,0,Y,,,,Y,,A,01,0,0,0,1,0,0,0,0,0,"- ","- ",,,"SAN DIEGO","SAN DIEGO",-117.21929,32.94299006
6292352,2015,2015-07-14,9650,2015-01-17,0705,15758,,6,1,5,3712,0,1,3,,2,019,"RT 78","WOODLAND PKWY",2010.00,E,N,A,-,Y,SD,11,78,-,-,14.640,H,-,E,Y,1,1,2,6,A,-,08,22107,,N,B,E,E,A,H,-,A,D,1,Y,,,Y,Y,,D,22,1,1,0,1,1,0,0,0,0,"- ","- ",33.135719999999999,-117.13500000000001,"SAN DIEGO","SAN MARCOS",-117.13516894,33.136025850000003
6292360,2014,2016-01-07,3710,2014-09-13,0735,OC0754,,6,5,6,3710,0,0,0,,0,020,"NORTH RIVER RD","SLEEPING INDIAN RD",1950.00,E,N,A,-,N,,,,,,,,,,Y,1,1,0,2,A,-,03,22350,,N,C,C,A,A,H,-,A,D,0,,,,,Y,,-,,0,0,0,0,0,0,0,0,0,"- ","- ",,,"SAN DIEGO",OCEANSIDE,-117.25800464,33.260399079999999
6292368,2015,2015-07-09,3700,2015-02-18,0614,SH5865,,3,5,5,3712,0,0,0,,0,357,"EAST MISSION RD","BOUGHER RD",0.00,,Y,E,-,N,,,,,,,,,,Y,1,1,1,2,A,-,01,23152,A,N,A,D,A,B,H,-,B,D,0,,,,,Y,Y,D,22,1,0,0,0,0,0,0,0,0,"- ","- ",,,"SAN DIEGO","SAN MARCOS",-117.13631003,33.140210109999998
6292389,2015,2015-07-13,3706,2015-03-28,0952,ES0464,,6,5,6,3706,0,0,0,,0,041,"CENTRE CITY PKWY","IRIS LN",567.00,S,N,A,-,N,,,,,,,,,,Y,1,1,0,1,C,-,18,,,N,A,I,A,A,H,-,A,D,0,,,,,Y,,-,"- ",0,0,0,0,0,0,0,0,0,"- ","- ",,,"SAN DIEGO",ESCONDIDO,-117.09526201,33.150184279999998
6292465,2015,2015-08-05,3711,2015-07-14,1831,5600,,2,5,7,3711,0,0,0,,0,311,"GRAMERCY DR","TOWSER ST",112.00,W,N,A,-,N,,,,,,,,,,Y,1,1,2,1,A,-,08,22107,,N,E,I,A,A,H,-,A,A,0,,,,,Y,,A,07,0,1,1,0,0,0,0,0,0,"- ","- ",,,"SAN DIEGO","SAN DIEGO",-117.13840853000001,32.802989199999999
6292479,2015,2015-08-12,3711,2015-06-29,2145,3792,3711,1,5,7,3711,0,0,0,,0,512,"SOUTH 32ND ST","S 32ND ST 500",14.00,E,N,A,-,N,,,,,,,,,,Y,1,1,0,2,A,-,03,22350,,N,D,C,A,A,H,-,C,D,0,,,Y,,Y,Y,C,02,0,0,0,0,0,0,0,1,0,"- ","- ",,,"SAN DIEGO","SAN DIEGO",,
6292481,2015,2015-08-12,3711,2015-07-15,2129,3815,,3,5,7,3711,0,0,0,,0,123,"INGRAHAM ST","DANA LANDING RD",67.00,N,N,A,-,N,,,,,,,,,,Y,1,1,0,2,A,-,11,21453,D,N,G,B,B,A,H,-,C,A,0,Y,,,,Y,,N,60,0,0,0,1,0,0,0,0,0,"- ","- ",,,"SAN DIEGO","SAN DIEGO",-117.23362951999999,32.768031399999998
6292485,2015,2015-08-14,9650,2015-04-26,0425,17056,,7,3,9,3700,0,1,1,,2,003,"RT 5",COCKLEBURR,10032.00,N,N,B,-,Y,SD,11,5,-,R,60.100,H,-,S,Y,1,1,1,1,A,-,08,22107,,N,F,A,A,A,H,-,C,D,1,,,,,Y,,A,07,0,1,0,0,0,0,0,0,0,"- ","- ",33.271140000000003,-117.44099,"SAN DIEGO",UNINCORPORATED,-117.44473889,33.275222810000002
6292486,2015,2015-08-12,9650,2015-04-27,1935,17743,,1,2,9,3700,0,3,5,,1,160,"CAMINO DEL REY","CAMINO DEL CIELO",0.00,,Y,A,-,N,,,,,,,,,,Y,1,1,0,1,A,-,01,23152,A,N,F,A,A,A,H,-,B,D,0,,,Y,,Y,Y,C,02,0,0,0,0,0,0,0,1,0,"- ","- ",33.290509999999998,-117.21451,"SAN DIEGO",UNINCORPORATED,-117.21430008999999,33.290380040000002
6292521,2015,2015-08-21,3703,2015-05-11,1645,1028,,1,5,3,3703,0,0,0,,0,001,"RT 75","A AV",0.00,,Y,A,-,Y,SD,11,75,-,R,19.930,H,-,N,Y,1,1,0,2,A,-,11,21950,B,N,D,B,B,A,H,-,A,D,0,Y,,,,Y,,N,60,0,0,0,1,0,0,0,0,0,"- ","- ",,,"SAN DIEGO",CORONADO,-117.17131354999999,32.692992889999999
6292552,2015,2015-09-04,9645,2015-05-02,0955,17473,,6,1,7,3711,0,1,1,,2,019,"RT 15","DUENDA RD",1118.00,S,N,A,-,Y,SD,11,15,-,M,24.180,H,-,N,Y,1,1,1,2,A,-,08,22107,,N,B,C,A,A,H,-,A,D,1,,,,,Y,,D,22,0,0,1,0,0,0,0,0,0,"- ","- ",,,"SAN DIEGO","SAN DIEGO",-117.07853588,33.030045479999998
6292641,2015,2015-09-16,9645,2015-06-17,1431,17667,,3,2,7,3711,0,1,1,,2,005,"RT 5","WASHINGTON ST",359.00,N,N,A,-,N,,,5,,,,,,,N,1,1,0,2,A,-,11,21954,A,N,G,B,D,A,H,-,A,D,0,Y,,,,Y,,N,60,0,0,0,1,0,0,0,0,0,FR,"- ",32.743270000000003,-117.18311,"SAN DIEGO","SAN DIEGO",-117.18325191,32.742977000000003
6292680,2015,2015-09-22,3711,2015-08-22,0730,3661,TRAFF,6,5,7,3711,0,0,0,,0,623,"FRIARS RD","PACIFIC HWY",152.00,E,N,A,-,N,,,,,,,,,,Y,1,2,1,1,A,-,08,22107,,N,E,I,A,A,H,-,A,D,0,,,,,Y,Y,A,01,0,1,0,0,0,0,0,0,0,"- ","- ",,,"SAN DIEGO","SAN DIEGO",-117.20293946,32.762362150000001
6292710,2015,2015-10-12,9645,2015-05-02,0310,16409,,6,3,7,3711,0,1,1,,2,030,"RT 15","MIRA MESA BL",1320.00,N,N,A,-,Y,SD,11,15,S,-,16.560,H,-,S,Y,1,2,4,2,A,-,01,23152,A,N,A,C,A,A,H,-,D,D,1,,,,,Y,Y,A,01,4,0,0,0,0,0,0,0,0,"- ","- ",32.927289999999999,-117.11422,"SAN DIEGO","SAN DIEGO",-117.11445628,32.925989520000002
6292711,2015,2016-03-25,9650,2015-08-01,0311,19308,,6,3,5,3782,0,1,1,,2,007,"RT 5","LEUCADIA BL",1056.00,S,N,A,-,Y,SD,11,5,-,R,42.170,H,-,N,Y,1,1,0,2,A,-,03,22350,,N,C,C,A,A,H,-,D,D,1,,,,,Y,Y,A,01,0,0,0,0,0,0,0,0,0,"- ","- ",33.057600000000001,-117.28975,"SAN DIEGO",ENCINITAS,-117.28983293,33.057501979999998
6292747,2015,2016-01-26,9650,2015-08-05,0520,13696,,3,3,9,3700,0,3,5,,1,160,"OLD HIGHWAY 395","WEST LILAC RD",4350.00,N,N,A,-,N,,,,,,,,,,Y,1,1,2,3,A,-,01,23152,A,N,A,C,A,A,H,-,D,D,0,,,,,Y,Y,A,07,0,0,2,0,0,0,0,0,0,"- ","- ",33.312730000000002,-117.15298,"SAN DIEGO",UNINCORPORATED,-117.15288076,33.312613290000002
6292754,2015,2016-01-27,9680,2015-08-22,1806,18672,,6,2,9,3700,0,1,3,,1,051,"RT 79","RT 76",10560.00,N,N,A,-,Y,SD,11,79,-,-,29.460,H,-,S,Y,1,1,1,2,A,-,08,22107,,N,D,C,A,A,H,-,A,A,0,,,,,Y,Y,D,22,1,0,0,0,0,0,0,0,0,"- ","- ",33.22766,-116.70105,"SAN DIEGO",UNINCORPORATED,-116.70117276000001,33.227487009999997
6292789,2015,2016-04-26,3702,2015-10-24,0223,CV0604,,6,5,6,3702,0,0,0,,0,031,"TELEGRAPH CANYON RD","RT 805",93.00,E,N,A,-,Y,SD,11,805,-,-,5.847,R,4,N,N,1,1,0,2,A,-,11,21954,A,F,G,B,E,A,H,-,C,A,0,Y,,,,Y,Y,N,60,0,0,0,1,0,0,0,0,0,"- ",NF,,,"SAN DIEGO","CHULA VISTA",-117.04217468,32.625811370000001
6292809,2015,2016-02-24,9645,2015-07-06,0544,12733,,1,3,7,3711,0,1,3,,2,023,"RT 163","AERO DR",765.00,N,N,B,-,Y,SD,11,163,-,-,7.320,H,-,S,Y,1,1,0,1,A,-,08,22107,,N,E,I,A,A,H,-,B,D,1,,,,,Y,,A,01,0,0,0,0,0,0,0,0,0,"- ","- ",32.812950000000001,-117.15161000000001,"SAN DIEGO","SAN DIEGO",-117.15158047,32.812732599999997
6292861,2015,2016-03-14,9645,2015-07-17,1549,18095,,5,2,7,3711,0,1,1,,2,015,"RT 805","NOBEL DR",2200.00,S,N,A,-,Y,SD,11,805,-,-,25.060,H,-,S,Y,1,1,4,2,A,-,07,21658,A,N,C,C,A,A,H,-,A,D,1,,,,Y,Y,,F,26,1,1,2,0,0,0,0,0,0,"- ","- ",32.864339999999999,-117.18995,"SAN DIEGO","SAN DIEGO",-117.19053230999999,32.864989080000001
6292863,2015,2016-03-10,9680,2015-08-13,0235,20116,,4,3,4,3720,0,1,3,,2,027,"RT 94","COLLEGE AV",528.00,E,N,A,-,Y,SD,11,94,-,-,7.940,H,-,W,Y,1,1,0,1,A,-,01,23152,F,N,E,I,A,A,H,-,C,D,1,,,,,Y,Y,A,01,0,0,0,0,0,0,0,0,0,"- ","- ",32.743870000000001,-117.04885,"SAN DIEGO","LEMON GROVE",-117.04835854,32.743849879999999
6292868,2015,2017-03-27,9680,2015-04-30,2500,18979,,4,4,9,3700,0,1,1,,2,085,"RT 8","SUNRISE HWY",8448.00,E,N,A,-,Y,IMP,11,8,-,R,46.570,H,-,E,Y,1,1,0,1,A,-,08,22107,,N,E,I,A,A,H,-,C,D,1,,,,,Y,Y,A,07,0,0,0,0,0,0,0,0,0,"- ","- ",32.792450000000002,-116.49571,"SAN DIEGO",UNINCORPORATED,-115.40454026,32.773252419999999
6292908,2017,2017-10-04,3710,2017-05-05,2135,OC1355,006,5,5,6,3710,0,0,0,,0,001,"MISSION AV","PIRATES COVE WY",384.00,E,N,A,-,Y,SD,11,5,-,R,53.433,R,4,S,Y,1,1,0,3,A,-,11,21954,A,F,G,B,D,A,H,-,D,D,0,Y,,,,Y,Y,N,60,0,0,0,1,0,0,0,0,0,"- ","- ",33.199260000000002,-117.34341000000001,"SAN DIEGO",OCEANSIDE,-117.37567967,33.201409949999999
6292915,2017,2017-09-28,3710,2017-06-28,2124,OC1185,016,3,5,6,3710,0,0,0,,0,008,"EL CAMINIO REAL","MISSION AV",50.00,N,N,A,-,N,,,,,,,,,,Y,1,1,0,2,A,-,01,23153,B,N,B,C,A,A,H,-,C,A,0,,,Y,,Y,Y,D,23,0,0,0,0,0,0,0,1,0,"- ","- ",,,"SAN DIEGO",OCEANSIDE,-117.33102,33.225859999999997
6292920,2017,2017-10-05,3703,2017-08-20,0023,1247,,7,5,3,3703,0,0,0,,0,003,"SILVER STRAND BL","AVNDA DEL SOL",60.00,N,N,A,-,Y,SD,11,75,-,-,18.430,H,-,N,Y,1,2,7,3,A,-,01,23153,A,N,A,C,A,A,H,-,C,A,0,,,,,Y,Y,A,01,4,2,1,0,0,0,0,0,0,"- ","- ",,,"SAN DIEGO",CORONADO,-117.17583863999999,32.679711939999997
6292982,2017,2019-04-05,3705,2017-01-16,1529,EC0295,,1,5,5,3705,0,0,0,,0,008,"W CHASE",BENJAMIN,141.00,E,N,A,-,N,,,,,,,,,,Y,1,1,0,2,A,-,03,22350,,N,B,C,A,A,H,-,A,D,0,,,Y,,Y,,C,02,0,0,0,0,0,0,0,1,0,"- ","- ",,,"SAN DIEGO","EL CAJON",-116.97479658,32.780729739999998
6327948,2014,2015-01-07,3709,2014-01-04,1744,464,,6,5,5,3709,0,0,0,,0,,"EUCLID AV","EAST 4TH ST",0.00,,Y,A,-,N,,,,,,,,,,Y,2,0,1,2,A,-,10,21950,A,N,G,B,B,A,H,-,C,A,0,Y,,,,Y,,-,,1,0,0,0,1,0,0,0,0,"- ","- ",,,"SAN DIEGO","NATIONAL CITY",-117.08369012999999,32.68619004
6337480,2014,2014-06-09,3711,2014-01-08,1950,4823,SANDI,3,5,7,3711,0,0,0,,0,327,"ALVARADO RD","RESERVOIR DR",43.00,W,N,B,-,N,,,,,,,,,,N,2,0,1,2,A,-,11,21954,A,N,E,B,D,A,H,-,C,D,0,Y,,,,Y,,N,60,1,0,0,0,1,0,0,0,0,"- ","- ",,,"SAN DIEGO","SAN DIEGO",-117.05634548,32.777067789999997