CASE_ID,ACCIDENT_YEAR,PROC_DATE,JURIS,COLLISION_DATE,COLLISION_TIME,OFFICER_ID,REPORTING_DISTRICT,DAY_OF_WEEK,CHP_SHIFT,POPULATION,CNTY_CITY_LOC,SPECIAL_COND,BEAT_TYPE,CHP_BEAT_TYPE,CITY_DIVISION_LAPD,CHP_BEAT_CLASS,BEAT_NUMBER,PRIMARY_RD,SECONDARY_RD,DISTANCE,DIRECTION,INTERSECTION,WEATHER_1,WEATHER_2,STATE_HWY_IND,CALTRANS_COUNTY,CALTRANS_DISTRICT,STATE_ROUTE,ROUTE_SUFFIX,POSTMILE_PREFIX,POSTMILE,LOCATION_TYPE,RAMP_INTERSECTION,SIDE_OF_HWY,TOW_AWAY,COLLISION_SEVERITY,NUMBER_KILLED,NUMBER_INJURED,PARTY_COUNT,PRIMARY_COLL_FACTOR,PCF_CODE_OF_VIOL,PCF_VIOL_CATEGORY,PCF_VIOLATION,PCF_VIOL_SUBSECTION,HIT_AND_RUN,TYPE_OF_COLLISION,MVIW,PED_ACTION,ROAD_SURFACE,ROAD_COND_1,ROAD_COND_2,LIGHTING,CONTROL_DEVICE,CHP_ROAD_TYPE,PEDESTRIAN_ACCIDENT,BICYCLE_ACCIDENT,MOTORCYCLE_ACCIDENT,TRUCK_ACCIDENT,NOT_PRIVATE_PROPERTY,ALCOHOL_INVOLVED,STWD_VEHTYPE_AT_FAULT,CHP_VEHTYPE_AT_FAULT,COUNT_SEVERE_INJ,COUNT_VISIBLE_INJ,COUNT_COMPLAINT_PAIN,COUNT_PED_KILLED,COUNT_PED_INJURED,COUNT_BICYCLIST_KILLED,COUNT_BICYCLIST_INJURED,COUNT_MC_KILLED,COUNT_MC_INJURED,PRIMARY_RAMP,SECONDARY_RAMP,LATITUDE,LONGITUDE,COUNTY,CITY,POINT_X,POINT_Y
6453524,2014,2014-07-28,9650,2014-05-11,1220,15276,,7,1,9,3700,0,3,5,,2,213,"EAST GRADE RD","CRESTLINE RD",180.00,N,N,A,-,N,,,,,,,,,,N,2,0,1,1,A,-,03,22350,,N,F,A,A,A,H,-,A,D,0,,,Y,,Y,,C,02,1,0,0,0,0,0,0,0,1,"- ","- ",33.312269999999998,-116.86277,"SAN DIEGO",UNINCORPORATED,-116.86293451,33.312216499999998
6456054,2014,2014-07-10,9650,2014-04-01,1718,015906,,2,2,9,3700,0,3,5,,1,212,"LILAC RD","VALLEY CENTER RD",458.00,W,N,A,-,N,,,,,,,,,,Y,2,0,4,3,A,-,03,22350,,N,C,C,A,A,H,-,A,D,0,,,,,Y,,A,07,1,0,3,0,0,0,0,0,0,"- ","- ",33.222169999999998,-117.03811,"SAN DIEGO",UNINCORPORATED,-117.03819324,33.222270000000002
6456136,2014,2016-03-30,9650,2014-04-06,1440,019227,,7,2,9,3700,0,1,3,,1,028,"RT 76","SOUTH GRADE RD",5280.00,W,N,A,-,Y,SD,11,76,-,-,37.050,H,-,W,N,2,0,1,1,A,-,08,22107,,N,E,I,A,A,H,-,A,D,0,,,Y,,Y,,C,02,1,0,0,0,0,0,0,0,1,"- ","- ",33.30151,-116.91370000000001,"SAN DIEGO",UNINCORPORATED,-116.91378928,33.301540920000001
6457840,2014,2014-07-10,3702,2014-04-01,1933,CV1094,,2,5,6,3702,0,0,0,,0,023,"EAST EMERSON","MONERATE AV",500.00,E,N,A,-,N,,,,,,,,,,Y,2,0,2,1,A,-,01,23152,A,N,E,I,A,A,H,-,A,D,0,,,,,Y,Y,A,08,1,0,1,0,0,0,0,0,0,"- ","- ",,,"SAN DIEGO","CHULA VISTA",-117.04716000000001,32.617609999999999
6458714,2014,2016-03-28,9650,2014-04-24,0800,12168,,4,1,6,3706,0,1,3,,2,019,"RT 78","WASHINGTON AV",40.00,W,N,A,-,Y,SD,11,78,-,R,16.217,R,1,E,Y,2,0,1,2,A,-,03,22350,,N,C,C,A,A,H,-,A,D,1,,,Y,,Y,,C,02,1,0,0,0,0,0,0,0,1,TO,"- ",33.123719999999999,-117.104,"SAN DIEGO",ESCONDIDO,-117.11015802999999,33.127121870000003
6464031,2014,2016-02-17,9645,2014-04-02,1725,13648,,3,2,7,3711,0,1,1,,2,030,"RT 15","CARMEL MOUNTAIN RD",2640.00,N,N,B,-,Y,SD,11,15,S,-,21.220,H,-,S,Y,2,0,2,1,A,-,08,22107,,N,E,I,A,A,H,-,A,D,1,,,,,Y,,A,01,1,0,1,0,0,0,0,0,0,"- ","- ",,,"SAN DIEGO","SAN DIEGO",-117.08281485000001,32.987532350000002
6467672,2014,2014-07-22,3711,2014-04-06,1642,4656,,7,5,7,3711,0,0,0,,0,234,"POMERADO RD","POMERADO CT",121.00,,N,A,-,N,,,,,,,,,,Y,2,0,1,2,A,-,08,22107,,F,C,G,A,A,H,-,A,D,0,,Y,,,Y,Y,A,01,1,0,0,0,0,0,1,0,0,"- ","- ",,,"SAN DIEGO","SAN DIEGO",-117.06080000999999,33.022540020000001
6473613,2014,2016-03-28,9645,2014-04-18,2052,014625,,5,2,7,3711,0,1,1,,2,013,"RT 805","MURRAY RIDGE RD",1584.00,S,N,A,-,Y,SD,11,805,-,-,18.550,H,-,S,Y,2,0,1,2,A,-,01,23152,A,N,B,C,A,A,H,-,C,D,1,,,,,Y,Y,A,01,1,0,0,0,0,0,0,0,0,"- ","- ",32.782490000000003,-117.1413,"SAN DIEGO","SAN DIEGO",-117.14097537000001,32.782621749999997
6480242,2014,2014-07-31,3711,2014-04-01,2305,5972,,2,5,7,3711,0,0,0,,0,122,"GARNET AV","FOG ST",326.00,E,N,B,-,N,,,,,,,,,,Y,2,0,3,2,A,-,04,21703,,N,C,C,A,A,H,-,C,D,0,,,,,Y,Y,D,22,1,0,2,0,0,0,0,0,0,"- ","- ",,,"SAN DIEGO","SAN DIEGO",-117.22532001,32.803843100000002
6482620,2014,2016-02-06,3711,2014-04-24,0008,5340,,4,5,7,3711,0,0,0,,0,714,"CAMINO DE LA PLAZA","CAMIONES WY",573.00,E,N,A,-,Y,SD,11,5,-,R,0.394,R,4,S,Y,2,0,1,2,A,-,08,22102,,N,D,C,A,A,H,-,C,D,0,,,Y,,Y,,A,01,1,0,0,0,0,0,0,0,1,"- ","- ",,,"SAN DIEGO","SAN DIEGO",-117.03277799999999,32.544258999999997
6484042,2014,2016-03-30,3710,2014-04-11,0652,OC1211,,5,5,6,3710,0,0,0,,0,033,"RT 76",COLLEGE,1090.00,E,N,A,-,Y,SD,11,76,-,R,6.420,H,-,E,Y,2,0,2,2,A,-,03,22350,,N,C,C,A,A,H,-,A,-,0,,,Y,,Y,,D,22,1,0,1,0,0,0,0,0,2,"- ","- ",,,"SAN DIEGO",OCEANSIDE,-117.28620074,33.2439447
6486109,2014,2015-11-19,9645,2014-05-10,0000,018446,,6,3,7,3711,0,1,3,,2,016,"RT 52","MAST BL",2000.00,W,N,A,-,N,,,52,,,,,,,N,2,0,2,2,A,-,03,22350,,N,C,G,A,A,H,-,A,D,0,,Y,,,Y,,L,04,1,1,0,0,0,0,2,0,0,"- ","- ",32.851430000000001,-117.03904,"SAN DIEGO","SAN DIEGO",-117.03905627,32.851326329999999
6491946,2014,2016-03-28,9650,2014-05-01,1710,15803,,4,2,6,3710,0,1,3,,2,015,"RT 78","JEFFERSON AV",500.00,E,N,A,-,Y,SD,11,78,-,-,0.830,H,-,E,Y,2,0,1,2,A,-,03,22350,,N,C,C,A,A,H,-,A,D,1,,,Y,,Y,,C,02,1,0,0,0,0,0,0,0,1,"- ","- ",33.180720000000001,-117.33626,"SAN DIEGO",OCEANSIDE,-117.33841228,33.181083090000001
6495199,2014,2016-04-08,9650,2014-05-29,1835,014886,,4,2,6,3710,0,1,1,,2,005,"RT 5","RT 78",30.00,S,N,A,-,Y,SD,11,5,-,R,51.210,H,-,S,Y,2,0,1,2,A,-,01,23152,A,N,C,C,A,A,H,-,B,D,1,,,,,Y,Y,A,07,1,0,0,0,0,0,0,0,0,"- ","- ",33.176380000000002,-117.35102999999999,"SAN DIEGO",OCEANSIDE,-117.35150351999999,33.17705969
6496892,2014,2015-11-23,9650,2014-05-31,1413,016490,,6,2,9,3700,0,3,5,,2,213,"SOUTH GRADE RD","RT 76",10032.00,N,N,A,-,N,,,,,,,,,,Y,2,0,1,1,A,-,08,22107,,N,F,A,A,A,H,-,A,D,0,,,Y,,Y,,C,02,1,0,0,0,0,0,0,0,1,"- ","- ",33.295830000000002,-116.89088,"SAN DIEGO",UNINCORPORATED,-116.88777224,33.299808149999997
6497362,2014,2014-07-21,3705,2014-04-03,1430,EC0085,,4,5,5,3705,0,0,0,,0,008,MAGNOLIA,WASHINGTON,53.00,N,N,A,-,N,,,,,,,,,,Y,2,0,3,3,A,-,01,23153,A,N,C,C,A,A,H,-,A,A,0,,,,,Y,Y,D,22,2,0,1,0,0,0,0,0,0,"- ","- ",,,"SAN DIEGO","EL CAJON",-116.9623,32.787805149999997
6500424,2014,2014-08-08,9680,2014-05-04,1719,019407,,7,2,9,3700,0,3,5,,2,002,"LYONS VALLEY RD","LAWSON VALLEY RD",13728.00,E,N,A,-,N,,,,,,,,,,Y,2,0,2,1,A,-,08,22107,,N,F,A,A,A,H,-,A,D,0,,,Y,,Y,,C,02,1,0,1,0,0,0,0,0,2,"- ","- ",32.707810000000002,-116.79236,"SAN DIEGO",UNINCORPORATED,-116.79425145,32.708489849999999
6500511,2014,2016-03-28,9680,2014-05-17,1155,015081,,6,1,9,3700,0,1,3,,1,051,"RT 79","HARRISON PARK RD",2112.00,N,N,A,-,Y,SD,11,79,-,-,16.260,H,-,N,Y,2,0,1,1,A,-,08,22107,,N,E,I,A,A,H,-,A,D,0,,,Y,,Y,,C,02,1,0,0,0,0,0,0,0,1,"- ","- ",33.035409999999999,-116.56328999999999,"SAN DIEGO",UNINCORPORATED,-116.56307102,33.035470269999998
6504284,2014,2016-04-09,3711,2014-05-25,1857,7102,"SAN D",7,5,7,3711,0,0,0,,0,622,"TECOLOTE RD","RT 5",33.00,N,N,A,-,Y,SD,11,5,-,R,20.965,R,4,S,Y,2,0,1,2,A,-,17,21461,A,N,D,C,A,A,H,-,B,A,0,,,,,Y,,-,,1,0,0,0,0,0,0,0,0,"- ",NF,,,"SAN DIEGO","SAN DIEGO",-117.20729350000001,32.772008679999999
6504291,2014,2014-07-29,3711,2014-05-14,0800,6910,,3,5,7,3711,0,0,0,,0,623,"FRIARS RD","FRIARS RD 6600 BLK",0.00,,-,A,-,N,,,,,,,,,,N,2,0,1,1,A,-,08,22107,,N,H,-,A,A,B,-,A,D,0,,Y,,,Y,,L,04,1,0,0,0,0,0,1,0,0,"- ","- ",,,"SAN DIEGO","SAN DIEGO",,
6504493,2014,2016-03-30,9650,2014-05-24,1220,015295,,6,1,9,3700,0,1,3,,1,028,"RT 76","SOUTH GRADE RD",5280.00,W,N,A,-,Y,SD,11,76,-,-,37.070,H,-,W,Y,2,0,1,1,A,-,08,22107,,N,E,I,A,A,H,-,A,D,0,,,Y,,Y,,C,02,1,0,0,0,0,0,0,0,1,"- ","- ",33.302109999999999,-116.91374999999999,"SAN DIEGO",UNINCORPORATED,-116.91376313000001,33.301832609999998
6505622,2014,2014-07-25,3711,2014-05-17,0157,4495,,6,5,7,3711,0,0,0,,0,115,"COSTA VERDE BL","NOBEL DR",0.00,,Y,A,-,N,,,,,,,,,,Y,2,0,1,2,A,-,12,21453,A,N,D,C,A,A,H,-,C,A,0,,,Y,,Y,Y,O,05,1,0,0,0,0,0,0,0,1,"- ","- ",,,"SAN DIEGO","SAN DIEGO",-117.21655007,32.866610110000003
6505759,2014,2014-07-29,3710,2014-05-27,1310,OC1127,,2,5,6,3710,0,0,0,,0,037,COLLEGE,PLAZA,220.00,S,N,A,-,N,,,,,,,,,,Y,2,0,2,2,A,-,09,21801,A,N,D,C,A,A,H,-,A,D,0,,,,,Y,,A,01,1,0,1,0,0,0,0,0,0,"- ","- ",,,"SAN DIEGO",OCEANSIDE,-117.29641731,33.181447939999998
6506182,2014,2014-07-21,3711,2014-04-06,1625,5072,,7,5,7,3711,0,0,0,,0,242,"MIRA MESA BL","WESTONHILL DR",0.00,,Y,A,-,N,,,,,,,,,,Y,2,0,3,2,D,-,00,,,N,D,C,A,A,H,-,A,A,0,,,,,Y,,-,"- ",1,0,2,0,0,0,0,0,0,"- ","- ",,,"SAN DIEGO","SAN DIEGO",-117.1356301,32.912920120000003
6506374,2014,2014-07-17,3700,2014-04-12,2022,SH0742,,6,5,4,3780,0,0,0,,0,411,"ESPOLA RD","TWIN PEAKS RD",0.00,,Y,A,-,N,,,,,,,,,,Y,2,0,2,2,A,-,09,21453,C,N,D,C,A,A,H,-,C,A,0,,,,,Y,Y,A,01,1,0,1,0,0,0,0,0,0,"- ","- ",,,"SAN DIEGO",POWAY,-117.02326001,32.978120099999998
6506488,2014,2016-03-26,9650,2014-05-19,0620,015758,,1,1,9,3700,0,1,1,,2,003,"RT 5","SANTA MARGARITA RIVER",100.00,S,N,A,-,Y,SD,11,5,-,R,56.420,H,-,S,Y,2,0,1,1,A,-,08,22107,,N,F,A,A,A,H,-,A,D,1,,,Y,,Y,,C,03,1,0,0,0,0,0,0,0,1,"- ","- ",33.234870000000001,-117.40635,"SAN DIEGO",UNINCORPORATED,-117.40587098,33.234621369999999
6506533,2014,2016-02-06,9645,2014-04-30,1445,015580,,3,2,7,3711,0,1,1,,2,007,"RT 5","LA JOLLA VILLAGE DR",250.00,N,N,A,-,Y,SD,11,5,-,R,28.593,R,2,N,Y,2,0,1,1,A,-,08,22107,,N,E,I,A,A,H,-,A,D,1,,,Y,,Y,,C,02,1,0,0,0,0,0,0,0,1,FR,"- ",32.873109999999997,-117.22863,"SAN DIEGO","SAN DIEGO",-117.22883304,32.874541430000001
6506537,2014,2016-02-06,9645,2014-04-28,1318,015494,,1,1,7,3711,0,1,1,,2,005,"RT 5","RT 52",1000.00,S,N,A,-,Y,SD,11,5,-,R,25.760,H,-,N,Y,2,0,1,2,A,-,03,22350,,N,C,C,A,A,H,-,A,D,1,,,Y,,Y,,C,02,1,0,0,0,0,0,0,0,1,"- ","- ",32.832380000000001,-117.23260000000001,"SAN DIEGO","SAN DIEGO",-117.23325045,32.834955649999998
6506543,2014,2015-11-20,9650,2014-05-02,2310,019765,,5,3,9,3700,0,3,5,,2,230,"DEL DIOS HWY","CALLE AMBIENTE",7920.00,E,N,A,-,Y,SD,11,15,-,M,24.230,H,-,S,N,2,0,1,2,A,-,11,21954,A,F,G,B,D,A,H,-,D,D,0,Y,,,,Y,Y,N,60,1,0,0,0,1,0,0,0,0,"- ","- ",33.04195,-117.14394,"SAN DIEGO",UNINCORPORATED,-117.07882994000001,33.030858160000001
6508358,2014,2016-03-28,9645,2014-04-27,1856,18428,,7,2,7,3711,0,1,3,,2,025,"RT 163","BALBOA AV",316.00,S,N,A,-,Y,SD,11,163,-,-,7.916,R,2,N,Y,2,0,2,1,A,-,01,23152,A,N,E,I,A,A,H,-,A,D,1,,,,,Y,Y,A,01,1,1,0,0,0,0,0,0,0,TO,"- ",32.820680000000003,-117.1456,"SAN DIEGO","SAN DIEGO",-117.14725846,32.820572859999999
6508867,2014,2016-02-17,9645,2014-05-01,1545,017401,,4,2,7,3711,0,1,1,,2,017,"RT 15","POWAY RD",300.00,N,N,A,-,Y,SD,11,15,-,M,18.240,H,-,S,Y,2,0,1,3,A,-,03,22350,,N,C,C,A,A,H,-,A,D,1,,,,,Y,,A,07,1,0,0,0,0,0,0,0,0,"- ","- ",32.94903,-117.10556,"SAN DIEGO","SAN DIEGO",-117.10541721,32.949138490000003
6509606,2014,2016-03-26,9650,2014-05-16,1740,018321,,5,2,9,3700,0,1,1,,2,005,"RT 5","LA COSTA AV",528.00,N,N,A,-,Y,SD,11,5,-,R,49.417,H,-,N,Y,2,0,1,2,A,-,03,22350,,N,C,C,A,A,H,-,A,D,1,,,,,Y,,A,01,1,0,0,0,0,0,0,0,0,"- ","- ",33.091740000000001,-117.30261,"SAN DIEGO",UNINCORPORATED,-117.3373161,33.154031519999997
6509868,2014,2016-03-28,9650,2014-05-29,2115,018496,,4,2,5,3713,0,1,3,,2,017,"RT 78","SYCAMORE AV",2806.00,W,N,A,-,Y,SD,11,78,-,-,8.560,H,-,W,Y,2,0,1,1,A,-,08,22107,,N,E,I,A,A,H,-,C,D,1,,,,,Y,,A,01,1,0,0,0,0,0,0,0,0,"- ","- ",33.172870000000003,-117.22474,"SAN DIEGO",VISTA,-117.2222601,33.170855830000001
6511480,2014,2014-06-30,3705,2014-04-02,2246,EC0324,,3,5,5,3705,0,0,0,,0,009,WATERLOO,"E WASHINGTON",165.00,N,N,A,-,N,,,,,,,,,,Y,2,0,2,2,A,-,08,22107,,N,E,E,A,A,H,-,C,D,0,,,,,Y,,D,22,1,1,0,0,0,0,0,0,0,"- ","- ",,,"SAN DIEGO","EL CAJON",-116.92213792,32.787641860000001
6512108,2014,2014-08-01,3705,2014-05-18,0415,EC0315,,7,5,5,3705,0,0,0,,0,006,"EL CAJON BL","W WASHINGTON",0.00,,Y,A,-,N,,,,,,,,,,Y,2,0,1,1,A,-,08,22107,,N,E,I,A,A,H,-,C,A,0,,,,,Y,,A,01,1,0,0,0,0,0,0,0,0,"- ","- ",,,"SAN DIEGO","EL CAJON",-116.97475006000001,32.787740059999997
6512132,2014,2014-08-01,3711,2014-05-31,1006,5600,,6,5,7,3711,0,0,0,,0,451,"EUCLID AV","ELM ST",0.00,,Y,A,-,N,,,,,,,,,,Y,2,0,3,3,A,-,12,21453,A,N,A,C,A,A,H,-,A,A,0,,,,,Y,,A,01,3,0,0,0,0,0,0,0,0,"- ","- ",,,"SAN DIEGO","SAN DIEGO",-117.08492006,32.724100030000002
6512893,2014,2014-07-31,3711,2014-05-30,1844,4243,,5,5,7,3711,0,0,0,,0,312,"RUEDA DR","RUEDA CT",32.00,S,N,A,-,N,,,,,,,,,,Y,2,0,2,2,A,-,03,22350,,F,C,E,A,A,H,-,A,D,0,,,,,Y,Y,A,01,1,1,0,0,0,0,0,0,0,"- ","- ",,,"SAN DIEGO","SAN DIEGO",-117.09353405,32.818751020000001
6513100,2014,2014-07-31,3706,2014-05-26,0113,ES0374,ESPD,1,5,6,3706,0,0,0,,0,053,"SAN PASQUAL RD","BEAR VALLEY PKWY",755.00,E,N,A,-,N,,,,,,,,,,Y,2,0,1,1,A,-,01,23152,A,N,E,I,A,A,H,-,C,D,0,,,,,Y,Y,D,22,1,0,0,0,0,0,0,0,0,"- ","- ",,,"SAN DIEGO",ESCONDIDO,-117.0565005,33.073549790000001
6513662,2014,2014-08-07,9680,2014-06-08,0030,19729,,7,3,9,3700,0,3,5,,2,009,"ASHLEY RD","TELFORD LN",0.00,,Y,A,-,N,,,,,,,,,,Y,2,0,1,1,A,-,01,23152,A,N,E,I,A,A,H,-,D,A,0,,,,,Y,Y,A,01,1,0,0,0,0,0,0,0,0,"- ","- ",33.036619999999999,-116.85783000000001,"SAN DIEGO",UNINCORPORATED,-116.8578701,33.036600100000001
6514219,2014,2014-06-30,3700,2014-01-02,1526,SH7477,,4,5,5,3781,0,0,0,,0,519,"KENNEY ST","MAGNOLIA AV",341.00,W,N,A,-,N,,,,,,,,,,N,2,0,1,2,A,-,09,21804,A,N,D,G,A,A,H,-,A,D,0,,Y,,,Y,,L,04,1,0,0,0,0,0,1,0,0,"- ","- ",,,"SAN DIEGO",SANTEE,-116.9634861,32.8295064
6514650,2014,2016-03-26,9650,2014-06-10,0605,013636,,2,1,5,3782,0,1,1,,2,007,"RT 5","LA COSTA AV",528.00,S,N,B,-,Y,SD,11,5,-,R,43.870,H,-,S,Y,2,0,1,1,A,-,03,22350,,N,F,A,A,A,H,-,B,D,1,,,,,Y,,D,22,1,0,0,0,0,0,0,0,0,"- ","- ",,,"SAN DIEGO",ENCINITAS,-117.29731302,33.081406829999999
6514991,2014,2014-07-09,3705,2014-02-14,1752,EC0113,,5,5,5,3705,0,0,0,,0,010,CHAMBERS,MADISON,9.00,S,N,A,-,N,,,,,,,,,,N,2,0,1,2,A,-,10,21950,A,N,G,B,B,A,H,-,B,A,0,Y,,,,Y,,A,01,1,0,0,0,1,0,0,0,0,"- ","- ",,,"SAN DIEGO","EL CAJON",-116.96720000000001,32.800469999999997
6515507,2014,2014-08-05,3700,2014-05-17,1735,SH2619,,6,5,5,3712,0,0,0,,0,355,"DESCANSO AV",DESCANSO,280.00,N,N,A,-,N,,,,,,,,,,N,2,0,1,1,A,-,01,23152,A,N,H,B,A,A,E,-,A,D,0,,,,,Y,Y,A,01,1,0,0,0,0,0,0,0,0,"- ","- ",,,"SAN DIEGO","SAN MARCOS",-117.20796,33.151310000000002
6518652,2014,2016-02-06,9645,2014-05-12,0420,19563,,1,3,7,3711,0,1,1,,2,003,"RT 5","1ST AV",5.00,S,N,A,-,Y,SD,11,5,-,R,16.590,H,-,N,N,2,0,1,2,A,-,11,21954,A,N,G,B,E,A,H,-,C,D,1,Y,,,,Y,Y,N,60,1,0,0,0,1,0,0,0,0,TO,"- ",32.723559999999999,-117.16404,"SAN DIEGO","SAN DIEGO",-117.16391470000001,32.723494770000002
6518719,2014,2016-02-06,9645,2014-05-17,0702,15676,,6,1,7,3711,0,1,1,,2,005,"RT 5","MISSION BAY DR",528.00,S,N,A,-,Y,SD,11,5,-,R,23.830,H,-,N,N,2,0,1,1,A,-,08,22107,,N,E,I,A,-,A,H,A,D,1,,,,,Y,,A,01,1,0,0,0,0,0,0,0,0,"- ","- ",32.810809999999996,-117.21883,"SAN DIEGO","SAN DIEGO",-117.21911256,32.810982610000003
6518771,2014,2014-08-05,9650,2014-05-26,0910,016103,,1,1,9,3700,0,3,5,,2,006,"ELBROOK DR","FALLBROOK ST",9.00,N,N,A,-,N,,,,,,,,,,N,2,0,1,2,A,-,10,21950,A,N,G,B,B,A,H,-,A,A,0,Y,,,,Y,,A,01,1,0,0,0,1,0,0,0,0,"- ","- ",33.376739999999998,-117.24720000000001,"SAN DIEGO",UNINCORPORATED,-117.24708603000001,33.376594130000001
6524478,2014,2014-08-04,3711,2014-05-10,0220,6518,,6,5,7,3711,0,0,0,,0,242,"PARKDALE AV","BAGWELL CV",120.00,S,N,A,-,N,,,,,,,,,,Y,2,0,1,2,A,-,08,22107,,N,C,E,A,A,H,-,C,D,0,,,,,Y,Y,-,,1,0,0,0,0,0,0,0,0,"- ","- ",,,"SAN DIEGO","SAN DIEGO",-117.15698476999999,32.902730320000003
6524501,2014,2016-02-08,9650,2014-05-31,1650,18011,,6,2,9,3700,0,1,1,,2,003,"RT 5","LAS PULGAS RD",15840.00,S,N,A,-,Y,SD,11,5,-,R,59.070,H,-,N,Y,2,0,1,1,A,-,01,23152,A,N,E,I,A,A,H,-,A,D,1,,,,,Y,Y,A,01,1,0,0,0,0,0,0,0,0,"- ","- ",33.26482,-117.43196,"SAN DIEGO",UNINCORPORATED,-117.43204759,33.264942869999999
6524728,2014,2016-03-26,3702,2014-04-20,1513,CV1037,,7,5,6,3702,0,0,0,,0,031,"EAST H ST","RT 805",0.00,,Y,A,-,Y,SD,11,805,-,-,6.959,R,4,N,Y,2,0,1,2,A,-,12,21453,A,N,D,C,A,A,H,-,A,A,0,,,Y,,Y,,A,08,1,0,0,0,0,0,0,0,1,"- ",NF,,,"SAN DIEGO","CHULA VISTA",-117.05253544999999,32.638737159999998
6524792,2014,2014-07-18,3700,2014-04-26,0415,SH2560,,6,5,5,3713,0,0,0,,0,312,"HACIENDA DR","SOUTH MELROSE DR",160.00,E,N,C,-,N,,,,,,,,,,Y,2,0,1,1,A,-,01,23152,A,N,E,I,A,B,H,-,C,A,0,,,,,Y,,-,,1,0,0,0,0,0,0,0,0,"- ","- ",,,"SAN DIEGO",VISTA,-117.25310602,33.19377343
6524924,2014,2016-03-26,9680,2014-05-08,2210,14420,,4,3,5,3781,0,1,3,,2,016,"RT 67","PROSPECT AV",528.00,N,N,A,-,Y,SD,11,67,-,R,2.241,R,2,S,Y,2,0,1,2,A,-,01,23152,A,N,B,C,A,A,H,-,C,D,1,,,Y,,Y,Y,C,02,1,0,0,0,0,0,0,0,1,"- ","- ",32.839950000000002,-116.96576,"SAN DIEGO",SANTEE,-116.96215538,32.835740719999997
6528172,2014,2015-04-21,9650,2014-06-13,1410,16485,,5,2,5,3782,0,1,1,,2,007,"RT 5","LA COSTA AV",2500.00,S,N,A,-,Y,SD,11,5,-,R,43.600,H,-,N,Y,2,0,1,2,A,-,03,22350,,N,C,C,A,A,H,-,A,D,1,,,Y,,Y,,C,02,1,0,0,0,0,0,0,0,1,"- ","- ",33.044499999999999,-117.1747,"SAN DIEGO",ENCINITAS,-117.29590012,33.077637240000001
6528377,2014,2016-04-08,9650,2014-06-15,2050,013452,,7,2,6,3710,0,1,1,,2,005,"RT 5","RT 78",898.00,N,N,A,-,Y,SD,11,5,-,R,51.370,H,-,S,Y,2,0,2,2,A,-,07,21658,A,F,B,C,A,A,H,-,D,D,1,,,,,Y,,D,22,1,0,1,0,0,0,0,0,0,"- ","- ",33.178730000000002,-117.35286000000001,"SAN DIEGO",OCEANSIDE,-117.35307396,33.178970370000002
6528380,2014,2014-08-29,9650,2014-06-12,1445,17328,,4,2,9,3700,0,3,5,,1,212,"OLD HWY 395","RAINBOW VALLEY BL",2218.00,S,N,A,-,N,,,,,,,,,,Y,2,0,1,2,A,-,09,21804,A,N,D,C,A,A,H,-,A,D,0,,,Y,,Y,,I,11,1,0,0,0,0,0,0,0,1,"- ","- ",33.42577,-117.14991999999999,"SAN DIEGO",UNINCORPORATED,-117.14975481,33.425989749999999
6528575,2014,2016-04-09,9680,2014-06-14,1925,019418,,6,2,9,3700,0,1,3,,2,028,"RT 125","JAMACHA BL",203.00,S,N,A,-,Y,SD,11,125,-,-,9.751,R,2,N,Y,2,0,2,2,A,-,01,23152,A,F,B,C,A,A,H,-,B,A,1,,,,,Y,Y,A,01,1,1,0,0,0,0,0,0,0,NF,"- ",32.704970000000003,-117.00985,"SAN DIEGO",UNINCORPORATED,-117.01081109,32.702271750000001
6529772,2014,2014-08-20,3711,2014-06-17,1702,4653,,2,5,7,3711,0,0,0,,0,813,"WIGHTMAN ST","ALABAMA ST",0.00,,Y,A,-,N,,,,,,,,,,N,2,0,1,1,A,-,12,22450,A,N,F,A,A,A,H,-,A,A,0,,Y,,,Y,,L,04,1,0,0,0,0,0,1,0,0,"- ","- ",,,"SAN DIEGO","SAN DIEGO",-117.1421801,32.747400020000001
6529819,2014,2014-08-20,3711,2014-06-09,0656,5838,,1,5,7,3711,0,0,0,,0,524,"ASH ST","FOURTH AV",0.00,,Y,A,-,N,,,,,,,,,,Y,2,0,2,2,A,-,12,21453,A,N,D,C,A,A,H,-,A,A,0,,,Y,,Y,,A,01,1,0,1,0,0,0,0,0,1,"- ","- ",,,"SAN DIEGO","SAN DIEGO",-117.16113013,32.719890020000001
6533045,2014,2014-07-18,3700,2014-03-15,1252,SH1908,,6,5,5,3781,0,0,0,,0,511,"MAGNOLIA AV","BRAVERMAN DR",158.00,W,N,A,-,N,,,,,,,,,,Y,2,0,2,1,A,-,07,21658,A,N,E,I,A,A,H,-,A,D,0,,,,,Y,,A,01,1,1,0,0,0,0,0,0,0,"- ","- ",,,"SAN DIEGO",SANTEE,-116.97102237999999,32.852546089999997
6533091,2014,2014-07-24,3700,2014-04-11,1315,SH1908,,5,5,5,3781,0,0,0,,0,518,"FANITA DR","MISSION GORGE RD",193.00,S,N,A,-,N,,,,,,,,,,Y,2,0,1,2,A,-,11,21956,,N,G,B,E,A,H,-,A,D,0,Y,,,,Y,,N,60,1,0,0,0,1,0,0,0,0,"- ","- ",,,"SAN DIEGO",SANTEE,-117.00073,32.838121409999999
6534728,2014,2014-07-31,3710,2014-05-12,1650,OC0754,,1,5,6,3710,0,0,0,,0,029,"NORTH AV","AUTUMN DR",897.00,E,N,A,-,N,,,,,,,,,,Y,2,0,1,1,C,-,18,,,N,F,I,A,A,H,-,A,D,0,,,,,Y,,-,"- ",1,0,0,0,0,0,0,0,0,"- ","- ",,,"SAN DIEGO",OCEANSIDE,-117.27067785,33.21078412