CASE_ID,ACCIDENT_YEAR,PROC_DATE,JURIS,COLLISION_DATE,COLLISION_TIME,OFFICER_ID,REPORTING_DISTRICT,DAY_OF_WEEK,CHP_SHIFT,POPULATION,CNTY_CITY_LOC,SPECIAL_COND,BEAT_TYPE,CHP_BEAT_TYPE,CITY_DIVISION_LAPD,CHP_BEAT_CLASS,BEAT_NUMBER,PRIMARY_RD,SECONDARY_RD,DISTANCE,DIRECTION,INTERSECTION,WEATHER_1,WEATHER_2,STATE_HWY_IND,CALTRANS_COUNTY,CALTRANS_DISTRICT,STATE_ROUTE,ROUTE_SUFFIX,POSTMILE_PREFIX,POSTMILE,LOCATION_TYPE,RAMP_INTERSECTION,SIDE_OF_HWY,TOW_AWAY,COLLISION_SEVERITY,NUMBER_KILLED,NUMBER_INJURED,PARTY_COUNT,PRIMARY_COLL_FACTOR,PCF_CODE_OF_VIOL,PCF_VIOL_CATEGORY,PCF_VIOLATION,PCF_VIOL_SUBSECTION,HIT_AND_RUN,TYPE_OF_COLLISION,MVIW,PED_ACTION,ROAD_SURFACE,ROAD_COND_1,ROAD_COND_2,LIGHTING,CONTROL_DEVICE,CHP_ROAD_TYPE,PEDESTRIAN_ACCIDENT,BICYCLE_ACCIDENT,MOTORCYCLE_ACCIDENT,TRUCK_ACCIDENT,NOT_PRIVATE_PROPERTY,ALCOHOL_INVOLVED,STWD_VEHTYPE_AT_FAULT,CHP_VEHTYPE_AT_FAULT,COUNT_SEVERE_INJ,COUNT_VISIBLE_INJ,COUNT_COMPLAINT_PAIN,COUNT_PED_KILLED,COUNT_PED_INJURED,COUNT_BICYCLIST_KILLED,COUNT_BICYCLIST_INJURED,COUNT_MC_KILLED,COUNT_MC_INJURED,PRIMARY_RAMP,SECONDARY_RAMP,LATITUDE,LONGITUDE,COUNTY,CITY,POINT_X,POINT_Y
6538408,2014,2015-09-24,3709,2014-06-28,0440,447,NATIO,6,5,5,3709,0,0,0,,0,023,"SWEETWATER RD","2ND ST",0.00,,Y,A,-,N,,,,,,,,,,Y,2,0,3,1,A,-,01,23153,B,N,E,I,A,A,H,-,C,A,0,,,,,Y,Y,A,01,2,1,0,0,0,0,0,0,0,"- ","- ",,,"SAN DIEGO","NATIONAL CITY",-117.06890013,32.660620110000004
6539335,2014,2014-07-17,3700,2014-03-24,0955,SH0029,,1,5,5,3713,0,0,0,,0,303,"EAST VISTA WY","FOOTHILL DR",0.00,,Y,B,-,N,,,,,,,,,,Y,2,0,2,2,A,-,01,23152,A,N,D,C,A,A,H,-,A,A,0,,,,,Y,,A,01,1,1,0,0,0,0,0,0,0,"- ","- ",,,"SAN DIEGO",VISTA,-117.22623012,33.217240080000003
6541753,2014,2016-05-21,9645,2014-07-07,2320,019712,,1,3,7,3711,0,1,1,,2,021,"RT 15","RT 805",264.00,S,N,A,-,Y,SD,11,15,-,R,3.790,H,-,S,Y,2,0,4,2,A,-,01,23152,A,N,C,C,A,A,H,-,C,D,1,,,,,Y,Y,A,01,1,1,2,0,0,0,0,0,0,"- ",TO,,,"SAN DIEGO","SAN DIEGO",-117.11370599,32.73946651
6544630,2014,2014-08-13,9680,2014-06-19,0420,015733,,4,3,9,3700,0,2,4,,1,095,"SAN VICENTE RD","HANSON LN",1123.00,S,N,A,-,N,,,,,,,,,,Y,2,0,2,1,A,-,08,22107,,N,E,I,A,A,H,-,D,D,0,,,,,Y,,A,07,1,1,0,0,0,0,0,0,0,"- ","- ",33.024500000000003,-116.86613,"SAN DIEGO",UNINCORPORATED,-116.86651000000001,33.022664910000003
6544736,2014,2016-03-26,9680,2014-06-14,1525,018734,,6,2,9,3700,0,1,3,,2,015,"RT 52","MAGNOLIA AV",15.00,E,N,A,-,Y,SD,11,52,-,-,17.222,R,2,E,Y,2,0,1,1,A,-,01,23152,A,N,E,I,A,A,H,-,A,D,0,,,Y,,Y,Y,C,02,1,0,0,0,0,0,0,0,1,TO,"- ",32.831609999999998,-116.96302,"SAN DIEGO",UNINCORPORATED,-116.96557409,32.832365160000002
6544908,2014,2015-09-24,3701,2014-06-23,0157,5444,2,1,5,5,3701,0,0,0,,0,001,"CARLSBAD BL","STATE ST",14.00,W,N,A,-,N,,,,,,,,,,Y,2,0,1,1,A,-,03,22350,,N,E,I,A,A,H,-,C,D,0,,,Y,,Y,,C,02,1,0,0,0,0,0,0,0,1,"- ","- ",,,"SAN DIEGO",CARLSBAD,-117.35442281,33.165724689999998
6545935,2014,2016-03-28,9650,2014-06-28,2032,018321,,6,2,5,3712,0,1,3,,2,019,"RT 78","SMILAX RD",62.00,E,N,A,-,Y,SD,11,78,-,-,9.890,H,-,E,Y,2,0,1,2,D,-,00,,,N,F,A,A,A,H,-,A,D,1,,,,,Y,,-,"- ",1,0,0,0,0,0,0,0,0,"- ","- ",33.157679999999999,-117.2069,"SAN DIEGO","SAN MARCOS",-117.20678073000001,33.157450269999998
6546064,2014,2014-07-21,3702,2014-02-20,1910,CV0967,,4,5,6,3702,0,0,0,,0,023,"HILLTOP DR","JICAMA WY",291.00,N,N,A,-,N,,,,,,,,,,Y,2,0,2,2,A,-,10,21950,A,N,G,B,D,A,H,-,C,A,0,Y,,,,Y,,A,01,2,0,0,0,1,0,0,0,0,"- ","- ",,,"SAN DIEGO","CHULA VISTA",-117.05150999999999,32.602956509999999
6548849,2014,2014-08-29,3710,2014-06-23,1720,OC0754,,1,5,6,3710,0,0,0,,0,029,OCEANSIDE,"GATEWAY CENTER",0.00,,Y,A,-,N,,,,,,,,,,Y,2,0,4,2,A,-,12,21453,A,N,D,C,A,A,H,-,A,A,0,,,,,Y,,D,22,1,2,1,0,0,0,0,0,0,"- ","- ",,,"SAN DIEGO",OCEANSIDE,-117.28300273000001,33.207775699999999
6550057,2014,2016-03-26,9645,2014-06-17,1220,14692,,2,1,7,3711,0,1,3,,2,002,"RT 905","BEYER BL",293.00,E,N,A,-,Y,SD,11,905,-,-,3.994,R,2,W,N,2,0,1,1,A,-,03,22350,,N,E,I,A,A,H,-,A,D,1,,,Y,,Y,,C,02,1,0,0,0,0,0,0,0,1,TO,"- ",32.569540000000003,-117.0628,"SAN DIEGO","SAN DIEGO",-117.06043117,32.568503059999998
6552859,2014,2014-08-11,3706,2014-06-23,1203,ES0380,ESCON,1,5,6,3706,0,0,0,,0,052,"VALLEY PKWY","ELM ST",123.00,W,N,A,-,N,,,,,,,,,,N,2,0,1,2,A,-,11,21954,A,N,G,B,D,A,H,-,A,D,0,Y,,,,Y,,N,60,1,0,0,0,1,0,0,0,0,"- ","- ",,,"SAN DIEGO",ESCONDIDO,-117.07291075000001,33.127757520000003
6558769,2014,2016-05-24,9650,2014-07-10,1800,015654,,4,2,9,3700,0,1,3,,2,065,"RT 76","SAGE RD",1145.00,E,N,A,-,Y,SD,11,76,-,-,16.540,H,-,E,Y,2,0,1,1,A,-,08,22107,,N,F,A,A,A,H,-,A,D,0,,,,,Y,,A,08,1,0,0,0,0,0,0,0,0,"- ","- ",33.323700000000002,-117.16762,"SAN DIEGO",UNINCORPORATED,-117.16793288,33.32291695
6559323,2014,2014-08-05,3706,2014-05-20,2316,0426,ESCON,2,5,6,3706,0,0,0,,0,041,"COUNTRY CLUB DR","EASTRIDGE LN",247.00,E,N,A,-,N,,,,,,,,,,Y,2,0,1,1,A,-,08,22107,,N,E,I,A,A,H,-,C,D,0,,,,,Y,,D,23,1,0,0,0,0,0,0,0,0,"- ","- ",,,"SAN DIEGO",ESCONDIDO,-117.09694700999999,33.159355750000003
6559717,2014,2015-09-24,3710,2014-05-30,2045,OC1363,,5,5,6,3710,0,0,0,,0,026,"VISTA WY","ITALIA WY",0.00,,Y,B,-,N,,,,,,,,,,Y,2,0,1,1,A,-,03,22350,,N,E,I,A,B,H,-,C,A,0,,,,,Y,,A,01,1,0,0,0,0,0,0,0,0,"- ","- ",,,"SAN DIEGO",OCEANSIDE,-117.31343,33.180730109999999
6560159,2014,2014-08-26,3711,2014-07-09,1913,5604,,3,5,7,3711,0,0,0,,0,611,"MIDWAY DR","REILY ST",108.00,W,N,A,-,N,,,,,,,,,,Y,2,0,1,2,A,-,09,21802,A,N,D,C,A,A,H,-,A,D,0,,,,,Y,,-,,1,0,0,0,0,0,0,0,0,"- ","- ",,,"SAN DIEGO","SAN DIEGO",-117.2085,32.750378019999999
6561473,2014,2014-08-28,3708,2014-07-07,2053,1213,200,1,5,5,3708,0,0,0,,0,004,"GROSSMONT CENTER DR","HEALTHCARE DR",0.00,,Y,A,-,N,,,,,,,,,,N,2,0,1,2,A,-,03,22350,,N,G,B,D,A,H,-,C,A,0,Y,,,,Y,,A,01,1,0,0,0,1,0,0,0,0,"- ","- ",,,"SAN DIEGO","LA MESA",-117.00865002,32.779160089999998
6562828,2014,2015-09-24,3705,2014-06-29,2014,EC0337,,7,5,5,3705,0,0,0,,0,009,MAIN,ANZA,393.00,E,N,A,-,N,,,,,,,,,,N,2,0,1,1,A,-,17,21663,,N,E,I,A,A,H,-,B,D,0,,Y,,,Y,,L,04,1,0,0,0,0,0,1,0,0,"- ","- ",,,"SAN DIEGO","EL CAJON",-116.94691573,32.794946879999998
6567152,2014,2015-01-27,9680,2014-06-12,1840,18104,,4,2,5,3708,0,1,1,,2,082,"RT 8","GROSSMONT BL",1584.00,E,N,A,-,Y,SD,11,8,-,-,13.340,H,-,W,Y,2,0,1,3,A,-,08,22107,,N,B,C,A,A,H,-,A,D,1,,,Y,,Y,,A,07,1,0,0,0,0,0,0,0,1,"- ","- ",32.779290000000003,-116.98869000000001,"SAN DIEGO","LA MESA",-116.98537693999999,32.779180529999998
6567477,2014,2014-07-26,3701,2014-06-11,0020,13087,,3,5,5,3701,0,0,0,,0,,"PIO PICO DR","BUENA VISTA WY",8.00,N,N,A,-,N,,,,,,,,,,Y,2,0,5,1,A,-,01,23152,A,N,E,I,A,A,H,-,C,D,0,,,,,Y,Y,A,07,1,3,1,0,0,0,0,0,0,"- ","- ",33.168950000000002,-117.34453000000001,"SAN DIEGO",CARLSBAD,-117.34444211,33.168861849999999
6568605,2014,2014-08-07,3701,2014-06-22,1640,5444,41,7,5,5,3701,0,0,0,,0,003,"PARK DR","KELLY DR",0.00,,Y,A,-,N,,,,,,,,,,N,2,0,1,1,A,-,05,21202,A,N,E,G,A,A,D,-,A,D,0,,Y,,,Y,Y,L,04,1,0,0,0,0,0,1,0,0,"- ","- ",,,"SAN DIEGO",CARLSBAD,-117.31071003,33.146430080000002
6569196,2014,2016-05-24,9645,2014-07-07,1208,017667,,1,1,7,3711,0,1,1,,2,007,"RT 5","GENESEE AV",45.00,N,N,A,-,Y,SD,11,5,-,R,29.628,R,3,N,Y,2,0,1,1,A,-,08,22107,,N,F,A,A,A,H,-,A,D,1,,,,,Y,,A,01,1,0,0,0,0,0,0,0,0,FR,"- ",32.887259999999998,-117.22669,"SAN DIEGO","SAN DIEGO",-117.2274082,32.889465190000003
6569200,2014,2016-05-23,9645,2014-07-14,1227,017667,,1,1,7,3711,0,1,1,,2,005,"RT 5","1ST AV",200.00,S,N,B,-,Y,SD,11,5,-,R,16.440,H,-,N,Y,2,0,1,2,A,-,07,21658,A,F,F,A,A,A,H,-,A,D,1,,,Y,,Y,,-,99,1,0,0,0,0,0,0,0,1,"- ","- ",32.722859999999997,-117.16231000000001,"SAN DIEGO","SAN DIEGO",-117.16151084000001,32.72276325
6573232,2014,2016-01-05,9680,2014-07-04,2210,17928,,5,3,9,3700,0,3,5,,2,009,"OLD JULIAN HWY","VISTA RAMONA RD",384.00,N,N,A,-,N,,,,,,,,,,N,2,0,1,1,A,-,03,22350,,N,F,A,A,A,H,-,D,D,0,,,Y,,Y,,C,02,1,0,0,0,0,0,0,0,1,"- ","- ",33.038020000000003,-116.82979,"SAN DIEGO",UNINCORPORATED,-116.83111187999999,33.037360630000002
6573599,2014,2016-01-05,9680,2014-07-17,0418,019936,,4,3,9,3700,0,3,5,,2,002,"AVOCADO BL","CALLE VERDE",296.00,S,N,A,-,N,,,,,,,,,,Y,2,0,1,1,A,-,01,23152,A,N,F,A,A,A,H,-,C,D,0,,,Y,,Y,Y,C,02,1,0,0,0,0,0,0,0,1,"- ","- ",32.74729,-116.96234,"SAN DIEGO",UNINCORPORATED,-116.96211541,32.74749783
6575112,2014,2016-05-28,9645,2014-07-16,1520,017717,,3,2,7,3711,0,1,1,,2,010,"RT 8","WARING RD",125.00,W,N,A,-,Y,SD,11,8,-,-,7.030,H,-,E,Y,2,0,1,2,A,-,03,22350,,N,C,C,A,A,H,-,A,D,1,,,,,Y,,A,01,1,0,0,0,0,0,0,0,0,"- ","- ",32.780540000000002,-117.08868,"SAN DIEGO","SAN DIEGO",-117.0886618,32.780594209999997
6575607,2014,2016-05-21,9645,2014-07-16,1750,17025,,3,2,7,3711,0,1,1,,2,015,"RT 805","LA JOLLA VILLAGE DR",50.00,S,N,A,-,Y,SD,11,805,-,-,25.930,H,-,S,Y,2,0,1,2,A,-,08,22107,,F,B,C,A,A,H,-,A,D,1,,,Y,,Y,,E,22,1,0,0,0,0,0,0,0,1,"- ","- ",32.875030000000002,-117.19927,"SAN DIEGO","SAN DIEGO",-117.19944956000001,32.875114940000003
6576575,2014,2016-05-21,9680,2014-07-20,0930,017996,,7,1,9,3700,0,1,3,,1,024,"RT 94","COMMUNITY BUILDING",7392.00,E,N,A,-,Y,SD,11,94,-,-,32.030,H,-,W,Y,2,0,3,2,A,-,05,21460,A,N,B,C,A,A,H,-,A,D,0,,,Y,,Y,,C,02,1,1,1,0,0,0,0,0,3,"- ","- ",,,"SAN DIEGO",UNINCORPORATED,-116.74237684000001,32.619406699999999
6576583,2014,2016-05-21,9680,2014-07-20,1604,016981,,7,2,9,3700,0,1,3,,2,016,"RT 67","RIVERFORD RD",1967.00,S,N,A,-,Y,SD,11,67,-,R,0.354,H,-,N,Y,2,0,1,1,A,-,08,22107,,N,F,A,A,A,H,-,A,D,1,,,Y,,Y,,C,02,1,0,0,0,0,0,0,0,1,"- ","- ",32.848329999999997,-116.95442,"SAN DIEGO",UNINCORPORATED,-116.96172882,32.808178939999998
6576772,2014,2014-08-15,3700,2014-07-31,1015,SH2659,,4,5,5,3712,0,0,0,,0,359,"WEST SAN MARCOS BL","VIA VERA CRUZ",211.00,W,N,A,-,N,,,,,,,,,,Y,2,0,1,2,A,-,01,23152,A,F,B,G,A,A,H,-,A,D,0,,Y,,,Y,,A,01,1,0,0,0,0,0,1,0,0,"- ","- ",,,"SAN DIEGO","SAN MARCOS",-117.18862554,33.134677070000002
6577986,2014,2014-08-19,3700,2014-06-04,1700,SH7366,,3,5,4,3707,0,0,0,,0,709,"IMPERIAL BEACH BL","11TH ST",7.00,S,N,A,-,N,,,,,,,,,,N,2,0,1,2,A,-,06,21951,,N,G,B,D,A,H,-,A,D,0,Y,,,,Y,,A,07,1,0,0,0,1,0,0,0,0,"- ","- ",,,"SAN DIEGO","IMPERIAL BEACH",-117.11063,32.576540000000001
6579003,2014,2014-08-15,3705,2014-06-20,2024,EC0328,,5,5,5,3705,0,0,0,,0,007,MOLLISON,PEACH,89.00,S,N,A,-,N,,,,,,,,,,N,2,0,1,2,A,-,11,21954,A,N,G,B,D,A,H,-,C,D,0,Y,,,,Y,,N,60,1,0,0,0,1,0,0,0,0,"- ","- ",,,"SAN DIEGO","EL CAJON",-116.95098,32.806336260000002
6580440,2014,2014-08-18,3711,2014-07-23,2154,5051,,3,5,7,3711,0,0,0,,0,445,"EUCLID AV","GUYMON ST",191.00,S,N,A,-,N,,,,,,,,,,N,2,0,1,2,A,-,11,21954,A,N,G,B,E,A,H,-,D,D,0,Y,,,,Y,,N,60,1,0,0,0,1,0,0,0,0,"- ","- ",,,"SAN DIEGO","SAN DIEGO",-117.08504458,32.71186685
6580451,2014,2016-05-25,9645,2014-07-04,1309,16439,,5,1,7,3711,0,1,1,,2,017,"RT 15","RT 52",1952.00,N,N,A,-,Y,SD,11,15,-,R,10.950,H,-,S,Y,2,0,4,2,A,-,08,22107,,N,E,I,A,A,H,-,A,D,1,,,,,Y,,A,07,1,2,1,0,0,0,0,0,0,"- ","- ",32.846679999999999,-117.11779,"SAN DIEGO","SAN DIEGO",-117.11802579,32.846771750000002
6582974,2014,2014-08-22,9680,2014-07-22,1550,016622,,2,2,9,3700,0,2,4,,1,014,"WINTER GARDENS BL","SHORT ST",45.00,N,N,A,-,N,,,,,,,,,,Y,2,0,4,2,A,-,09,21804,A,N,D,C,A,A,H,-,A,D,0,,,,,Y,Y,D,22,2,1,1,0,0,0,0,0,0,"- ","- ",32.826430000000002,-116.93351,"SAN DIEGO",UNINCORPORATED,-116.93351,32.826553240000003
6585771,2014,2014-08-19,3711,2014-07-16,2315,5340,,3,5,7,3711,0,0,0,,0,326,"MONTEZUMA RD","FAIRMOUNT AV",32.00,E,N,A,-,N,,,,,,,,,,Y,2,0,1,1,A,-,03,22350,,N,E,I,A,A,H,-,C,D,0,,,,,Y,,A,07,1,0,0,0,0,0,0,0,0,"- ","- ",,,"SAN DIEGO","SAN DIEGO",-117.09707143999999,32.77242262
6585901,2014,2014-08-18,9650,2014-07-20,0930,17263,,7,1,9,3700,0,3,5,,2,230,"CLARENCE LN","CENTRE CITY PKWY",900.00,W,N,A,-,N,,,,,,,,,,N,2,0,2,1,C,-,18,,,N,F,A,A,A,H,-,A,D,0,,,,,Y,,-,"- ",1,1,0,0,0,0,0,0,0,"- ","- ",33.079160000000002,-117.07598,"SAN DIEGO",UNINCORPORATED,-117.07603075999999,33.079316489999997
6589941,2014,2014-08-22,3711,2014-07-12,2337,5393,,6,5,7,3711,0,0,0,,0,813,"30TH ST","REDWOOD ST",170.00,N,N,A,-,N,,,,,,,,,,N,2,0,1,2,A,-,09,21801,A,N,D,G,A,A,H,-,D,D,0,,Y,,,Y,,A,01,1,0,0,0,0,0,1,0,0,"- ","- ",,,"SAN DIEGO","SAN DIEGO",-117.12932000000001,32.737885679999998
6592155,2014,2014-09-02,3700,2014-07-04,1640,SH2619,,5,5,5,3712,0,0,0,,0,360,"SOUTH TWIN OAKS VALLEY RD","RIDGELINE TRAILHEAD",274.00,E,N,A,-,N,,,,,,,,,,Y,2,0,1,1,B,-,22,,,N,E,I,A,A,H,-,A,D,0,,,Y,,Y,,C,03,1,0,0,0,0,0,0,0,1,"- ","- ",,,"SAN DIEGO","SAN MARCOS",-117.16525823000001,33.107688860000003
6592955,2014,2014-09-03,9650,2014-07-26,0804,015906,,6,1,9,3700,0,3,5,,2,006,"OLD HWY 395","STEWART CANYON RD",1584.00,N,N,A,-,N,,,,,,,,,,N,2,0,3,3,D,-,00,,,N,F,A,A,A,H,-,A,D,0,,Y,,,Y,,-,"- ",1,2,0,0,0,0,3,0,0,"- ","- ",33.368560000000002,-117.16643999999999,"SAN DIEGO",UNINCORPORATED,-117.16623521,33.368362859999998
6601436,2014,2016-05-24,9680,2014-08-17,1024,018672,,7,1,9,3700,0,1,3,,1,051,"RT 79","HARRISON PARK RD",2112.00,N,N,A,-,Y,SD,11,79,-,-,16.240,H,-,N,Y,2,0,1,2,A,-,01,23152,A,N,B,C,A,A,H,-,A,A,0,,,Y,,Y,Y,C,02,1,0,0,0,0,0,0,0,1,"- ","- ",33.035240000000002,-116.56336,"SAN DIEGO",UNINCORPORATED,-116.56334648000001,33.035362900000003
6601888,2014,2014-09-11,3711,2014-07-14,2005,5985,,1,5,7,3711,0,0,0,,0,511,"CESAR E CHAVEZ PKWY","NEWTON AV",1900.00,,Y,B,-,N,,,,,,,,,,N,2,0,1,2,A,-,09,21801,A,F,F,A,A,A,H,-,B,A,0,,,Y,,Y,,-,99,1,0,0,0,0,0,0,0,1,"- ","- ",,,"SAN DIEGO","SAN DIEGO",-117.14582004,32.69984006
6602155,2014,2014-09-09,3705,2014-06-29,2327,EC0337,,7,5,5,3705,0,0,0,,0,008,"E CAMDEN",TAFT,138.00,E,N,A,-,N,,,,,,,,,,N,2,0,1,2,A,-,11,21954,A,N,G,B,E,A,A,-,C,D,0,Y,,,,Y,,N,60,1,0,0,0,1,0,0,0,0,"- ","- ",,,"SAN DIEGO","EL CAJON",-116.95594258,32.790193340000002
6606002,2014,2014-08-22,3711,2014-07-08,1236,6000,,2,5,7,3711,0,0,0,,0,243,"MIRALANI DR","CAMINO RUIZ",398.00,W,N,A,-,N,,,,,,,,,,Y,1,1,0,1,A,-,03,22350,,N,E,I,A,A,H,-,A,D,0,,,Y,,Y,,C,02,0,0,0,0,0,0,0,1,0,"- ","- ",,,"SAN DIEGO","SAN DIEGO",-117.1370998,32.895880140000003
6606004,2014,2014-08-23,3711,2014-07-16,2032,4576,,3,5,7,3711,0,0,0,,0,824,"EL CAJON BL","ALTADENA AV",0.00,,Y,B,-,N,,,,,,,,,,N,1,1,0,2,A,-,11,21950,B,N,G,B,B,A,H,-,C,A,0,Y,,,,Y,,N,60,0,0,0,1,0,0,0,0,0,"- ","- ",,,"SAN DIEGO","SAN DIEGO",-117.08575001,32.756950089999997
6606038,2014,2014-08-23,9650,2014-04-17,1600,17328,,4,2,9,3700,0,2,4,,2,061,"SOUTH MISSION RD","VIA MONSERATE",1287.00,N,N,B,-,N,,,,,,,,,,Y,1,1,4,4,A,-,05,21460,A,N,B,C,A,A,H,-,A,D,0,,,,,Y,,A,01,1,0,3,0,0,0,0,0,0,"- ","- ",33.317549999999997,-117.23262,"SAN DIEGO",UNINCORPORATED,-117.23230694999999,33.317361040000002
6606128,2014,2014-09-25,9650,2014-05-10,2305,19191,,6,3,9,3700,0,3,5,,2,210,"OLD HWY 395","VIA BELMONTE",125.00,N,N,B,-,N,,,,,,,,,,N,1,1,0,2,A,-,11,21956,A,N,G,B,E,A,H,-,D,D,0,Y,,,,Y,Y,N,60,0,0,0,1,0,0,0,0,0,"- ","- ",33.334229999999998,-117.16072,"SAN DIEGO",UNINCORPORATED,-117.16076953,33.33409442
6606162,2014,2014-09-24,3700,2014-05-01,2219,SH2560,,4,5,5,3713,0,0,0,,0,301,"NORTH SANTA FE AV","ANGELES VISTA DR",46.00,N,N,A,-,N,,,,,,,,,,Y,1,1,0,2,A,-,11,21954,A,N,G,B,E,A,H,-,D,D,0,Y,,,,Y,,N,60,0,0,0,1,0,0,0,0,0,"- ","- ",,,"SAN DIEGO",VISTA,-117.246506,33.225335919999999
6606167,2014,2014-09-29,9680,2014-05-31,1103,15766,,6,1,9,3700,0,1,1,,2,086,"RT 8","CRESTWOOD RD",2112.00,E,N,A,-,Y,SD,11,8,-,R,61.670,H,-,E,Y,1,1,1,3,C,-,18,,,N,E,J,A,A,C,-,A,D,1,,,Y,,Y,,-,"- ",1,0,0,0,0,0,0,1,1,"- ","- ",32.7044,-116.35463,"SAN DIEGO",UNINCORPORATED,-116.35330288999999,32.70413739
6606169,2014,2015-12-29,3710,2014-05-03,2225,OC1355,,6,5,6,3710,0,0,0,,0,014,"RT 76","BENET RD",0.00,,Y,A,-,Y,SD,11,76,-,R,1.767,I,5,W,Y,1,1,0,2,A,-,11,21456,B,N,G,B,B,A,H,-,C,D,0,Y,,,,Y,Y,N,60,0,0,0,1,0,0,0,0,0,"- ","- ",,,"SAN DIEGO",OCEANSIDE,-117.35736491999999,33.2148416
6606204,2014,2014-10-02,9650,2014-06-02,1028,012120,,1,1,9,3700,0,1,1,,2,001,"RT 5","SAN ONOFRE INSPECTION FACILITY",4224.00,S,N,A,-,Y,SD,11,5,-,R,66.960,H,-,S,Y,1,1,1,2,A,-,03,22350,,N,C,C,A,A,C,-,A,D,1,,,,Y,Y,,A,01,1,0,0,0,0,0,0,0,0,"- ","- ",33.34442,-117.51396,"SAN DIEGO",UNINCORPORATED,-117.52049943,33.348979870000001
6606227,2014,2014-10-06,9645,2014-04-10,0050,18652,,4,3,7,3711,0,1,1,,2,003,"RT 5","WASHINGTON ST",555.00,S,N,A,-,Y,SD,11,5,-,R,18.170,H,-,N,Y,1,1,0,2,A,-,01,23152,A,M,B,C,A,A,H,-,D,D,1,,,Y,Y,Y,Y,C,02,0,0,0,0,0,0,0,1,0,"- ","- ",,,"SAN DIEGO","SAN DIEGO",-117.18042632,32.741537170000001
6606271,2014,2016-05-06,9650,2014-06-29,2209,019549,,7,3,9,3700,0,1,3,,1,028,"RT 76","ADAMS DR",6600.00,W,N,A,-,Y,SD,11,76,-,-,26.740,H,-,E,Y,1,1,2,2,A,-,01,23152,A,N,A,C,A,A,H,-,D,D,0,,,,,Y,Y,D,22,1,1,0,0,0,0,0,0,0,"- ","- ",33.352170000000001,-117.02573,"SAN DIEGO",UNINCORPORATED,-117.02563487,33.351956389999998
6606307,2014,2015-12-30,3700,2014-07-27,0120,SH1725,,7,5,5,3712,0,0,0,,0,356,"SOUTH SANTA FE AV","LAS FLORES DR",0.00,,Y,B,-,N,,,,,,,,,,Y,1,1,0,2,A,-,01,23152,A,F,D,C,A,A,H,-,C,A,0,,,Y,,Y,Y,A,07,0,0,0,0,0,0,0,1,0,"- ","- ",,,"SAN DIEGO","SAN MARCOS",-117.20010001999999,33.156730090000003
6606308,2014,2014-10-13,9680,2014-07-28,0035,19936,,1,3,9,3700,0,2,4,,1,021,"DEHESA RD","SLOANE CANYON RD",2640.00,W,N,A,-,N,,,,,,,,,,N,1,1,0,2,D,-,00,,,F,G,B,E,A,H,-,D,D,0,Y,,,,Y,,-,"- ",0,0,0,1,0,0,0,0,0,"- ","- ",32.780970000000003,-116.86011000000001,"SAN DIEGO",UNINCORPORATED,-116.86046116999999,32.780788469999997
6606373,2015,2016-02-05,3711,2015-12-20,2014,5600,,7,5,7,3711,0,0,0,,0,616,"ROSECRANS ST","QUALTROUGH ST",300.00,S,N,A,-,N,,,,,,,,,,Y,1,1,0,2,A,-,08,22107,,N,F,A,A,A,H,-,D,D,0,,,Y,,Y,,C,02,0,0,0,0,0,0,0,1,0,"- ","- ",,,"SAN DIEGO","SAN DIEGO",-117.2375052,32.713401779999998
6608016,2014,2014-09-08,3700,2014-08-07,1300,SH2505,,4,5,5,3712,0,0,0,,0,349,"SOUTH RANCHO SANTA FE RD","MELROSE DR",0.00,,Y,A,-,N,,,,,,,,,,Y,2,0,2,4,C,-,18,,,N,C,C,A,A,H,-,A,A,0,,,,,Y,,-,"- ",1,0,1,0,0,0,0,0,0,"- ","- ",,,"SAN DIEGO","SAN MARCOS",-117.2255801,33.107180049999997
6611890,2014,2014-09-23,3711,2014-08-28,2052,5393,,4,5,7,3711,0,0,0,,0,315,"FRIARS RD","NORTHSIDE DR",510.00,E,N,A,-,N,,,,,,,,,,N,2,0,1,2,A,-,11,21954,A,N,G,B,D,A,H,-,D,D,0,Y,,,,Y,Y,N,60,1,0,0,0,1,0,0,0,0,"- ","- ",,,"SAN DIEGO","SAN DIEGO",-117.12660207,32.78497565
6613696,2014,2014-09-11,3700,2014-07-24,2150,SH7709,,4,5,4,3780,0,0,0,,0,406,"TWIN PEAKS RD","MIDLAND RD",746.00,W,N,A,-,N,,,,,,,,,,N,2,0,1,2,A,-,01,21200,5,N,C,G,A,A,H,-,E,A,0,,Y,,,Y,Y,L,04,1,0,0,0,0,0,1,0,0,"- ","- ",,,"SAN DIEGO",POWAY,-117.03860317,32.977223459999998
6614736,2014,2016-01-15,3705,2014-07-30,2112,ECV0324,,3,5,5,3705,0,0,0,,0,009,BALLARD,"E MAIN",8.00,S,N,A,-,N,,,,,,,,,,N,2,0,1,2,A,-,05,21202,A,N,D,G,A,A,H,-,C,A,0,,Y,,,Y,,L,04,1,0,0,0,0,0,1,0,0,"- ","- ",,,"SAN DIEGO","EL CAJON",-116.94137033,32.794918090000003
6616332,2014,2014-09-27,3706,2014-08-06,1318,ES0380,,3,5,6,3706,0,0,0,,0,041,BROADWAY,"STANLEY  AV",0.00,,Y,A,-,N,,,,,,,,,,Y,2,0,2,2,A,-,09,21802,A,N,D,C,A,A,D,E,A,A,0,,,,,Y,,A,01,1,1,0,0,0,0,0,0,0,"- ","- ",,,"SAN DIEGO",ESCONDIDO,-117.0921901,33.15655005
6616420,2014,2014-09-26,9680,2014-08-31,0945,016878,,7,1,9,3700,0,3,5,,2,007,"DI GIORGIO RD","PALM CANYON DR",5280.00,N,N,A,-,N,,,,,,,,,,Y,2,0,1,1,A,-,01,23152,F,N,F,A,A,A,H,-,A,D,0,,,,,Y,Y,D,22,1,0,0,0,0,0,0,0,0,"- ","- ",33.243200000000002,-116.36568,"SAN DIEGO",UNINCORPORATED,-116.36619566,33.271097009999998