CASE_ID,ACCIDENT_YEAR,PROC_DATE,JURIS,COLLISION_DATE,COLLISION_TIME,OFFICER_ID,REPORTING_DISTRICT,DAY_OF_WEEK,CHP_SHIFT,POPULATION,CNTY_CITY_LOC,SPECIAL_COND,BEAT_TYPE,CHP_BEAT_TYPE,CITY_DIVISION_LAPD,CHP_BEAT_CLASS,BEAT_NUMBER,PRIMARY_RD,SECONDARY_RD,DISTANCE,DIRECTION,INTERSECTION,WEATHER_1,WEATHER_2,STATE_HWY_IND,CALTRANS_COUNTY,CALTRANS_DISTRICT,STATE_ROUTE,ROUTE_SUFFIX,POSTMILE_PREFIX,POSTMILE,LOCATION_TYPE,RAMP_INTERSECTION,SIDE_OF_HWY,TOW_AWAY,COLLISION_SEVERITY,NUMBER_KILLED,NUMBER_INJURED,PARTY_COUNT,PRIMARY_COLL_FACTOR,PCF_CODE_OF_VIOL,PCF_VIOL_CATEGORY,PCF_VIOLATION,PCF_VIOL_SUBSECTION,HIT_AND_RUN,TYPE_OF_COLLISION,MVIW,PED_ACTION,ROAD_SURFACE,ROAD_COND_1,ROAD_COND_2,LIGHTING,CONTROL_DEVICE,CHP_ROAD_TYPE,PEDESTRIAN_ACCIDENT,BICYCLE_ACCIDENT,MOTORCYCLE_ACCIDENT,TRUCK_ACCIDENT,NOT_PRIVATE_PROPERTY,ALCOHOL_INVOLVED,STWD_VEHTYPE_AT_FAULT,CHP_VEHTYPE_AT_FAULT,COUNT_SEVERE_INJ,COUNT_VISIBLE_INJ,COUNT_COMPLAINT_PAIN,COUNT_PED_KILLED,COUNT_PED_INJURED,COUNT_BICYCLIST_KILLED,COUNT_BICYCLIST_INJURED,COUNT_MC_KILLED,COUNT_MC_INJURED,PRIMARY_RAMP,SECONDARY_RAMP,LATITUDE,LONGITUDE,COUNTY,CITY,POINT_X,POINT_Y
7170673,2015,2016-01-29,3700,2015-12-26,1828,SH2528,,6,5,5,3713,0,0,0,,0,308,"WEST VISTA WY","NETTLETON RD",0.00,,Y,A,-,N,,,,,,,,,,N,2,0,1,2,A,-,11,21954,A,N,G,B,E,A,H,-,D,D,0,Y,,,,Y,,N,60,1,0,0,0,1,0,0,0,0,"- ","- ",,,"SAN DIEGO",VISTA,-117.28212012,33.187000079999997
7175004,2015,2016-02-23,3705,2015-12-29,1417,EC0278,,2,5,5,3705,0,0,0,,0,009,JAMACHA,"SHADOW VISTA",72.00,S,N,A,-,N,,,,,,,,,,N,2,0,1,2,D,-,00,,,N,B,G,A,A,H,-,A,D,0,,Y,,Y,Y,,-,"- ",1,0,0,0,0,0,1,0,0,"- ","- ",,,"SAN DIEGO","EL CAJON",-116.92741938,32.780392980000002
7175210,2016,2016-02-05,3711,2016-01-25,1852,6070,,1,5,7,3711,0,0,0,,0,122,"INGRAHAM ST","GRAND AV",66.00,S,N,A,-,N,,,,,,,,,,,2,0,1,2,A,-,11,21954,A,N,B,B,D,A,H,-,C,D,0,Y,,,,Y,,N,60,1,0,0,0,1,0,0,0,0,"- ","- ",,,"SAN DIEGO","SAN DIEGO",-117.24023769,32.797753069999999
7177234,2016,2016-02-09,3701,2016-01-22,2342,5458,123,5,5,5,3701,0,0,0,,0,008,"RANCHO SANTA FE","CAMINO DE LOS COCHES",561.00,S,N,A,-,N,,,,,,,,,,Y,2,0,1,2,A,-,07,21658,A,F,B,C,A,A,H,-,C,D,0,,,,,Y,,A,01,1,0,0,0,0,0,0,0,0,"- ","- ",33.074829999999999,-117.23996,"SAN DIEGO",CARLSBAD,-117.23998663,33.07486677
7177895,2015,2016-02-16,3705,2015-11-24,1406,EC0281,,2,5,5,3705,0,0,0,,0,006,MARSHALL,"EL CAJON BL",0.00,,Y,A,-,N,,,,,,,,,,Y,2,0,1,2,A,-,09,21801,A,N,D,C,A,A,H,-,A,D,0,,,Y,,Y,,D,22,1,0,0,0,0,0,0,0,1,"- ","- ",,,"SAN DIEGO","EL CAJON",-116.97486012,32.787810090000001
7183615,2016,2016-02-18,3710,2016-01-30,2222,OC0874,,6,5,6,3710,0,0,0,,0,018,"NORTH RIVER RD","S REDONDO DR",0.00,,Y,C,-,N,,,,,,,,,,Y,2,0,1,1,A,-,03,22350,,N,A,I,A,B,H,-,C,D,0,,,Y,,Y,,C,02,1,0,0,0,0,0,0,0,1,"- ","- ",,,"SAN DIEGO",OCEANSIDE,-117.30119010999999,33.24931007
7184263,2016,2016-02-19,3711,2016-01-19,1741,5972,,2,5,7,3711,0,0,0,,0,723,"PICADOR BL","BEYER WY",77.00,S,N,B,-,N,,,,,,,,,,N,2,0,1,2,A,-,11,21954,A,F,G,B,D,A,H,-,C,D,0,Y,,,,Y,,N,60,1,0,0,0,1,0,0,0,0,"- ","- ",,,"SAN DIEGO","SAN DIEGO",-117.06202829,32.583559659999999
7184267,2016,2016-02-19,3711,2016-01-28,0748,5061,,4,5,7,3711,0,0,0,,0,233,"PENASQUITOS DR","DEL DIABLO WY",500.00,S,N,A,-,N,,,,,,,,,,Y,2,0,3,3,A,-,08,22107,,N,G,B,F,A,H,-,A,D,0,Y,,,,Y,,A,07,2,1,0,0,2,0,0,0,0,"- ","- ",,,"SAN DIEGO","SAN DIEGO",-117.09106808,32.985894870000003
7184271,2016,2016-02-19,3711,2016-01-30,0234,5600,,6,5,7,3711,0,0,0,,0,823,"JEFF ST","COLLAGE AV",22.00,E,N,A,-,N,,,,,,,,,,N,2,0,1,1,A,-,21,22106,,N,E,I,A,A,H,-,C,D,0,,,,,Y,,A,01,1,0,0,0,0,0,0,0,0,"- ","- ",,,"SAN DIEGO","SAN DIEGO",-117.06249045,32.750623320000003
7184744,2016,2016-02-23,3710,2016-01-07,2200,OC1363,,4,5,6,3710,0,0,0,,0,016,"MISSION AV","VISTA WY",0.00,,N,A,-,N,,,,,,,,,,N,2,0,1,2,D,-,00,,,F,G,B,D,B,H,-,C,D,0,Y,,,,Y,Y,-,"- ",1,0,0,0,1,0,0,0,0,"- ","- ",,,"SAN DIEGO",OCEANSIDE,-117.23730007,33.25777008
7187056,2016,2016-02-26,3711,2016-02-11,1800,7404,,4,5,7,3711,0,0,0,,0,444,"MARKET ST","40TH ST",39.00,W,N,A,-,N,,,,,,,,,,,2,0,1,2,A,-,11,21954,A,N,G,B,D,A,H,-,D,D,0,Y,,,,Y,,-,"- ",1,0,0,0,1,0,0,0,0,"- ","- ",,,"SAN DIEGO","SAN DIEGO",-117.10879633,32.71148762
7188405,2016,2016-02-23,3706,2016-02-07,1155,463,ESCON,7,5,6,3706,0,0,0,,0,052,"GRAND AV","GRAPE ST",16.00,W,N,A,-,N,,,,,,,,,,Y,2,0,1,2,A,-,08,22100,A,N,B,C,A,A,H,-,A,D,0,,,Y,,Y,,A,01,1,0,0,0,0,0,0,0,1,"- ","- ",33.12444,-117.07425000000001,"SAN DIEGO",ESCONDIDO,-117.07436006,33.124477919999997
7190010,2016,2018-09-24,3711,2016-01-10,0200,5600,,7,5,7,3711,0,0,0,,0,724,"INDUSTRIAL BL","MAIN ST",0.00,,Y,B,-,N,,,,,,,,,,Y,1,4,2,3,A,-,12,21453,A,N,D,C,A,A,H,-,C,A,0,,,,,Y,Y,A,01,1,0,1,0,0,0,0,0,0,"- ","- ",,,"SAN DIEGO","SAN DIEGO",-117.08412011,32.594840060000003
7190023,2016,2016-02-23,3711,2016-01-23,1730,6366,,6,5,7,3711,0,0,0,,0,313,"CONVOY CT","RUFFNER ST",640.00,W,N,B,-,N,,,,,,,,,,N,1,1,0,2,A,-,11,21954,A,N,G,B,D,A,H,-,C,D,0,Y,,,,Y,,N,60,0,0,0,1,0,0,0,0,0,"- ","- ",,,"SAN DIEGO","SAN DIEGO",-117.16133656,32.834691960000001
7190033,2016,2016-02-23,3701,2016-02-01,0618,5191,11,1,5,5,3701,0,0,0,,0,003,"EL CAMINIO REAL","MARRON RD",44.00,N,N,A,-,N,,,,,,,,,,Y,1,1,0,2,A,-,11,21954,A,N,G,B,D,B,H,-,C,A,0,Y,,,,Y,,N,60,0,0,0,1,0,0,0,0,0,"- ","- ",33.177880000000002,-117.32653999999999,"SAN DIEGO",CARLSBAD,-117.32668037000001,33.177749329999997
7190053,2016,2016-03-16,3711,2016-02-14,1706,4656,"SAN D",7,5,7,3711,0,0,0,,0,242,"REAGAN RD","IVORY COAST DR",0.00,,Y,A,-,N,,,,,,,,,,N,1,1,0,2,A,-,03,22350,,N,G,B,B,A,H,-,A,D,0,Y,,,,Y,,A,01,0,0,0,1,0,0,0,0,0,"- ","- ",,,"SAN DIEGO","SAN DIEGO",-117.14333010999999,32.908020030000003
7190059,2016,2016-03-16,3711,2016-02-12,2110,5916,,5,5,7,3711,0,0,0,,0,931,"CALLE CRISTOBAL","TALONCREST WY",219.00,W,N,A,-,N,,,,,,,,,,N,1,1,0,2,A,-,05,21651,B,N,F,A,A,A,H,-,C,D,0,,,Y,,Y,,C,02,0,0,0,0,0,0,0,1,0,"- ","- ",,,"SAN DIEGO","SAN DIEGO",-117.17572509999999,32.918117000000002
7190082,2016,2018-09-26,3711,2016-03-11,1824,6000,,5,5,7,3711,0,0,0,,0,824,"FAIRMOUNT AV","TALMADGE CANYON ROW",341.00,S,N,B,C,N,,,,,,,,,,Y,1,1,0,2,A,-,11,21954,A,N,G,B,D,B,H,-,E,D,0,Y,,,,Y,Y,N,60,0,0,0,1,0,0,0,0,0,"- ","- ",,,"SAN DIEGO","SAN DIEGO",-117.09682309,32.766096009999998
7190113,2016,2016-04-22,3711,2016-03-27,1728,4495,,7,5,7,3711,0,0,0,,0,241,"POMERADO RD","CAMINITO ALTO",59.00,W,N,A,-,N,,,,,,,,,,Y,1,1,1,2,A,-,08,22107,,N,A,C,A,A,H,-,A,D,0,,,,,Y,,A,01,1,0,0,0,0,0,0,0,0,"- ","- ",,,"SAN DIEGO","SAN DIEGO",-117.06490414,32.918742590000001
7190144,2016,2016-05-04,3711,2016-04-13,0508,6193,,3,5,7,3711,0,0,0,,0,312,"MAST BL","RT 52",0.00,,Y,B,-,Y,SD,11,52,-,-,13.466,R,4,W,Y,1,1,0,2,A,-,12,21453,A,N,D,C,A,A,H,-,C,A,0,,,,Y,Y,,A,07,0,0,0,0,0,0,0,0,0,"- ","- ",,,"SAN DIEGO","SAN DIEGO",-117.02494695999999,32.842722010000003
7190249,2016,2018-09-27,3700,2016-04-09,0009,SH2560,,6,5,5,3713,0,0,0,,0,314,"SOUTH SANTA FE AV","CIVIC CENTER DR",0.00,,Y,A,-,N,,,,,,,,,,Y,1,1,1,2,A,-,01,23152,A,N,D,D,A,A,H,-,C,A,0,,,,,Y,Y,A,01,1,0,0,0,0,0,0,0,0,"- ","- ",,,"SAN DIEGO",VISTA,-117.23434005,33.193880110000002
7190298,2016,2018-09-27,3711,2016-07-07,2340,5600,,4,5,7,3711,0,0,0,,0,312,"CLAIREMONT MESA BL","ANTIGUA BL",363.00,W,N,A,-,N,,,,,,,,,,Y,1,1,1,3,A,-,02,22400,A,F,C,C,A,A,H,-,D,D,0,,,Y,,Y,Y,C,02,0,1,0,0,0,0,0,1,1,"- ","- ",,,"SAN DIEGO","SAN DIEGO",-117.11032187000001,32.831742929999997
7190335,2016,2016-08-23,3711,2016-07-08,2020,6146,,5,5,7,3711,0,0,0,,0,123,"WEST MISSION BAY DR","STREET LIGHT POLE #1209",931.00,N,N,A,-,N,,,,,,,,,,Y,1,1,2,3,A,-,03,22350,,N,B,C,A,A,H,-,C,D,0,,,Y,,Y,,C,02,0,0,2,0,0,0,0,1,0,"- ","- ",,,"SAN DIEGO","SAN DIEGO",,
7190379,2016,2018-09-26,3711,2016-08-12,2050,6146,,5,5,7,3711,0,0,0,,0,113,"REGENTS RD","LUNA AV",956.00,N,N,A,-,N,,,,,,,,,,Y,1,1,0,2,A,-,03,22350,,N,B,C,A,A,H,-,D,D,0,,,Y,,Y,,C,02,0,0,0,0,0,0,0,1,0,"- ","- ",,,"SAN DIEGO","SAN DIEGO",-117.21598871,32.833831449999998
7190407,2016,2016-09-21,3711,2016-08-19,1539,4243,,5,5,7,3711,0,0,0,,0,241,"MIRAMAR WY","KEARNY VILLA RD",0.00,,Y,A,-,N,,,,,,,,,,Y,1,1,0,2,A,-,09,21801,A,N,D,C,A,A,H,-,A,D,0,,,Y,,Y,,A,01,0,0,0,0,0,0,0,1,0,"- ",SO,,,"SAN DIEGO","SAN DIEGO",-117.11665001999999,32.880560070000001
7190464,2016,2018-09-26,3711,2016-09-11,2230,6146,,7,5,7,3711,0,0,0,,0,111,"LINDA VISTA RD","MESA COLLEGE DR",343.00,N,N,A,-,N,,,,,,,,,,N,1,1,0,4,A,-,11,21950,B,F,G,B,D,A,H,-,C,D,0,Y,,,,Y,Y,N,60,0,0,0,1,0,0,0,0,0,"- ","- ",,,"SAN DIEGO","SAN DIEGO",-117.15765474,32.801651370000002
7190466,2016,2018-09-26,3711,2016-09-16,2155,6146,,5,5,7,3711,0,0,0,,0,813,"EL CAJON BL","KANSAS ST",7.00,W,N,A,-,N,,,,,,,,,,Y,1,1,0,2,A,-,11,21950,B,N,G,B,D,A,H,-,C,D,0,Y,,,,Y,Y,N,60,0,0,0,1,0,0,0,0,0,"- ","- ",,,"SAN DIEGO","SAN DIEGO",-117.13144269,32.755400000000002
7190514,2016,2016-11-07,3711,2016-09-13,1344,6000,,2,5,7,3711,0,0,0,,0,311,"MELBOURNE DR","FERMI AV",0.00,,Y,B,-,N,,,,,,,,,,Y,1,1,0,3,A,-,03,22350,,N,H,A,A,A,H,-,A,A,0,,,,,Y,,A,01,0,0,0,0,0,0,0,0,0,"- ","- ",,,"SAN DIEGO","SAN DIEGO",-117.12805,32.799840029999999
7190520,2016,2016-11-07,3702,2016-07-15,2353,CV0991,,5,5,6,3702,0,0,0,,0,023,"MAIN ST","MAPLE DR",711.00,W,N,A,-,N,,,,,,,,,,Y,1,1,1,1,A,-,01,23153,B,N,E,I,A,A,H,-,C,D,0,,,,,Y,Y,A,07,0,1,0,0,0,0,0,0,0,"- ","- ",,,"SAN DIEGO","CHULA VISTA",-117.04447992,32.594745869999997
7190538,2016,2018-09-26,3706,2016-09-13,2150,318,ESCON,2,5,6,3706,0,0,0,,0,054,"VALLEY PKWY","MIDWAY DR",1109.00,E,N,A,-,N,,,,,,,,,,Y,1,1,0,2,A,-,11,21955,,N,G,B,D,A,H,-,C,D,0,Y,,,,Y,,N,60,0,0,0,1,0,0,0,0,0,"- ","- ",,,"SAN DIEGO",ESCONDIDO,-117.0486569,33.138989520000003
7190545,2016,2016-11-22,3706,2016-09-16,0444,223,ESCON,5,5,6,3706,0,0,0,,0,051,"CENTER CITY PKWY","ESCONDIDO BL",0.00,,Y,A,-,N,,,,,,,,,,N,1,1,1,2,A,-,09,21802,A,N,D,C,A,A,H,-,D,D,0,,,,,Y,,A,01,0,0,1,0,0,0,0,0,0,"- ",CN,,,"SAN DIEGO",ESCONDIDO,-117.0713501,33.086710070000002
7190925,2016,2016-08-24,3711,2016-02-01,2130,4310,,1,5,7,3711,0,0,0,,0,122,"DE SOTO ST","GARNET AV",146.00,N,N,A,-,N,,,,,,,,,,N,2,0,1,3,A,-,21,22106,,N,H,B,E,A,H,-,C,D,0,Y,,,,Y,,I,11,1,0,0,0,1,0,0,0,0,"- ","- ",,,"SAN DIEGO","SAN DIEGO",-117.21777231,32.806836509999997
7191209,2015,2017-02-03,3705,2015-11-15,1940,EC0301,,7,5,5,3705,0,0,0,,0,007,"N 2ND","RT 8",0.00,,Y,B,-,Y,SD,11,8,-,-,17.221,R,1,E,N,2,0,1,2,A,-,05,21202,A,N,A,G,A,B,H,-,C,A,0,,Y,,Y,Y,,L,04,1,0,0,0,0,0,1,0,0,"- ","- ",,,"SAN DIEGO","EL CAJON",-116.93801747000001,32.802944650000001
7191748,2016,2016-02-29,3709,2016-02-18,0509,0369,,4,5,5,3709,0,0,0,,0,020,"HARBOR DR","CIVIC CENTER DR",687.00,N,N,B,-,N,,,,,,,,,,N,2,0,1,1,A,-,03,22350,,N,E,I,A,B,G,-,D,D,0,,Y,,,Y,,L,04,1,0,0,0,0,0,1,0,0,"- ","- ",,,"SAN DIEGO","NATIONAL CITY",-117.11426298000001,32.670806710000001
7194461,2016,2016-03-03,3711,2016-02-13,2028,7027,,6,5,7,3711,0,0,0,,0,122,"INGRAHAM ST","FORTUNA AV",1320.00,N,N,A,-,N,,,,,,,,,,N,2,0,1,2,D,-,00,,,N,G,B,D,A,H,-,C,D,0,Y,,Y,,Y,Y,-,"- ",1,0,0,0,1,0,0,0,0,"- ","- ",,,"SAN DIEGO","SAN DIEGO",-117.23964524,32.795848290000002
7195991,2016,2016-08-26,3700,2016-01-25,1831,SH5502,,1,5,5,3782,0,0,0,,0,214,"RT 101","MARCHETA ST",946.00,S,N,A,-,N,,,,,,,,,,Y,2,0,1,2,A,-,11,21954,A,N,G,B,E,A,H,-,D,D,0,Y,,,,Y,,N,60,1,0,0,0,1,0,0,0,0,"- ","- ",,,"SAN DIEGO",ENCINITAS,-117.29532749000001,33.052128670000002
7196169,2016,2016-03-09,3711,2016-02-11,0737,5198,,4,5,7,3711,0,0,0,,0,124,"LA JOLLA BL","WESTBOURNE ST",0.00,,Y,A,-,N,,,,,,,,,,N,2,0,1,2,A,-,05,21650,A,N,G,B,B,A,H,-,A,D,0,Y,,,,Y,,D,22,1,0,0,0,1,0,0,0,0,"- ","- ",,,"SAN DIEGO","SAN DIEGO",-117.27695005,32.832900019999997
7196318,2016,2016-03-25,3711,2016-02-20,0106,7227,,6,5,7,3711,0,0,0,,0,825,"MONTEZUMA RD","FAIRMOUNT AV",80.00,W,N,A,-,N,,,,,,,,,,Y,2,0,1,1,A,-,03,22350,,N,E,I,A,A,H,-,C,D,0,,,,,Y,,-,,1,0,0,0,0,0,0,0,0,"- ","- ",,,"SAN DIEGO","SAN DIEGO",-117.0974071,32.77253855
7199448,2015,2017-04-04,9645,2015-07-17,0140,19010,,5,3,7,3711,0,1,3,,2,016,"RT 5","RT 15",2112.00,E,N,A,-,Y,SD,11,52,-,-,7.684,R,2,W,Y,1,1,0,1,A,-,08,22107,,N,F,I,A,A,H,-,C,D,1,,,,,Y,,A,01,0,0,0,0,0,0,0,0,0,FR,"- ",32.842320000000001,-117.11654,"SAN DIEGO","SAN DIEGO",-117.11494687,32.842015259999997
7199462,2015,2017-04-04,3702,2015-06-26,0218,CV0991,,5,5,6,3702,0,0,0,,0,014,"TELEGRAPH CANYON RD","HILLTOP DR",982.00,E,N,B,-,N,,,,,,,,,,Y,1,2,0,1,A,-,01,23152,A,N,E,I,A,A,H,-,C,D,0,,,,,Y,Y,A,01,0,0,0,0,0,0,0,0,0,"- ","- ",,,"SAN DIEGO","CHULA VISTA",-117.05759687,32.628574479999997
7199531,2016,2016-05-06,3711,2016-02-15,1432,6553,,1,5,7,3711,0,0,0,,0,452,"IMPERIAL AV","61ST ST",0.00,,Y,A,-,N,,,,,,,,,,N,1,1,0,1,A,-,03,22350,,N,E,I,A,A,H,-,A,A,0,,Y,,,Y,,L,04,0,0,0,0,0,1,0,0,0,"- ","- ",,,"SAN DIEGO","SAN DIEGO",-117.06674008,32.709470009999997
7199623,2015,2016-05-20,3700,2015-09-21,1818,SH2560,,1,5,5,3713,0,0,0,,0,308,"NORTH EMERALD DR","PROMENADE CIR",0.00,,Y,A,-,N,,,,,,,,,,Y,1,1,1,2,A,-,01,23152,E,N,D,C,A,A,H,-,A,D,0,,,Y,,Y,,C,02,0,0,1,0,0,0,0,1,0,"- ","- ",,,"SAN DIEGO",VISTA,-117.27948001999999,33.194890049999998
7199626,2016,2016-05-25,3700,2016-02-08,2014,SH0817,,1,5,5,3713,0,0,0,,0,308,"NORTH EMERALD DR","JONATHON PL",0.00,,Y,A,-,N,,,,,,,,,,N,1,1,0,2,A,-,11,21954,A,N,G,B,D,A,H,-,C,A,0,Y,,,,Y,,N,60,0,0,0,1,0,0,0,0,0,"- ","- ",,,"SAN DIEGO",VISTA,-117.27948003,33.19649004
7199632,2016,2016-05-23,3700,2016-04-02,1923,SH0817,,6,5,5,3713,0,0,0,,0,308,"NORTH MELROSE DR","OLIVE AV",500.00,S,N,A,-,N,,,,,,,,,,N,1,1,0,2,A,-,11,21954,A,N,G,B,D,A,H,-,C,D,0,Y,,,,Y,Y,N,60,0,0,0,1,0,0,0,0,0,"- ","- ",,,"SAN DIEGO",VISTA,-117.25489381,33.203423200000003
7199639,2015,2016-05-24,3710,2015-05-27,2050,OC1363,,3,5,6,3710,0,0,0,,0,033,"RT 76",FRAZEE,871.00,E,N,A,-,Y,SD,11,76,-,R,5.780,H,-,W,Y,1,1,0,2,A,-,01,21200,5,N,A,G,A,A,H,-,C,D,0,,Y,,,Y,Y,L,04,0,0,0,0,0,1,0,0,0,"- ","- ",,,"SAN DIEGO",OCEANSIDE,-117.29608532,33.24099167
7199648,2016,2016-06-02,3711,2016-04-23,1258,5061,,6,5,7,3711,0,0,0,,0,113,"SANTA FE ST","DAMON ST",6970.00,N,N,B,-,N,,,,,,,,,,Y,1,1,1,3,A,-,09,21804,A,M,D,C,A,A,B,-,A,D,0,,,Y,,Y,,A,01,0,1,0,0,0,0,0,1,0,"- ","- ",,,"SAN DIEGO","SAN DIEGO",-117.23091001,32.824496480000001
7199716,2015,2016-06-28,3702,2015-10-10,2201,CV0604,,6,5,6,3702,0,0,0,,0,023,"L ST","1ST AV",271.00,W,N,A,-,N,,,,,,,,,,Y,1,1,1,4,A,-,03,22350,,N,A,C,A,A,H,-,C,A,0,,,Y,,Y,,C,02,0,0,1,0,0,0,0,1,0,"- ","- ",,,"SAN DIEGO","CHULA VISTA",-117.06462202,32.623063600000002
7199762,2016,2016-08-23,3700,2016-03-04,2102,SH7236,,5,5,5,3782,0,0,0,,0,242,"SOUTH EL CAMINO REAL","MANCHESTER AV",1235.00,N,N,A,-,N,,,,,,,,,,Y,1,1,1,5,A,-,08,22107,,N,C,E,A,A,H,-,C,D,0,,,,,Y,,M,47,0,1,0,0,0,0,0,0,0,"- ","- ",,,"SAN DIEGO",ENCINITAS,-117.25557754,33.025203300000001
7199857,2016,2016-12-08,3702,2016-06-19,0009,CV0604,,7,5,6,3702,0,0,0,,0,042,"OLYMPIC PKWY","WINDINGWALK ST",10.00,E,N,A,-,N,,,,,,,,,,Y,1,1,1,1,A,-,01,23152,E,N,E,I,A,A,H,-,C,A,0,,,,,Y,,A,01,1,0,0,0,0,0,0,0,0,"- ","- ",,,"SAN DIEGO","CHULA VISTA",-116.95419957999999,32.629029359999997
7199966,2017,2017-07-26,3711,2017-02-16,0606,6252,,4,5,7,3711,0,0,0,,0,242,"MIRA MESA BL","WESTMORE RD",14.00,E,N,A,-,N,,,,,,,,,,Y,1,1,1,3,A,-,12,21453,A,N,G,B,B,A,H,-,C,A,0,Y,,,,Y,,A,01,1,0,0,1,1,0,0,0,0,"- ","- ",,,"SAN DIEGO","SAN DIEGO",-117.12993602,32.916235479999997
7200052,2017,2019-04-08,3710,2017-01-07,1849,OC1363,031,6,5,6,3710,0,0,0,,0,007,"SHADOWRIDGE DR","OCEAN HILLS DR",34.00,S,N,A,-,N,,,,,,,,,,Y,1,1,2,1,A,-,01,23152,A,N,E,I,A,A,H,-,C,D,0,,,,,Y,Y,A,01,0,2,0,0,0,0,0,0,0,"- ","- ",33.162770000000002,-117.25745999999999,"SAN DIEGO",OCEANSIDE,-117.2573117,33.162536680000002
7200054,2017,2019-04-08,3710,2017-01-14,2254,OC1185,014,6,5,6,3710,0,0,0,,0,004,"CANYON DR","RT 76",0.00,,Y,A,-,Y,SD,11,76,-,R,1.156,I,5,E,Y,1,1,0,1,A,-,01,23152,A,N,E,I,A,A,H,-,C,A,0,,,,,Y,Y,A,01,0,0,0,0,0,0,0,0,0,"- ","- ",33.212580000000003,-117.36735,"SAN DIEGO",OCEANSIDE,-117.36746137999999,33.21237764
7200064,2017,2017-06-21,3706,2017-02-23,2116,318,ESCON,4,5,6,3706,0,0,0,,0,041,BROADWAY,"LESLIE LN",0.00,,Y,A,-,N,,,,,,,,,,Y,1,1,0,2,A,-,03,22350,,N,D,C,A,A,H,-,C,D,0,,,Y,,Y,,C,02,0,0,0,0,0,0,0,1,0,"- ","- ",33.148380000000003,-117.09102,"SAN DIEGO",ESCONDIDO,-117.09084012,33.148350049999998
7200067,2017,2017-05-10,3700,2017-02-25,1943,SH0817,,6,5,5,3712,0,0,0,,0,356,"LOS VALLECITOS BL","BINGHAM DR",706.00,E,N,A,-,N,,,,,,,,,,Y,1,1,1,1,A,-,01,23152,G,N,F,A,A,A,H,-,C,D,0,,,,,Y,Y,A,07,0,0,1,0,0,0,0,0,0,"- ","- ",,,"SAN DIEGO","SAN MARCOS",-117.18371598,33.140770150000002
7200085,2017,2019-04-08,3701,2017-03-30,2125,CB5291,,4,5,5,3701,0,0,0,,0,006,"GATEWAY RD","FINNILA PL",155.00,W,N,A,-,N,,,,,,,,,,Y,1,1,0,1,A,-,03,22350,,N,E,I,A,A,H,-,C,D,0,,,Y,,Y,Y,C,02,0,0,0,0,0,0,0,1,0,"- ","- ",,,"SAN DIEGO",CARLSBAD,-117.25458562,33.127636889999998
7200097,2017,2017-05-12,3711,2017-04-06,2318,4576,,4,5,7,3711,0,0,0,,0,628,"WEST LAUREL ST","PACIFIC HWY",0.00,,Y,A,G,N,,,,,,,,,,N,1,1,0,2,A,-,12,21453,A,F,G,B,B,A,A,-,C,A,0,Y,,,,Y,Y,A,07,0,0,0,1,0,0,0,0,0,"- ","- ",,,"SAN DIEGO","SAN DIEGO",-117.17371002,32.729510089999998
7200152,2016,2017-06-23,3705,2016-07-17,1447,EC0337,,7,5,5,3705,0,0,0,,0,007,GREENFIELD,BOSTONIA,0.00,,Y,A,-,N,,,,,,,,,,Y,1,1,1,2,A,-,09,21802,A,N,D,C,A,A,H,-,A,A,0,,,Y,,Y,,A,01,0,0,1,0,0,0,0,1,0,"- ","- ",,,"SAN DIEGO","EL CAJON",-116.93352005,32.813360019999998
7200164,2017,2017-06-22,3710,2017-02-28,0515,OC1355,016,2,5,6,3710,0,0,0,,0,008,"RT 76","FOUSSAT RD",1021.00,E,N,E,-,Y,SD,11,76,-,M,2.760,H,-,W,Y,1,1,0,3,A,-,03,22350,,N,C,C,A,B,H,-,D,D,0,,,Y,,Y,,C,02,0,0,0,0,0,0,0,1,0,"- ","- ",,,"SAN DIEGO",OCEANSIDE,-117.34097207000001,33.219468829999997
7200176,2017,2019-04-08,3710,2017-02-02,1735,OC1355,013,4,5,6,3710,0,0,0,,0,005,"EL CAMINIO REAL","BASEL ST",6.00,S,N,A,-,N,,,,,,,,,,Y,1,1,2,2,A,-,09,21801,A,N,D,C,A,A,H,-,C,D,0,,,Y,,Y,,A,01,1,0,1,0,0,0,0,1,0,"- ","- ",,,"SAN DIEGO",OCEANSIDE,-117.32818053,33.190753569999998
7200208,2017,2019-04-08,3702,2017-01-22,1845,CV1116,,7,5,6,3702,0,0,0,,0,012,"BROADWAY AV","G ST",7.00,S,N,C,-,N,,,,,,,,,,N,1,1,0,2,A,-,11,21954,A,F,G,B,B,B,H,-,C,A,0,Y,,,,Y,Y,N,60,0,0,0,1,0,0,0,0,0,"- ","- ",,,"SAN DIEGO","CHULA VISTA",-117.09080317,32.634391719999996
7202669,2015,2016-03-16,3702,2015-12-31,1558,CV1147,,4,5,6,3702,0,0,0,,0,021,BROADWAY,"NAPLES ST",435.00,S,N,A,-,N,,,,,,,,,,Y,2,0,3,2,A,-,09,21801,A,N,D,C,A,A,H,-,A,D,0,,,Y,,Y,,A,01,2,0,1,0,0,0,0,0,2,"- ","- ",,,"SAN DIEGO","CHULA VISTA",-117.08099181,32.609097759999997
7202673,2015,2016-03-16,3702,2015-12-28,1954,CV1151,,1,5,6,3702,0,0,0,,0,031,"EAST J ST","CHESTNUT CT",208.00,E,N,C,-,N,,,,,,,,,,N,2,0,1,2,A,-,11,21954,A,N,G,B,E,B,H,-,C,D,0,Y,,,,Y,,N,60,1,0,0,0,1,0,0,0,0,"- ","- ",,,"SAN DIEGO","CHULA VISTA",-117.02413942,32.631492530000003
7202852,2015,2016-03-16,3705,2015-11-18,1752,EC0295,,3,5,5,3705,0,0,0,,0,010,"N MOLLISON",SANDALWOOD,2.00,N,N,A,-,N,,,,,,,,,,N,2,0,1,2,A,-,12,21453,A,F,G,B,B,A,H,-,C,A,0,Y,,,,Y,,A,01,1,0,0,0,1,0,0,0,0,"- ","- ",,,"SAN DIEGO","EL CAJON",-116.95098,32.804285479999997