CASE_ID,ACCIDENT_YEAR,PROC_DATE,JURIS,COLLISION_DATE,COLLISION_TIME,OFFICER_ID,REPORTING_DISTRICT,DAY_OF_WEEK,CHP_SHIFT,POPULATION,CNTY_CITY_LOC,SPECIAL_COND,BEAT_TYPE,CHP_BEAT_TYPE,CITY_DIVISION_LAPD,CHP_BEAT_CLASS,BEAT_NUMBER,PRIMARY_RD,SECONDARY_RD,DISTANCE,DIRECTION,INTERSECTION,WEATHER_1,WEATHER_2,STATE_HWY_IND,CALTRANS_COUNTY,CALTRANS_DISTRICT,STATE_ROUTE,ROUTE_SUFFIX,POSTMILE_PREFIX,POSTMILE,LOCATION_TYPE,RAMP_INTERSECTION,SIDE_OF_HWY,TOW_AWAY,COLLISION_SEVERITY,NUMBER_KILLED,NUMBER_INJURED,PARTY_COUNT,PRIMARY_COLL_FACTOR,PCF_CODE_OF_VIOL,PCF_VIOL_CATEGORY,PCF_VIOLATION,PCF_VIOL_SUBSECTION,HIT_AND_RUN,TYPE_OF_COLLISION,MVIW,PED_ACTION,ROAD_SURFACE,ROAD_COND_1,ROAD_COND_2,LIGHTING,CONTROL_DEVICE,CHP_ROAD_TYPE,PEDESTRIAN_ACCIDENT,BICYCLE_ACCIDENT,MOTORCYCLE_ACCIDENT,TRUCK_ACCIDENT,NOT_PRIVATE_PROPERTY,ALCOHOL_INVOLVED,STWD_VEHTYPE_AT_FAULT,CHP_VEHTYPE_AT_FAULT,COUNT_SEVERE_INJ,COUNT_VISIBLE_INJ,COUNT_COMPLAINT_PAIN,COUNT_PED_KILLED,COUNT_PED_INJURED,COUNT_BICYCLIST_KILLED,COUNT_BICYCLIST_INJURED,COUNT_MC_KILLED,COUNT_MC_INJURED,PRIMARY_RAMP,SECONDARY_RAMP,LATITUDE,LONGITUDE,COUNTY,CITY,POINT_X,POINT_Y
90511732,2017,2017-07-28,9645,2017-06-13,1337,020180,,2,1,7,3711,0,1,1,,2,015,"I-805 S/B FROM GOVERNOR DR","GOVERNOR DR",464.00,S,N,A,-,Y,,,805,,,,R,,S,Y,2,0,1,1,A,-,08,22107,,N,E,I,A,A,H,-,A,D,0,,,,,Y,,J,49,1,0,0,0,0,0,0,0,0,"- ","- ",32.856180000000002,-117.18373,"SAN DIEGO","SAN DIEGO",-117.18373,32.856180000000002
90512331,2017,2017-07-31,9650,2017-07-14,0555,015295,,5,3,9,3700,0,2,4,,1,027,"VALLEY CENTER ROAD","STATE ROUTE 76",8976.00,S,N,A,-,N,,,,,,,,,,Y,2,0,2,2,A,-,08,22107,,N,A,C,A,A,H,-,A,D,0,,,,,Y,Y,A,01,1,1,0,0,0,0,0,0,0,"- ","- ",33.264360000000003,-116.95398,"SAN DIEGO",UNINCORPORATED,-116.9623,33.284930000000003
90512599,2017,2017-07-31,9650,2017-07-20,2258,015868,,4,3,5,3712,0,1,3,,2,019,"SR-78 (E/B)","NORDAHL RD",790.00,W,N,B,-,Y,,,78,,,,,,,Y,2,0,3,5,A,-,03,22350,,N,C,C,A,A,D,-,D,A,0,,,,,Y,,A,01,1,0,2,0,0,0,0,0,0,"- ","- ",33.133139999999997,-117.124,"SAN DIEGO","SAN MARCOS",-117.12399558,33.13314974
90514631,2017,2017-08-02,9645,2017-07-20,2349,019445,,4,3,7,3711,0,1,1,,2,015,"I-805 N/B TO CLAIREMONT MESA BLVD","CLAIREMONT MESA BLVD O/C",800.00,S,N,A,-,Y,,,805,,,,R,,N,Y,2,0,3,1,A,-,08,22107,,N,E,I,A,A,H,-,C,D,0,,,,,Y,,A,01,1,2,0,0,0,0,0,0,0,"- ","- ",32.831090000000003,-117.16777,"SAN DIEGO","SAN DIEGO",-117.16777,32.831090000000003
90515902,2017,2017-09-20,9645,2017-07-19,2055,013648,,3,2,9,3700,0,3,5,,2,024,"DOVE CANYON ROAD N/B","CAMINO DEL NORTE",0.00,,Y,A,-,N,,,,,,,,,,Y,2,0,2,3,A,-,12,21453,A,N,D,C,A,A,H,-,C,A,0,,,,,Y,,A,01,1,1,0,0,0,0,0,0,0,"- ","- ",33.016300000000001,-117.11069999999999,"SAN DIEGO",UNINCORPORATED,-117.11152004,33.016580060000003
90516174,2017,2017-08-03,9645,2017-06-02,2126,021077,,5,2,7,3711,0,1,1,,2,010,"I-8 (KUMEYAAY FWY)","HOTEL CIRCLE",300.00,E,N,A,-,Y,,,8,,,,,,,Y,2,0,5,2,A,-,01,23152,A,N,B,C,A,A,H,-,C,D,0,,,,,Y,Y,A,01,1,0,4,0,0,0,0,0,0,"- ","- ",32.759630000000001,-117.18532999999999,"SAN DIEGO","SAN DIEGO",-117.185329,32.759650540000003
90517638,2017,2017-08-07,9650,2017-07-30,2249,016984,,7,3,9,3700,0,3,5,,2,213,"PALA TEMECULA ROAD","PALA MISSION ROAD",0.00,,Y,A,-,N,,,,,,,,,,Y,2,0,1,1,A,-,01,23152,A,N,F,A,A,A,H,-,C,A,0,,,Y,,Y,Y,C,02,1,0,0,0,0,0,0,0,1,"- ","- ",33.365229999999997,-117.07552,"SAN DIEGO",UNINCORPORATED,-117.07552007,33.365240069999999
90519715,2017,2017-08-09,9645,2017-06-04,1100,019344,,7,1,7,3711,0,1,3,,2,006,"SR-94 E/B","SR-94 W/B TO SR-15 S/B O/C",80.00,W,N,A,-,Y,,,94,,,,,,E,Y,2,0,3,2,A,-,03,22350,,N,C,C,A,A,H,-,A,D,0,,,,,Y,,A,01,1,1,1,0,0,0,0,0,0,"- ","- ",32.716000000000001,-117.11969999999999,"SAN DIEGO","SAN DIEGO",-117.11972068,32.716100160000003
90520743,2017,2017-09-12,9680,2017-07-09,1058,021764,,7,1,9,3700,0,1,1,,2,084,"I-8 E/B","TAVERN ROAD",1584.00,E,N,B,-,Y,,,8,,,,,,E,Y,1,1,0,2,A,-,03,22350,,N,C,C,A,A,H,-,A,D,0,,,,Y,Y,,A,01,0,0,0,0,0,0,0,0,0,"- ","- ",32.840110000000003,-116.77551,"SAN DIEGO",UNINCORPORATED,-116.77551156,32.840099039999998
90521722,2017,2017-08-11,9650,2017-08-04,1835,020747,,5,2,6,3710,0,1,3,,2,015,"SR-78 E/B","JEFFERSON ST",300.00,W,N,A,-,Y,,,78,,,,,,E,Y,2,0,1,2,A,-,03,22350,,N,C,C,A,A,H,-,A,D,0,,,Y,,Y,,C,02,1,0,0,0,0,0,0,0,1,"- ","- ",33.181130000000003,-117.34108999999999,"SAN DIEGO",OCEANSIDE,-117.34108981999999,33.181072200000003
90526386,2017,2017-08-18,9650,2017-08-11,1530,017328,,5,2,9,3700,0,3,5,,2,006,"DE LUZ RD.","ROYAL GLEN DR.",1400.00,N,N,A,-,N,,,,,,,,,,Y,2,0,1,1,A,-,08,22107,,N,E,I,A,A,H,-,A,D,0,,,,,Y,,A,01,1,0,0,0,0,0,0,0,0,"- ","- ",33.391950000000001,-117.25318,"SAN DIEGO",UNINCORPORATED,-117.25317486,33.391681679999998
90526605,2017,2017-08-21,9650,2017-08-14,1725,019490,,1,2,9,3700,0,3,5,,2,170,"BUENA CREEK RD","HOLLYBERRY DR",361.00,W,N,A,-,N,,,,,,,,,,Y,2,0,2,2,A,-,05,21460,A,N,B,C,A,A,H,-,A,D,0,,,,,Y,,A,07,1,0,1,0,0,0,0,0,0,"- ","- ",33.18862,-117.18469,"SAN DIEGO",UNINCORPORATED,-117.18860418,33.190233020000001
90527681,2017,2017-08-21,9650,2017-08-08,1705,016275,,2,2,9,3700,0,3,5,,2,006,"OLD HWY 395","I-15 S/B",158.00,W,N,A,-,N,,,,,,,,,,Y,2,0,1,2,A,-,06,21750,,N,D,C,A,A,H,-,A,D,0,,,Y,,Y,,C,02,1,0,0,0,0,0,0,0,1,"- ","- ",33.231400000000001,-117.1032,"SAN DIEGO",UNINCORPORATED,-117.17537986000001,33.3871495
90528208,2017,2017-08-22,9680,2017-08-16,2230,016822,,3,3,9,3700,0,1,3,,1,090,SR-67,"WYNOLA STREET",50.00,S,N,A,-,Y,,,67,,,,,,,N,2,0,1,2,A,-,11,21954,A,N,G,B,E,A,H,-,D,D,0,Y,,,,Y,Y,N,60,1,0,0,0,1,0,0,0,0,"- ","- ",33.025959999999998,-116.8921,"SAN DIEGO",UNINCORPORATED,-116.89216367,33.02604015
90528644,2017,2017-08-22,9645,2017-06-19,1000,014909,,1,1,7,3711,0,1,3,,2,012,"SR-52 E/B FROM GENESEE AVE","GENESEE AVE",8.00,E,N,A,-,Y,,,52,,,,R,,E,Y,1,1,0,1,A,-,08,22107,,N,E,I,A,A,H,-,A,D,0,,,,,Y,,A,07,0,0,0,0,0,0,0,0,0,"- ","- ",32.8446,-117.1996,"SAN DIEGO","SAN DIEGO",-117.1996,32.8446
90529025,2017,2017-11-16,9645,2017-05-08,0033,017671,,1,3,7,3711,0,1,1,,2,019,"INTERSTATE 15 (I-15) SOUTHBOUND (S/B)","CARMEL MOUNTAIN RD O/C",3326.00,N,N,B,C,Y,,,15,,,,,,S,Y,1,1,1,4,A,-,01,23152,F,N,E,I,A,B,H,-,C,D,0,,,,,Y,,A,07,1,0,0,0,0,0,0,0,0,"- ","- ",32.987699999999997,-117.08304,"SAN DIEGO","SAN DIEGO",-117.08293098,32.987701909999998
90529485,2017,2017-08-23,9680,2017-08-17,1425,019910,,4,2,9,3700,0,3,5,,2,002,"RAMONA DR","MADRID WAY",370.00,E,N,A,-,N,,,,,,,,,,N,2,0,1,2,A,-,11,21954,A,N,G,B,D,A,H,-,A,D,0,Y,,,,Y,,N,60,1,0,0,0,1,0,0,0,0,"- ","- ",32.747860000000003,-117.97476,"SAN DIEGO",UNINCORPORATED,-116.97484999,32.74783
90533740,2017,2017-08-25,9645,2017-08-10,2140,020737,,4,2,7,3711,0,1,3,,2,023,"SR-163 N/B",I-8,1530.00,S,N,A,-,Y,,,163,,,,,,N,N,2,0,1,2,A,-,11,21954,A,N,G,B,E,A,H,-,D,D,0,Y,,,,Y,,N,60,1,0,0,0,1,0,0,0,0,"- ","- ",32.758710000000001,-117.16105,"SAN DIEGO","SAN DIEGO",-117.16113673,32.758611930000001
90534164,2017,2017-08-25,9645,2017-06-13,0330,014625,,2,3,9,3700,0,3,5,,2,024,"CAMINO DEL NORTE E/B (16200 BLOCK)","CAMINO SAN BERNARDO O/C",1584.00,E,N,A,-,N,,,,,,,,,,Y,1,1,0,1,A,-,01,23152,F,N,E,I,A,A,H,-,D,D,0,,,,,Y,,A,01,0,0,0,0,0,0,0,0,0,"- ","- ",33.010779999999997,-117.09808,"SAN DIEGO",UNINCORPORATED,-117.10423,33.01388
90534457,2017,2017-08-28,9650,2017-08-12,0350,018496,,6,3,9,3700,0,1,1,,2,003,"I-5 S/B","LAS PULGAS RD",1913.00,S,N,B,-,Y,,,5,,,,,,S,Y,2,0,1,3,A,-,01,23152,A,N,C,C,A,A,H,-,D,D,0,,,,,Y,Y,A,01,1,0,0,0,0,0,0,0,0,"- ","- ",33.294980000000002,-117.46021,"SAN DIEGO",UNINCORPORATED,-117.46019004,33.295005410000002
90534715,2017,2017-11-29,9650,2017-08-14,0920,016485,,1,1,9,3700,0,3,5,,2,230,"MARY LN","PRINCE ST",412.00,W,N,A,-,N,,,,,,,,,,Y,2,0,1,1,A,-,03,22350,,N,E,I,A,A,H,-,A,D,0,,,Y,,Y,,C,02,1,0,0,0,0,0,0,0,1,"- ","- ",33.077669999999998,-117.05119999999999,"SAN DIEGO",UNINCORPORATED,-117.05132456,33.077707539999999
90535101,2017,2017-08-28,9645,2017-07-27,0110,021494,,4,3,7,3711,0,1,1,,2,011,"I-805 S/B","ADAMS AVE",210.00,N,N,A,-,Y,,,805,,,,,,S,N,2,0,2,2,A,-,01,23152,A,N,C,C,A,A,H,-,C,D,0,,,,Y,Y,Y,A,01,2,0,0,0,0,0,0,0,0,"- ","- ",32.760460000000002,-117.12682,"SAN DIEGO","SAN DIEGO",-117.12683060000001,32.76045775
90539374,2017,2017-09-04,9645,2017-08-26,1230,015270,,6,1,7,3711,0,1,1,,2,015,"I-805 NORTHBOUND","CAROLL CANYON ROAD",800.00,N,N,A,-,Y,,,805,,,,,,N,Y,2,0,2,2,A,-,03,22350,,N,C,C,A,A,H,-,A,D,0,,,Y,,Y,,C,02,1,0,1,0,0,0,0,0,1,"- ","- ",32.890520000000002,-117.20605,"SAN DIEGO","SAN DIEGO",-117.20602881000001,32.890547239999997
90540141,2017,2017-09-05,9650,2017-09-01,1310,013636,,5,1,9,3700,0,3,5,,2,070,"CALZADA DEL BOSQUE","VIA DE SANTA FE",1320.00,W,N,A,-,N,,,,,,,,,,Y,2,0,2,2,A,-,03,22350,,N,E,I,A,A,H,-,A,D,0,,,,,Y,,A,01,1,1,0,0,0,0,0,0,0,"- ","- ",,,"SAN DIEGO",UNINCORPORATED,-117.2033014,33.005078359999999
90540338,2017,2017-09-25,9645,2017-08-20,1648,018678,,7,2,7,3711,0,1,3,,2,031,"SR-125 N/B","E. H STREET U/C",500.00,N,N,A,-,Y,,,,,,,,,,Y,1,1,3,1,A,-,08,22107,,N,E,I,A,A,H,-,A,D,0,,,,,Y,,A,07,1,2,0,0,0,0,0,0,0,"- ","- ",32.660380000000004,-116.97823,"SAN DIEGO","SAN DIEGO",,
90540410,2017,2017-09-05,9650,2017-08-28,0755,019126,,1,1,9,3700,0,1,1,,2,021,"I-15 S/B","GOPHER CANYON RD",2112.00,S,N,A,-,Y,,,15,,,,,,S,Y,2,0,1,2,A,-,07,21658,A,N,B,C,A,A,H,-,A,D,0,,,Y,,Y,,A,01,1,0,0,0,0,0,0,0,1,"- ","- ",33.247,-117.15347,"SAN DIEGO",UNINCORPORATED,-117.15356152,33.246959650000001
90541429,2017,2017-09-06,9680,2017-08-24,0005,021764,,4,3,9,3700,0,3,5,,2,002,"JAMACHA ROAD","DARBY ST",14.00,E,N,A,-,N,,,,,,,,,,Y,2,0,1,1,A,-,01,23152,A,N,E,I,A,A,H,-,C,D,0,,,,,Y,Y,A,01,1,0,0,0,0,0,0,0,0,"- ","- ",32.716900000000003,-117.0202,"SAN DIEGO",UNINCORPORATED,-117.02023173000001,32.716850020000003
90542533,2017,2017-09-07,9645,2017-08-25,2009,017953,,5,2,7,3711,0,1,1,,2,019,"I-15 NB","CARMEL NOUNTAIN ROAD O/C",3568.00,N,N,B,-,Y,,,15,,,,,,N,Y,2,0,1,2,A,-,01,23152,A,N,C,C,A,A,H,-,D,D,0,,,,Y,Y,Y,D,22,1,0,0,0,0,0,0,0,0,"- ","- ",32.988309999999998,-117.08256,"SAN DIEGO","SAN DIEGO",-117.08254264,32.98831096
90544552,2017,2017-09-11,9645,2017-08-29,0645,015494,,2,1,7,3711,0,1,1,,2,011,"I-805 N/B","ADAMS AVE",800.00,N,N,B,-,Y,,,805,,,,,,N,Y,2,0,1,2,A,-,03,22350,,N,C,C,A,A,H,-,A,D,0,,,Y,,Y,,C,02,1,0,0,0,0,0,0,0,1,"- ","- ",32.765050000000002,-117.12811000000001,"SAN DIEGO","SAN DIEGO",-117.12792810000001,32.765124530000001
9054668,2019,2020-03-10,3700,2019-10-14,0728,SH0113,,1,5,5,3713,0,0,0,,0,305,"NORTH SANTA FE AV","EAST DR",0.00,,Y,A,-,N,,,,,,,,,,N,2,0,2,3,A,-,10,21950,A,N,G,B,B,A,H,-,A,A,0,Y,,,,Y,,A,01,1,1,0,0,2,0,0,0,0,"- ","- ",,,"SAN DIEGO",VISTA,-117.24495697021484,33.214019775390625
90546726,2017,2017-09-13,9680,2017-07-27,2230,017460,,4,3,9,3700,0,3,5,,2,006,"BUCKMAN SPRINGS RD","LAKE MORENA DRIVE",208.00,S,N,A,-,N,,,,,,,,,,Y,1,1,0,1,A,-,08,22107,,N,E,I,A,A,H,-,D,A,0,,,,,Y,,A,01,0,0,0,0,0,0,0,0,0,"- ","- ",32.645180000000003,-116.48717000000001,"SAN DIEGO",UNINCORPORATED,-116.48696031,32.645149189999998
90547134,2017,2017-09-13,9645,2017-07-08,0011,019010,,6,3,7,3711,0,1,1,,2,003,"I-5 NORTHBOUND","SOUTH 32ND STREET",170.00,S,N,A,-,Y,,,5,,,,,,N,Y,1,1,1,2,A,-,05,21651,B,N,A,C,A,A,H,-,C,D,0,,,,Y,Y,,A,01,1,0,0,0,0,0,0,0,0,"- ","- ",32.694400000000002,-117.12513,"SAN DIEGO","SAN DIEGO",-117.12512226,32.694442789999997
90547937,2017,2017-09-14,9650,2017-09-01,1625,017328,,5,2,9,3700,0,3,5,,1,160,"W. LILAC RD.","ANNA MARIE LN.",98.00,E,N,A,-,N,,,,,,,,,,Y,2,0,1,1,A,-,08,22107,,N,E,I,A,A,H,-,A,D,0,,,Y,,Y,,C,02,1,0,0,0,0,0,0,0,1,"- ","- ",33.294809999999998,-117.19541,"SAN DIEGO",UNINCORPORATED,-117.1954054,33.294719299999997
90549119,2017,2017-09-15,9680,2017-08-25,2120,016102,,5,2,9,3700,0,1,1,,2,086,"INTERSTATE 8 EASTBOUND","OLD HIGHWAY 80 (IN-KO-PAH)",2640.00,W,N,A,-,Y,,,8,,,,,,E,Y,1,1,1,2,A,-,11,21954,A,N,G,B,D,A,H,-,D,D,0,Y,,,,Y,,N,60,0,1,0,1,0,0,0,0,0,"- ","- ",32.637160000000002,-116.11301,"SAN DIEGO",UNINCORPORATED,-116.11300412999999,32.63712787
90549657,2017,2017-09-18,9645,2017-07-18,1830,018652,,2,2,7,3711,0,1,1,,2,001,"I-5 S/B","CAMINO DE LA PLAZA",800.00,N,N,A,-,Y,,,5,,,,,,S,Y,2,0,1,2,A,-,08,22107,,N,B,C,A,A,H,-,A,D,0,,,Y,,Y,,C,02,1,0,0,0,0,0,0,0,1,"- ","- ",32.544350000000001,-117.03285,"SAN DIEGO","SAN DIEGO",-117.0328189,32.544394670000003
90550201,2017,2017-09-18,9650,2017-09-10,0309,017056,,7,3,9,3700,0,3,5,,1,160,"CAMINO DEL REY","LUIS REY HEIGHTS RD",950.00,W,N,A,-,N,,,,,,,,,,Y,2,0,1,1,A,-,03,22350,,M,E,I,A,A,H,-,D,D,0,,,Y,,Y,,C,02,1,0,0,0,0,0,0,0,1,"- ","- ",33.268439999999998,-117.17012,"SAN DIEGO",UNINCORPORATED,-117.17004306,33.26835088
90554083,2017,2017-09-22,9680,2017-09-16,0915,017621,,6,1,9,3700,0,1,3,,1,091,SR-78,"MAGNOLIA AVE",340.00,E,N,B,-,Y,,,78,,,,,,,Y,2,0,1,2,A,-,05,21460,A,N,D,C,A,A,H,-,A,D,0,,,Y,,Y,,C,02,1,0,0,0,0,0,0,0,1,"- ","- ",33.051130000000001,-116.8437,"SAN DIEGO",UNINCORPORATED,-116.84369996,33.05113498
90555477,2017,2017-09-26,9650,2017-09-12,1053,015081,,2,1,5,3712,0,1,3,,2,019,"SR-78 E/B","TWIN OAKS VALLEY RD",1056.00,E,N,A,-,Y,,,78,,,,,,E,Y,2,0,2,1,A,-,16,24002,A,N,F,A,A,A,H,-,A,D,0,,,,,Y,,D,22,2,0,0,0,0,0,0,0,0,"- ","- ",33.139569999999999,-117.151,"SAN DIEGO","SAN MARCOS",-117.15099673,33.13948414
90556434,2017,2018-01-26,9650,2017-07-07,0201,019308,,5,3,6,3710,0,1,1,,2,005,"I-5 S/B","MISSION AVE",555.00,S,N,A,-,Y,,,5,,,,,,S,Y,1,2,0,2,A,-,01,23152,A,N,A,C,A,A,H,-,D,D,0,,,,,Y,Y,A,01,0,0,0,0,0,0,0,0,0,"- ","- ",33.199309999999997,-117.3704,"SAN DIEGO",OCEANSIDE,-117.3704322,33.199264460000002
90556436,2017,2017-09-27,9650,2017-09-15,0420,021805,,5,3,5,3701,0,1,1,,2,005,"I-5 N/B","TAMARACK AVE",1584.00,S,N,A,-,Y,,,5,,,,,,N,Y,2,0,1,1,A,-,01,23152,A,N,F,A,A,A,H,-,D,D,0,,,Y,,Y,Y,C,02,1,0,0,0,0,0,0,0,1,"- ","- ",33.148719999999997,-117.33434,"SAN DIEGO",CARLSBAD,-117.33430346,33.148741039999997
90556535,2017,2017-09-27,9680,2017-09-16,1840,020249,,6,2,9,3700,0,2,4,,1,014,"WINTER GARDENS BLVD","WINTERCREST DRIVE",187.00,N,N,A,-,N,,,,,,,,,,Y,2,0,1,2,A,-,06,21755,,M,B,C,A,A,H,-,B,D,0,,,Y,,Y,,C,02,1,0,0,0,0,0,0,0,1,"- ","- ",32.852640000000001,-116.93134000000001,"SAN DIEGO",UNINCORPORATED,-116.931196,32.85261199
90558050,2017,2017-09-28,9680,2017-09-21,1422,017621,,4,2,9,3700,0,1,3,,1,090,"SR-67 (MAIN ST.)","13TH ST",52.00,S,N,B,-,Y,,,67,,,,,,,Y,2,0,2,2,A,-,09,21801,A,N,D,C,A,A,H,-,A,D,0,,,,,Y,,A,01,1,1,0,0,0,0,0,0,0,"- ","- ",33.039360000000002,-116.87357,"SAN DIEGO",UNINCORPORATED,-116.87352838,33.039284070000001
90560338,2017,2017-09-29,9680,2017-09-23,1750,020116,,6,2,9,3700,0,3,5,,2,002,"CRISTOBAL DR","SWEETWATER SPRINGS BLVD",150.00,W,N,A,-,N,,,,,,,,,,N,2,0,1,2,A,-,11,21954,A,N,G,B,D,A,H,-,A,D,0,Y,,,,Y,,N,60,1,0,0,0,1,0,0,0,0,"- ","- ",32.74044,-116.97305,"SAN DIEGO",UNINCORPORATED,-116.97293603999999,32.740395399999997
90560553,2017,2017-10-02,9650,2017-08-05,0548,016485,,6,3,9,3700,0,1,1,,2,021,"I-15 S/B","WEST LILAC ROAD",1455.00,N,N,B,-,Y,,,15,,,,,,S,Y,1,1,0,2,A,-,07,21658,A,N,B,C,A,A,H,-,C,D,0,,,Y,,Y,,A,01,0,0,0,0,0,0,0,1,0,"- ","- ",33.303879999999999,-117.15042,"SAN DIEGO",UNINCORPORATED,-117.15042624,33.303879700000003
90566624,2017,2017-10-10,9680,2017-10-01,0945,018356,,7,1,9,3700,0,3,5,,2,002,"LYONS VALLEY RD","JAPATUL RD",6864.00,S,N,A,-,N,,,,,,,,,,N,2,0,1,1,A,-,08,22107,,N,F,A,A,A,H,-,A,D,0,,,Y,,Y,,C,02,1,0,0,0,0,0,0,0,1,"- ","- ",32.749200000000002,-116.66829,"SAN DIEGO",UNINCORPORATED,-116.66917065,32.749488659999997
90566848,2017,2017-10-10,9680,2017-10-01,1530,021501,,7,2,9,3700,0,1,3,,1,071,SR-78,"BORREGO SPRINGS RD",11088.00,W,N,A,-,Y,,,78,,,,,,,Y,2,0,2,2,A,-,08,22107,,N,F,C,A,A,H,-,A,D,0,,,Y,,Y,,C,02,2,0,0,0,0,0,0,0,2,"- ","- ",33.14311,-116.27592,"SAN DIEGO",UNINCORPORATED,-116.27593219000001,33.143156140000002
90567665,2017,2017-10-11,9645,2017-07-15,2258,020541,,6,3,9,3700,0,1,3,,2,031,"SR-125 N/B (TOLL ROAD) FROM SR-54 E/B","SR-54 E/B",211.00,S,N,A,-,Y,,,125,,,,R,,N,Y,1,1,0,1,A,-,05,21651,B,N,E,I,A,A,H,-,D,D,0,,,,,Y,,A,01,0,0,0,0,0,0,0,0,0,"- ","- ",32.691569999999999,-117.01557,"SAN DIEGO",UNINCORPORATED,-117.01557,32.691569999999999
90568645,2017,2017-10-12,9650,2017-09-21,2147,016103,,4,2,9,3700,0,3,5,,2,231,"BEAR VALLEY PKY","SUNSET DR",1056.00,N,N,A,-,N,,,,,,,,,,Y,2,0,1,2,A,-,01,23152,A,N,E,I,A,A,H,-,C,D,0,,,,,Y,Y,A,01,1,0,0,0,0,0,0,0,0,"- ","- ",33.095829999999999,-117.0591,"SAN DIEGO",UNINCORPORATED,-117.05929909,33.096622660000001
90570536,2017,2017-10-16,9645,2017-10-06,0704,018393,,5,1,7,3711,0,1,1,,2,010,"I-8 W/B TO I-15 N/B","I-8 W/B",300.00,N,N,A,-,Y,,,8,,,,R,,W,Y,2,0,1,2,A,-,03,22350,,N,B,C,A,A,H,-,A,D,0,,,Y,,Y,,C,02,1,0,0,0,0,0,0,0,1,"- ","- ",32.779589999999999,-117.11060000000001,"SAN DIEGO","SAN DIEGO",-117.11060000000001,32.779589999999999
90570554,2017,2017-10-16,9645,2017-10-07,1520,017678,,6,2,7,3711,0,1,3,,2,023,"SR-163 S/B TO I-8 E/B TRANSITION","I-8 E/B",80.00,S,N,A,-,Y,,,163,,,,R,,S,Y,2,0,1,3,A,-,03,22350,,N,G,C,E,A,H,-,A,D,0,Y,,,,Y,,A,01,1,0,0,0,1,0,0,0,0,"- ","- ",32.761809999999997,-117.16425,"SAN DIEGO","SAN DIEGO",-117.16425,32.761809999999997
90570562,2017,2017-10-16,9650,2017-09-26,1445,017994,,2,2,9,3700,0,1,3,,1,028,SR-76,"CAMPGROUND ROAD (PRIVATE ROAD)",5280.00,E,N,A,-,Y,,,76,,,,,,,N,2,0,1,1,C,-,18,,,N,E,H,A,A,H,-,A,D,0,,,Y,,Y,,-,"- ",1,0,0,0,0,0,0,0,1,"- ","- ",33.318910000000002,-116.99289,"SAN DIEGO",UNINCORPORATED,-116.99289877,33.318903550000002
90570566,2017,2017-10-16,9650,2017-09-29,0932,017743,,5,1,9,3700,0,3,5,,2,213,"SOUTH GRADE RD",SR-76,8976.00,N,N,A,-,N,,,,,,,,,,Y,2,0,1,2,A,-,05,21460,A,N,A,C,A,A,H,-,A,D,0,,,Y,,Y,,C,02,1,0,0,0,0,0,0,0,1,"- ","- ",33.298520000000003,-116.88952999999999,"SAN DIEGO",UNINCORPORATED,-116.88981139000001,33.298557039999999
90570906,2017,2017-10-16,9645,2017-09-01,1820,021680,,5,2,7,3711,0,1,1,,2,017,"I-15 S/B","AMMO ROAD",3962.00,S,N,A,-,Y,,,15,,,,,,S,Y,2,0,1,2,A,-,03,22350,,N,C,C,A,A,H,-,A,D,0,,,,,Y,,A,08,1,0,0,0,0,0,0,0,0,"- ","- ",32.864620000000002,-117.11038000000001,"SAN DIEGO","SAN DIEGO",-117.11030454,32.864573790000001
90571310,2017,2017-10-16,9645,2017-10-04,0952,016976,,3,1,7,3711,0,1,3,,2,006,"SR-94 EASTBOUND","KELTON ROAD",4752.00,E,N,A,-,Y,,,94,,,,,,E,Y,2,0,2,2,A,-,03,22350,,N,C,C,A,A,D,-,A,D,0,,,,Y,Y,,A,01,1,1,0,0,0,0,0,0,0,"- ","- ",32.724699999999999,-117.0746,"SAN DIEGO","SAN DIEGO",-117.07461618000001,32.724722120000003
90571511,2017,2017-10-16,9680,2017-10-07,0945,015877,,6,1,5,3705,0,1,1,,2,082,"I-8 W/B","FIRST ST.",163.00,E,N,A,-,Y,,,8,,,,,,W,Y,2,0,2,2,A,-,17,21711,,N,D,C,A,A,H,-,A,D,0,,,Y,,Y,,E,22,1,1,0,0,0,0,0,0,2,"- ","- ",32.803170000000001,-116.94399,"SAN DIEGO","EL CAJON",-116.94399000999999,32.80316294
90573283,2017,2017-10-18,9650,2017-10-10,0916,015273,,2,1,9,3700,0,1,1,,2,022,"I-15 S/B","STEWART CANYON RD",1000.00,N,N,A,-,Y,,,15,,,,,,S,Y,2,0,1,2,A,-,03,22350,,N,C,C,A,A,H,-,A,D,0,,,Y,,Y,,C,02,1,0,0,0,0,0,0,0,1,"- ","- ",33.367719999999998,-117.16330000000001,"SAN DIEGO",UNINCORPORATED,-117.16332457999999,33.36770052