CASE_ID,ACCIDENT_YEAR,PROC_DATE,JURIS,COLLISION_DATE,COLLISION_TIME,OFFICER_ID,REPORTING_DISTRICT,DAY_OF_WEEK,CHP_SHIFT,POPULATION,CNTY_CITY_LOC,SPECIAL_COND,BEAT_TYPE,CHP_BEAT_TYPE,CITY_DIVISION_LAPD,CHP_BEAT_CLASS,BEAT_NUMBER,PRIMARY_RD,SECONDARY_RD,DISTANCE,DIRECTION,INTERSECTION,WEATHER_1,WEATHER_2,STATE_HWY_IND,CALTRANS_COUNTY,CALTRANS_DISTRICT,STATE_ROUTE,ROUTE_SUFFIX,POSTMILE_PREFIX,POSTMILE,LOCATION_TYPE,RAMP_INTERSECTION,SIDE_OF_HWY,TOW_AWAY,COLLISION_SEVERITY,NUMBER_KILLED,NUMBER_INJURED,PARTY_COUNT,PRIMARY_COLL_FACTOR,PCF_CODE_OF_VIOL,PCF_VIOL_CATEGORY,PCF_VIOLATION,PCF_VIOL_SUBSECTION,HIT_AND_RUN,TYPE_OF_COLLISION,MVIW,PED_ACTION,ROAD_SURFACE,ROAD_COND_1,ROAD_COND_2,LIGHTING,CONTROL_DEVICE,CHP_ROAD_TYPE,PEDESTRIAN_ACCIDENT,BICYCLE_ACCIDENT,MOTORCYCLE_ACCIDENT,TRUCK_ACCIDENT,NOT_PRIVATE_PROPERTY,ALCOHOL_INVOLVED,STWD_VEHTYPE_AT_FAULT,CHP_VEHTYPE_AT_FAULT,COUNT_SEVERE_INJ,COUNT_VISIBLE_INJ,COUNT_COMPLAINT_PAIN,COUNT_PED_KILLED,COUNT_PED_INJURED,COUNT_BICYCLIST_KILLED,COUNT_BICYCLIST_INJURED,COUNT_MC_KILLED,COUNT_MC_INJURED,PRIMARY_RAMP,SECONDARY_RAMP,LATITUDE,LONGITUDE,COUNTY,CITY,POINT_X,POINT_Y
90973406,2019,2019-04-23,9645,2019-04-10,1658,019678,,3,2,7,3711,0,1,1,,2,005,"I-5 S/B","SEA WORLD DR.",2500.00,N,N,A,-,Y,,,5,,,,,,S,Y,2,0,1,2,A,-,07,21658,A,N,C,C,A,A,H,-,A,D,0,,,Y,,Y,,A,01,1,0,0,0,0,0,0,0,1,"- ","- ",32.776718139648438,-117.20851898193359,"SAN DIEGO","SAN DIEGO",-117.20849609375,32.776725769042969
90975338,2019,2019-04-25,9680,2019-04-05,1840,020349,,5,2,9,3700,0,3,5,,2,009,"23604 SPRINGWOOD DR","SCARBERY RD",70.00,E,N,A,-,N,,,,,,,,,,N,2,0,2,4,C,-,18,,,N,G,B,F,A,H,-,B,D,0,Y,,,,Y,,-,"- ",2,0,0,0,2,0,0,0,0,"- ","- ",33.010158538818359,-116.81716156005859,"SAN DIEGO",UNINCORPORATED,-116.81717681884766,33.010013580322266
90977106,2019,2019-04-26,9680,2019-04-06,1957,021996,,6,2,9,3700,0,2,4,,1,021,"WILLOW GLEN DR","MUIRFIELD DR",0.00,,Y,A,-,N,,,,,,,,,,Y,2,0,6,2,A,-,08,22107,,M,A,C,A,A,H,-,C,D,0,,,,,Y,,A,01,2,1,3,0,0,0,0,0,0,"- ","- ",32.742900848388672,-116.92385864257812,"SAN DIEGO",UNINCORPORATED,-116.92385864257812,32.742839813232422
90977720,2019,2019-04-29,9645,2019-04-19,2120,021601,,5,2,7,3711,0,1,1,,2,003,"I-5 S/B",SR-94,1056.00,N,N,A,-,Y,,,5,,,,,,S,Y,2,0,1,1,A,-,08,22107,,N,F,A,A,A,H,-,C,D,0,,,Y,,Y,,C,02,1,0,0,0,0,0,0,0,1,"- ","- ",32.722038269042969,-117.14917755126953,"SAN DIEGO","SAN DIEGO",-117.14915466308594,32.722053527832031
90979236,2019,2019-04-30,9680,2019-04-06,1200,017621,,6,1,9,3700,0,1,3,,1,091,SR-78,"WEEKEND VILLA RD",1056.00,W,N,A,-,Y,,,78,,,,,,,Y,2,0,3,1,A,-,08,22107,,N,F,A,A,A,H,-,A,D,0,,,,,Y,,A,07,1,2,0,0,0,0,0,0,0,"- ","- ",33.069599151611328,-116.88874053955078,"SAN DIEGO",UNINCORPORATED,-116.88875579833984,33.069503784179688
90981501,2019,2019-05-03,9645,2019-04-25,1730,016061,,4,2,7,3711,0,1,3,,2,012,"SR-52 W/B","REGENTS RD.",0.00,,N,A,-,Y,,,52,,,,,,W,Y,2,0,1,2,A,-,07,21658,A,N,B,C,A,A,H,-,A,D,0,,,Y,,Y,,A,01,1,0,0,0,0,0,0,0,1,"- ","- ",32.844699859619141,-117.21208953857422,"SAN DIEGO","SAN DIEGO",-117.21206665039062,32.844650268554688
90982912,2018,2019-05-06,9645,2018-10-25,2024,017133,,4,2,5,3709,0,1,1,,2,001,"I-5 S/B TO CIVIC CENTER DR.","CIVIC CENTER DR. U/C",14.00,S,N,A,-,Y,,,5,,,,R,,S,N,1,1,0,2,A,-,11,21954,A,N,G,B,D,A,H,-,C,D,0,Y,,,,Y,,N,60,0,0,0,1,0,0,0,0,0,"- ","- ",32.669750213623047,-117.11171722412109,"SAN DIEGO","NATIONAL CITY",-117.11171722412109,32.669750213623047
90983156,2018,2019-05-07,9680,2018-12-20,2250,021839,,4,3,9,3700,0,1,3,,1,040,"STATE ROUTE 94","BARRETT SMITH ROAD",13200.00,E,N,A,-,Y,,,94,,,,,,,Y,1,2,0,2,A,-,05,21460,A,N,A,C,A,A,H,-,D,A,0,,,,,Y,,A,01,0,0,0,0,0,0,0,0,0,"- ","- ",32.594409942626953,-116.67028045654297,"SAN DIEGO",UNINCORPORATED,-116.67031097412109,32.594375610351562
90988223,2019,2019-05-14,9680,2019-05-03,1210,013686,,5,1,5,3705,0,1,3,,2,016,"SR-67 S/B TO MAGNOLIA AVE.",I-8,100.00,N,N,A,-,Y,,,67,,,,R,,S,N,2,0,1,2,A,-,11,21950,B,N,G,B,E,A,H,-,A,D,0,Y,,,,Y,,N,60,1,0,0,0,1,0,0,0,0,"- ","- ",32.803619384765625,-116.96244049072266,"SAN DIEGO","EL CAJON",-116.96244049072266,32.803619384765625
90990224,2019,2019-05-16,9645,2019-05-06,0952,015494,,1,1,7,3711,0,1,1,,2,011,"I-805 S/B","UNIVERSITY AVE",34.00,S,N,C,-,Y,,,805,,,,,,S,Y,2,0,2,3,A,-,03,22350,,N,E,I,E,B,H,-,A,D,0,Y,,,,Y,,A,01,2,0,0,0,1,0,0,0,0,"- ","- ",32.748649597167969,-117.12248229980469,"SAN DIEGO","SAN DIEGO",-117.12252044677734,32.748626708984375
90990792,2019,2019-05-17,9645,2019-05-10,0640,016047,,5,1,7,3711,0,1,1,,2,009,"I-805 NORTHBOUND","OCEAN VIEW BLVD.",620.00,S,N,B,-,Y,,,805,,,,,,N,Y,2,0,1,2,A,-,07,21658,A,N,C,C,A,B,H,-,A,D,0,,,Y,,Y,,A,01,1,0,0,0,0,0,0,0,1,"- ","- ",32.698661804199219,-117.09471130371094,"SAN DIEGO","SAN DIEGO",-117.09478759765625,32.698661804199219
90991865,2019,2019-05-20,9645,2019-05-10,1050,014625,,5,1,7,3711,0,1,1,,2,005,"INTERSTATE 5 NORTHBOUND","CLAIREMONT DRIVE O/C",1214.00,N,N,B,-,Y,,,5,,,,,,N,Y,2,0,4,3,A,-,03,22350,,N,C,C,A,A,D,-,A,D,0,,,,Y,Y,,A,01,1,1,2,0,0,0,0,0,0,"- ","- ",32.794078826904297,-117.20783233642578,"SAN DIEGO","SAN DIEGO",-117.20790863037109,32.794044494628906
90992377,2019,2019-05-20,9680,2019-03-05,1632,020500,,2,2,9,3700,0,2,4,,1,096,"DYE ROAD","DURAZNITOS ROAD",500.00,W,N,B,-,N,,,,,,,,,,Y,2,0,3,3,A,-,01,23152,A,N,B,C,A,A,H,-,A,A,0,,,,,Y,Y,A,01,2,1,0,0,0,0,0,0,0,"- ","- ",33.008621215820312,-116.90431976318359,"SAN DIEGO",UNINCORPORATED,-116.90287780761719,33.008514404296875
90992796,2019,2019-07-22,9650,2019-03-31,1938,021698,,7,2,9,3700,0,2,4,,1,027,"VALLEY CENTER RD SOUTHBOUND","LILAC RD",116.00,S,N,A,-,N,,,,,,,,,,Y,1,1,0,2,A,-,01,23152,A,N,B,C,A,A,H,-,B,D,0,,,,,Y,Y,D,22,0,0,0,0,0,0,0,0,0,"- ","- ",33.2222900390625,-117.03672790527344,"SAN DIEGO",UNINCORPORATED,-117.03653717041016,33.222057342529297
90993359,2019,2019-07-15,9650,2019-04-16,2202,019766,,2,3,9,3700,0,2,4,,1,027,"VALLEY CENTER ROAD","MIRAR DE VALLE ROAD",785.00,S,N,B,-,N,,,,,,,,,,Y,1,1,1,2,A,-,11,21954,A,N,G,B,D,A,H,-,D,D,0,Y,,,,Y,Y,N,60,0,1,0,1,0,0,0,0,0,"- ","- ",33.207828521728516,-117.03366851806641,"SAN DIEGO",UNINCORPORATED,-117.03357696533203,33.208938598632812
90994120,2019,2019-05-29,9650,2019-05-19,0305,020343,,7,3,5,3712,0,1,3,,2,019,"SR-78 E/B","LAS POSAS RD",90.00,W,N,C,-,Y,,,78,,,,,,E,Y,2,0,3,4,A,-,03,22350,,N,C,C,A,B,H,-,C,D,0,,,,,Y,,A,07,1,0,2,0,0,0,0,0,0,"- ","- ",33.144290924072266,-117.19148254394531,"SAN DIEGO","SAN MARCOS",-117.19154357910156,33.144214630126953
90995039,2019,2019-05-23,9645,2019-05-16,1930,013648,,4,2,7,3711,0,1,3,,2,006,"S.R. 94 EASTBOUND","S.R. 15 U/C",1320.00,W,N,A,-,Y,,,,,,,,,,N,2,0,1,2,A,-,11,21954,A,N,G,B,E,A,H,-,B,D,0,Y,,,,Y,,N,60,1,0,0,0,1,0,0,0,0,"- ","- ",32.755771636962891,-117.20192718505859,"SAN DIEGO","SAN DIEGO",,
90995776,2019,2019-05-24,9645,2019-05-17,0645,017723,,5,1,9,3700,0,1,3,,2,008,"SR-54 WB","WOODLAND AVE.",528.00,E,N,A,-,Y,,,54,,,,,,W,Y,2,0,1,2,A,-,03,22350,,N,C,C,A,A,H,-,A,D,0,,,Y,Y,Y,,C,02,1,0,0,0,0,0,0,0,1,"- ","- ",32.674598693847656,-117.03769683837891,"SAN DIEGO",UNINCORPORATED,-117.03804779052734,32.67486572265625
90996961,2019,2020-01-14,9645,2019-04-25,2350,021680,,4,3,5,3709,0,1,1,,2,001,"I-5 SOUTHBOUND",SR-54,1064.00,N,N,A,-,Y,,,5,,,,,,S,N,2,0,1,2,A,-,11,21954,A,N,G,B,D,A,H,-,C,D,0,Y,,,,Y,,N,60,1,0,0,0,1,0,0,0,0,"- ","- ",32.656200408935547,-117.10650634765625,"SAN DIEGO","NATIONAL CITY",-117.10657501220703,32.656169891357422
90997174,2019,2019-05-28,9645,2019-05-18,2140,020480,,6,2,6,3702,0,1,1,,2,001,"I-5 S/B TO J. STREET","J. STREET",300.00,N,N,A,-,Y,,,5,,,,R,,S,N,2,0,1,1,A,-,03,22350,,N,F,A,A,A,H,-,C,D,0,,,Y,,Y,,C,02,1,0,0,0,0,0,0,0,1,"- ","- ",32.622600555419922,-117.09349822998047,"SAN DIEGO","CHULA VISTA",-117.09349822998047,32.622600555419922
91001328,2019,2019-08-15,9650,2019-04-03,0615,017328,,3,1,6,3706,0,1,3,,2,019,"SR-78 W/B","ROCK SPRINGS RD. O/C",6.00,E,N,B,-,Y,,,78,,,,,,W,N,1,1,0,2,A,-,11,21956,A,N,G,B,E,B,H,-,B,D,0,Y,,,,Y,,N,60,0,0,0,1,0,0,0,0,0,"- ","- ",33.129161834716797,-117.09841156005859,"SAN DIEGO",ESCONDIDO,-117.09840393066406,33.129138946533203
91002097,2019,2019-06-03,9645,2019-05-20,1852,020479,,1,2,7,3711,0,1,1,,2,013,"I-805 S/B FROM MESA COLLEGE DRIVE","MESA COLLEGE DR",991.00,S,N,B,-,Y,,,805,,,,R,,S,Y,2,0,2,5,A,-,03,22350,,N,C,C,A,A,H,-,A,A,0,,,,Y,Y,,F,55,1,1,0,0,0,0,0,0,0,"- ","- ",32.800449371337891,-117.15039825439453,"SAN DIEGO","SAN DIEGO",-117.15039825439453,32.800449371337891
91002411,2019,2019-06-03,9650,2019-06-01,1350,020747,,6,1,6,3710,0,1,1,,2,005,"I-5 N/B","LAS FLORES DR",200.00,N,N,A,-,Y,,,,,,,,,,Y,2,0,1,2,A,-,03,22350,,N,C,C,A,A,H,-,A,D,0,,,,,Y,,A,08,1,0,0,0,0,0,0,0,0,"- ","- ",33.171180725097656,-117.34668731689453,"SAN DIEGO",OCEANSIDE,-117.34668731689453,33.171119689941406
91003109,2019,2019-06-04,9645,2019-03-17,2150,021494,,7,2,7,3711,0,1,1,,2,021,"SR-15 S/B","OCEAN VIEW BLVD",710.00,N,N,A,-,Y,,,15,,,,,,S,N,2,0,1,2,A,-,11,21954,A,N,G,B,E,A,H,-,C,D,0,Y,,,,Y,,N,60,1,0,0,0,1,0,0,0,0,"- ","- ",32.703300476074219,-117.12079620361328,"SAN DIEGO","SAN DIEGO",-117.12078857421875,32.703300476074219
91003118,2019,2019-06-04,9650,2019-06-02,1203,018840,,7,1,6,3706,0,1,3,,2,019,"I-15 S/B FROM SR-78 W/B","I-15 O/C",277.00,W,N,B,-,Y,,,15,,,,R,,S,Y,2,0,1,1,A,-,08,22107,,N,F,A,A,A,H,-,A,D,0,,,Y,,Y,,C,02,1,0,0,0,0,0,0,0,1,"- ","- ",33.127140045166016,-117.10610198974609,"SAN DIEGO",ESCONDIDO,-117.10610198974609,33.127140045166016
91004379,2019,2019-06-05,9650,2019-05-28,0505,019227,,2,3,9,3700,0,1,1,,2,001,"I-5 S/B","AGRA O/H",2640.00,N,N,A,-,Y,,,5,,,,,,S,Y,2,0,1,2,A,-,03,22350,,N,E,J,A,A,C,-,B,D,0,,,,,Y,,A,01,1,0,0,0,0,0,0,0,0,"- ","- ",33.322391510009766,-117.48399353027344,"SAN DIEGO",UNINCORPORATED,-117.48406982421875,33.322322845458984
91004749,2019,2019-06-06,9650,2019-06-01,1125,020673,,6,1,5,3782,0,1,1,,2,007,"I-5 NORTHBOUND","LEUCADIA BLVD.",575.00,N,N,A,-,Y,,,,,,,,,,Y,2,0,2,3,A,-,03,22350,,N,C,C,A,A,D,-,A,D,0,,,,,Y,,A,01,1,1,0,0,0,0,0,0,0,"- ","- ",33.034839630126953,-117.17301177978516,"SAN DIEGO",ENCINITAS,-117.29257965087891,33.066638946533203
91005716,2019,2019-06-07,9680,2019-02-06,0522,018979,,3,3,9,3700,0,1,1,,2,085,"INTERSTATE 8 (WESTBOUND)","PINE VALLEY CREEK BRIDGE (EAST)",320.00,W,N,B,E,Y,,,8,,,,,,,Y,1,1,4,4,A,-,03,22350,,N,C,C,E,C,H,-,D,A,0,Y,,,,Y,,A,07,0,0,4,1,0,0,0,0,0,"- ","- ",32.823268890380859,-116.5582275390625,"SAN DIEGO",UNINCORPORATED,-116.5582275390625,32.823234558105469
91005773,2019,2019-06-07,9680,2019-02-22,0600,015733,,5,1,9,3700,0,1,3,,1,090,"STATE ROUTE 67","KAY DEE LANE",230.00,S,N,A,-,Y,,,67,,,,,,,Y,1,1,0,1,A,-,03,22350,,N,E,I,A,C,H,-,B,D,0,,,,,Y,,A,07,0,0,0,0,0,0,0,0,0,"- ","- ",33.010570526123047,-116.94161224365234,"SAN DIEGO",UNINCORPORATED,-116.94161224365234,33.010597229003906
91006899,2019,2019-06-10,9680,2019-05-06,1702,019998,,1,2,9,3700,0,3,5,,2,001,"LAKEVIEW ROAD","JULIAN AVENUE",0.00,,Y,B,-,N,,,,,,,,,,Y,2,0,1,2,A,-,09,21802,A,N,D,C,A,A,H,-,A,A,0,,,Y,,Y,,D,22,1,0,0,0,0,0,0,0,1,"- ","- ",32.857101440429688,-116.9056396484375,"SAN DIEGO",UNINCORPORATED,-116.90560150146484,32.857151031494141
91007945,2019,2019-06-11,9645,2019-05-19,0125,018646,,7,3,7,3711,0,1,1,,2,007,"I-5 NORTHBOUND","DEL MAR HEIGHTS ROAD",1200.00,S,N,C,-,Y,,,5,,,,,,N,Y,2,0,5,2,A,-,01,23152,A,N,C,C,A,B,H,-,D,D,0,,,,,Y,Y,A,01,2,0,3,0,0,0,0,0,0,"- ","- ",32.947299957275391,-117.24311828613281,"SAN DIEGO","SAN DIEGO",-117.24305725097656,32.947311401367188
91008415,2019,2019-06-12,9680,2019-06-01,1110,016535,,6,1,9,3700,0,2,4,,1,021,"DEHESA ROAD","HARBISON CANYON RD",293.00,W,N,A,-,N,,,,,,,,,,Y,2,0,4,2,A,-,08,22107,,N,D,C,A,A,H,-,A,D,0,,,Y,,Y,,A,01,2,2,0,0,0,0,0,0,2,"- ","- ",32.789348602294922,-116.84536743164062,"SAN DIEGO",UNINCORPORATED,-116.84552764892578,32.790058135986328
91008718,2019,2019-06-12,9645,2019-06-01,1443,017953,,6,2,7,3711,0,1,S,,2,901,"SR-56 E/B","I-15 S/B",135.00,E,N,A,-,Y,,,56,,,,,,E,Y,2,0,1,2,A,-,21,22106,,N,C,C,A,A,H,-,A,A,0,,,Y,,Y,,A,01,1,0,0,0,0,0,0,0,1,"- ","- ",32.964569091796875,-117.09561157226562,"SAN DIEGO","SAN DIEGO",-117.09561157226562,32.964588165283203
91008876,2019,2019-06-12,9650,2019-06-06,1650,019490,,4,2,9,3700,0,3,5,,2,191,"HARMONY GROVE VILLAGE PKWY","COUNTRY CLUB DR",0.00,,Y,B,-,N,,,,,,,,,,Y,2,0,1,2,A,-,09,21802,A,N,A,C,A,A,H,-,A,A,0,,,,,Y,,A,01,1,0,0,0,0,0,0,0,0,"- ","- ",33.103691101074219,-117.12760162353516,"SAN DIEGO",UNINCORPORATED,-117.12764739990234,33.10369873046875
91010349,2019,2019-06-14,9645,2019-06-04,1552,017667,,2,2,7,3711,0,1,1,,2,001,"I-5 N/B TO SR-15 N/B",SR-15,40.00,S,N,B,-,Y,,,,,,,,,,Y,2,0,1,3,A,-,03,22350,,N,C,C,A,A,H,-,A,D,0,,,,,Y,,A,01,1,0,0,0,0,0,0,0,0,"- ","- ",32.697200775146484,-117.12071228027344,"SAN DIEGO","SAN DIEGO",-117.12046051025391,32.692188262939453
91011160,2019,2019-06-17,9680,2019-06-07,1510,021646,,5,2,9,3700,0,1,1,,2,084,"WILLOWS ROAD","HILLCREST DRIVE",754.00,W,N,A,-,N,,,,,,,,,,Y,2,0,1,2,A,-,09,21804,A,N,D,C,A,A,H,-,A,D,0,,,Y,,Y,,D,22,1,0,0,0,0,0,0,0,1,"- ","- ",32.834381103515625,-116.72612762451172,"SAN DIEGO",UNINCORPORATED,-116.72602844238281,32.834365844726562
91012260,2019,2019-06-18,9645,2019-06-01,0350,021873,,6,3,7,3711,0,1,3,,2,006,"SR-94 W/B FROM EUCLID AVE","EUCLID AVE.",12.00,W,N,A,-,Y,,,94,,,,R,,W,N,2,0,1,2,A,-,10,21950,A,F,G,B,C,A,H,-,C,A,0,Y,,,,Y,,A,01,1,0,0,0,1,0,0,0,0,"- ","- ",32.718788146972656,-117.08502197265625,"SAN DIEGO","SAN DIEGO",-117.08502197265625,32.718788146972656
91013518,2019,2019-06-19,9650,2019-06-13,1725,020747,,4,2,6,3706,0,1,1,,2,023,"I-15 N/B","VALLEY PKY",100.00,S,N,A,-,Y,,,15,,,,,,N,Y,2,0,1,1,A,-,03,22350,,N,F,A,A,A,H,-,A,D,0,,,Y,,Y,,C,02,1,0,0,0,0,0,0,0,1,"- ","- ",33.11505126953125,-117.09876251220703,"SAN DIEGO",ESCONDIDO,-117.09867858886719,33.115100860595703
91013643,2019,2019-06-19,9650,2019-06-15,1345,021933,,6,1,9,3700,0,1,3,,1,028,SR-76,"YUIMA CREEK",563.00,W,N,A,-,Y,,,,,,,,,,N,2,0,1,2,A,-,03,22350,,N,H,G,A,A,H,-,A,D,0,,Y,,,Y,,L,04,1,0,0,0,0,0,1,0,0,"- ","- ",33.303958892822266,-117.93068695068359,"SAN DIEGO",UNINCORPORATED,,
91014516,2018,2019-06-20,9645,2018-11-05,1820,021731,,1,2,7,3711,0,1,1,,2,001,"I-5 S/B","DAIRY MART RD",1584.00,N,N,A,-,Y,,,5,,,,,,S,Y,1,1,2,5,A,-,03,22350,,N,C,C,A,A,H,-,D,D,0,,,,,Y,,A,01,0,0,2,0,0,0,0,0,0,"- ","- ",32.560501098632812,-117.06625366210938,"SAN DIEGO","SAN DIEGO",-117.06623840332031,32.560520172119141
91018785,2019,2019-06-27,9645,2019-06-19,1539,017667,,3,2,7,3711,0,1,1,,2,007,"I-5 N/B","CARMEL VALLEY BLVD.",350.00,S,N,B,-,Y,,,5,,,,,,N,Y,2,0,1,2,A,-,03,22350,,N,B,C,A,A,H,-,A,D,0,,,Y,,Y,,C,02,1,0,0,0,0,0,0,0,1,"- ","- ",32.926559448242188,-117.23964691162109,"SAN DIEGO","SAN DIEGO",-117.23963928222656,32.926563262939453
91021999,2019,2019-07-01,9645,2019-05-18,1900,021639,,6,2,7,3711,0,1,1,,2,001,"I-5 NORTHBOUND TO VIA DE SAN YSIDRO","VIA DE SAN YSIDRO",400.00,S,N,A,-,Y,,,5,,,,R,,N,N,2,0,1,2,A,-,11,21954,A,N,G,B,E,A,H,-,A,D,0,Y,,,,Y,,N,60,1,0,0,0,1,0,0,0,0,"- ","- ",32.551231384277344,-117.04408264160156,"SAN DIEGO","SAN DIEGO",-117.04408264160156,32.551231384277344
91023036,2019,2019-11-01,9650,2019-05-30,1805,016516,,4,2,9,3700,0,1,1,,2,022,"I-15 S/B","MISSION RD",5280.00,S,N,A,-,Y,,,15,,,,,,S,Y,1,1,0,2,A,-,01,23152,F,N,C,C,A,A,H,-,A,D,0,,,,,Y,,A,07,0,0,0,0,0,0,0,0,0,"- ","- ",33.368919372558594,-117.16446685791016,"SAN DIEGO",UNINCORPORATED,-117.16439819335938,33.368984222412109
91023593,2019,2019-07-03,9645,2019-06-22,1945,020541,,6,2,7,3711,0,1,1,,2,011,"I-805 S/B","TULIP ST O/C",1531.00,N,N,A,-,Y,,,805,,,,,,S,Y,2,0,1,1,A,-,01,23152,A,M,E,I,A,A,H,-,A,D,0,,,,,Y,Y,A,07,1,0,0,0,0,0,0,0,0,"- ","- ",32.732578277587891,-117.11216735839844,"SAN DIEGO","SAN DIEGO",-117.11228942871094,32.732486724853516
91023656,2019,2019-07-03,9645,2019-06-23,2330,020480,,7,3,7,3711,0,1,1,,2,003,"I-5 S/B TO SR-94 E/B","PARK BLVD.",770.00,S,N,B,-,Y,,,5,,,,R,,S,Y,2,0,3,3,A,-,03,22350,,F,B,C,A,A,H,-,C,D,0,,,,,Y,,A,01,1,1,1,0,0,0,0,0,0,"- ","- ",32.722499847412109,-117.14959716796875,"SAN DIEGO","SAN DIEGO",-117.14959716796875,32.722499847412109
91023667,2019,2019-07-03,9645,2019-06-23,2333,020480,,7,3,7,3711,0,1,1,,2,003,"I-5 S/B","PARK BLVD",1010.00,S,N,B,-,Y,,,5,,,,,,S,Y,2,0,1,2,A,-,03,22350,,N,B,C,A,A,H,-,C,D,0,,,Y,,Y,,C,02,1,0,0,0,0,0,0,0,1,"- ","- ",32.721199035644531,-117.14869689941406,"SAN DIEGO","SAN DIEGO",-117.14868927001953,32.721206665039062
91024045,2019,2019-07-03,9650,2019-06-26,1528,021327,,3,2,9,3700,0,3,5,,2,211,"LAKE WOHLFORD RD","MAEMAR DR",1800.00,S,N,A,-,N,,,,,,,,,,Y,2,0,2,2,A,-,09,21801,A,N,A,C,A,A,H,-,A,D,0,,,,,Y,,A,01,1,1,0,0,0,0,0,0,0,"- ","- ",33.113990783691406,-116.58229064941406,"SAN DIEGO",UNINCORPORATED,-116.97307586669922,33.194786071777344
91025368,2019,2019-07-08,9650,2019-07-01,0125,021404,,1,3,5,3713,0,1,3,,2,015,"SR-78 E/B","EMERALD DR",528.00,W,N,A,-,Y,,,78,,,,,,E,Y,2,0,1,1,A,-,08,22107,,N,F,A,A,A,H,-,C,D,0,,,Y,,Y,,C,02,1,0,0,0,0,0,0,0,1,"- ","- ",33.186321258544922,-117.28285217285156,"SAN DIEGO",VISTA,-117.28281402587891,33.186244964599609
91027366,2019,2019-07-09,9650,2019-07-07,1830,020673,,7,2,9,3700,0,3,5,,2,010,"LAS PULGAS RD",I-5,6.00,E,N,B,-,N,,,,,,,,,,Y,2,0,1,1,A,-,08,22107,,N,F,A,A,A,B,-,A,D,0,,,Y,,Y,,C,02,1,0,0,0,0,0,0,0,1,"- ","- ",33.175510406494141,-117.27529907226562,"SAN DIEGO",UNINCORPORATED,-117.46466827392578,33.298690795898438
91029219,2019,2019-07-11,9680,2019-06-30,1530,022106,Campo,7,2,9,3700,0,3,5,,2,006,"CHURCH RD",SR-94,11088.00,N,N,A,-,N,,,,,,,,,,Y,2,0,1,2,B,-,22,,,N,D,C,A,A,H,-,A,D,0,,,,,Y,,A,07,1,0,0,0,0,0,0,0,0,"- ","- ",32.672580718994141,-116.36299133300781,"SAN DIEGO",UNINCORPORATED,-116.36363983154297,32.672576904296875
91030211,2019,2019-07-15,9650,2019-07-10,1715,019490,,3,2,5,3712,0,1,3,,2,019,"SR-78 W/B","RANCHO SANTA FE AVE",2112.00,W,N,A,-,Y,,,78,,,,,,W,Y,2,0,1,1,A,-,03,22350,,N,F,A,A,A,H,-,A,A,0,,,Y,,Y,,C,02,1,0,0,0,0,0,0,0,1,"- ","- ",33.153388977050781,-117.20207977294922,"SAN DIEGO","SAN MARCOS",-117.20203399658203,33.153446197509766
91030858,2019,2019-07-15,9680,2019-07-03,2000,020249,,3,2,9,3700,0,3,5,,2,009,"HANSON LANE","GLAE JEAN COURT",275.00,E,N,A,-,N,,,,,,,,,,Y,2,0,1,2,A,-,09,21804,A,N,C,C,A,A,H,-,B,D,0,,,Y,,Y,,C,02,1,0,0,0,0,0,0,0,1,"- ","- ",33.025699615478516,-116.87287139892578,"SAN DIEGO",UNINCORPORATED,-116.87287902832031,33.025726318359375
91031001,2019,2019-07-15,9650,2019-07-11,1509,021327,,4,2,9,3700,0,3,5,,2,213,"SOUTH GRADE RD","CANFIELD RD.",5450.00,S,N,A,-,N,,,,,,,,,,Y,2,0,1,1,A,-,08,22107,,N,E,I,A,A,H,-,A,D,0,,,Y,,Y,,C,02,1,0,0,0,0,0,0,0,1,"- ","- ",33.204120635986328,-116.52349090576172,"SAN DIEGO",UNINCORPORATED,-116.87176513671875,33.307342529296875
91031805,2019,2019-07-16,9680,2019-07-04,1925,020951,,4,2,9,3700,0,2,4,,1,018,"LOS COCHES RD","JULIAN AVE",0.00,,Y,A,-,N,,,,,,,,,,Y,2,0,2,2,A,-,12,21453,A,F,D,C,A,A,H,-,A,A,0,,,,,Y,,D,22,1,1,0,0,0,0,0,0,0,"- ","- ",32.855289459228516,-116.919677734375,"SAN DIEGO",UNINCORPORATED,-116.91950988769531,32.855270385742188