CASE_ID,ACCIDENT_YEAR,PROC_DATE,JURIS,COLLISION_DATE,COLLISION_TIME,OFFICER_ID,REPORTING_DISTRICT,DAY_OF_WEEK,CHP_SHIFT,POPULATION,CNTY_CITY_LOC,SPECIAL_COND,BEAT_TYPE,CHP_BEAT_TYPE,CITY_DIVISION_LAPD,CHP_BEAT_CLASS,BEAT_NUMBER,PRIMARY_RD,SECONDARY_RD,DISTANCE,DIRECTION,INTERSECTION,WEATHER_1,WEATHER_2,STATE_HWY_IND,CALTRANS_COUNTY,CALTRANS_DISTRICT,STATE_ROUTE,ROUTE_SUFFIX,POSTMILE_PREFIX,POSTMILE,LOCATION_TYPE,RAMP_INTERSECTION,SIDE_OF_HWY,TOW_AWAY,COLLISION_SEVERITY,NUMBER_KILLED,NUMBER_INJURED,PARTY_COUNT,PRIMARY_COLL_FACTOR,PCF_CODE_OF_VIOL,PCF_VIOL_CATEGORY,PCF_VIOLATION,PCF_VIOL_SUBSECTION,HIT_AND_RUN,TYPE_OF_COLLISION,MVIW,PED_ACTION,ROAD_SURFACE,ROAD_COND_1,ROAD_COND_2,LIGHTING,CONTROL_DEVICE,CHP_ROAD_TYPE,PEDESTRIAN_ACCIDENT,BICYCLE_ACCIDENT,MOTORCYCLE_ACCIDENT,TRUCK_ACCIDENT,NOT_PRIVATE_PROPERTY,ALCOHOL_INVOLVED,STWD_VEHTYPE_AT_FAULT,CHP_VEHTYPE_AT_FAULT,COUNT_SEVERE_INJ,COUNT_VISIBLE_INJ,COUNT_COMPLAINT_PAIN,COUNT_PED_KILLED,COUNT_PED_INJURED,COUNT_BICYCLIST_KILLED,COUNT_BICYCLIST_INJURED,COUNT_MC_KILLED,COUNT_MC_INJURED,PRIMARY_RAMP,SECONDARY_RAMP,LATITUDE,LONGITUDE,COUNTY,CITY,POINT_X,POINT_Y
91032357,2019,2019-07-17,9680,2019-07-06,1125,016181,,6,1,9,3700,0,3,5,,2,001,"N. WOODSIDE AVE","RIVERFORD RD",0.00,,Y,A,-,N,,,,,,,,,,Y,2,0,1,2,A,-,09,21802,A,N,D,C,A,A,H,-,A,A,0,,,Y,,Y,,D,22,1,0,0,0,0,0,0,0,1,"- ","- ",32.856010437011719,-116.94741058349609,"SAN DIEGO",UNINCORPORATED,-116.94667816162109,32.854228973388672
91033353,2019,2019-07-18,9650,2019-05-09,0828,020422,,4,1,9,3700,0,3,5,,2,211,"WOODS VALLEY RD","OAKMONT RD",2640.00,E,N,B,-,N,,,,,,,,,,Y,1,1,0,1,A,-,03,22350,,N,E,I,A,A,H,-,A,D,0,,,,,Y,,A,07,0,0,0,0,0,0,0,0,0,"- ","- ",33.205078125,-117.02433013916016,"SAN DIEGO",UNINCORPORATED,-117.02362823486328,33.204380035400391
91033590,2019,2019-07-18,9680,2019-07-08,1210,021584,,1,1,9,3700,0,1,3,,1,051,"STATE ROUTE 79","FINK RD",2640.00,N,N,A,-,Y,,,79,,,,,,,Y,2,0,1,1,A,-,08,22107,,N,F,A,A,A,H,-,A,D,0,,,,Y,Y,,F,27,1,0,0,0,0,0,0,0,0,"- ","- ",33.318450927734375,-116.69699859619141,"SAN DIEGO",UNINCORPORATED,-116.69699859619141,33.318485260009766
91034185,2019,2019-07-30,9650,2019-05-21,1649,021327,,2,2,9,3700,0,1,3,,1,028,SR-76,"EAST GRADE RD",9768.00,W,N,B,-,Y,,,76,,,,,,,Y,1,1,0,1,A,-,08,22107,,N,E,I,A,A,H,-,A,D,0,,,,,Y,,D,22,0,0,0,0,0,0,0,0,0,"- ","- ",33.254989624023438,-116.79467010498047,"SAN DIEGO",UNINCORPORATED,-116.79463958740234,33.255039215087891
91034405,2019,2019-07-19,9680,2019-03-28,1215,021584,,4,1,9,3700,0,2,4,,2,072,"MONTEZUMA VALLEY ROAD","SAN FELIPE ROAD",39600.00,E,N,A,-,N,,,,,,,,,,Y,1,1,0,1,A,-,08,22107,,N,E,I,A,A,H,-,A,A,0,,,Y,,Y,,C,02,0,0,0,0,0,0,0,1,0,"- ","- ",33.210178375244141,-116.47904205322266,"SAN DIEGO",UNINCORPORATED,-116.48053741455078,33.210159301757812
91035181,2019,2019-07-22,9645,2019-06-19,1500,019480,,3,2,7,3711,0,1,1,,2,003,"I-5 SOUTHBOUND","SAMPSON ST O/C",462.00,N,N,A,-,Y,,,5,,,,,,S,Y,2,0,1,2,A,-,07,21658,A,N,B,C,A,A,H,-,A,D,0,,,Y,,Y,,A,01,1,0,0,0,0,0,0,0,1,"- ","- ",32.697948455810547,-117.13796234130859,"SAN DIEGO","SAN DIEGO",-117.13803100585938,32.697849273681641
91037896,2019,2019-07-25,9645,2019-01-23,2330,015001,,3,3,7,3711,0,1,1,,2,030,"I-15 N/B (HOV)","CARMEL MTN RD",2112.00,S,N,B,-,Y,,,15,,,,,,N,Y,2,0,1,2,A,-,01,23152,A,N,C,C,A,A,H,-,D,D,0,,,,,Y,Y,A,01,1,0,0,0,0,0,0,0,0,"- ","- ",32.970508575439453,-117.09162902832031,"SAN DIEGO","SAN DIEGO",-117.09152221679688,32.970443725585938
91038086,2019,2019-07-25,9680,2019-05-01,0646,019255,,3,1,9,3700,0,2,4,,1,026,"JAMACHA BOULEVARD","OMEGA STREET",148.00,E,N,B,-,N,,,,,,,,,,Y,1,1,0,1,A,-,03,22350,,N,E,I,A,A,H,-,A,D,0,,,Y,,Y,,C,02,0,0,0,0,0,0,0,1,0,"- ","- ",32.709030151367188,-116.98393249511719,"SAN DIEGO",UNINCORPORATED,-116.98419952392578,32.709037780761719
9103929,2020,2020-11-06,3705,2020-05-17,2127,E0367,,7,5,5,3705,0,0,0,,0,002,"E MADISON AV",MOLLISON,14.00,W,N,A,-,N,,,,,,,,,,,2,0,1,2,A,-,12,21453,A,N,D,G,A,C,H,-,A,A,0,,Y,,,Y,,-,"- ",1,0,0,0,0,0,1,0,0,"- ","- ",,,"SAN DIEGO","EL CAJON",-116.95101165771484,32.800155639648438
91041126,2019,2019-07-29,9680,2019-07-09,0955,017011,,2,1,9,3700,0,2,4,,1,029,"SWEETWATER SPRINGS BLVD","DEL RIO RD",0.00,,Y,A,-,N,,,,,,,,,,Y,2,0,1,2,A,-,09,21802,A,F,D,C,A,A,H,-,A,D,0,,,,,Y,,D,22,1,0,0,0,0,0,0,0,0,"- ","- ",32.742389678955078,-116.97254943847656,"SAN DIEGO",UNINCORPORATED,-116.97245025634766,32.742401123046875
91041456,2019,2019-07-30,9645,2019-07-17,1240,016474,,3,1,7,3711,0,1,1,,2,011,"I-805 NORTHBOUND","LINCOLN AVENUE",20.00,N,N,A,-,Y,,,805,,,,,,N,Y,2,0,1,2,A,-,07,21658,A,N,B,C,A,A,H,-,A,D,0,,,Y,,Y,,A,01,1,0,0,0,0,0,0,0,1,"- ","- ",32.750469207763672,-117.12322998046875,"SAN DIEGO","SAN DIEGO",-117.12306213378906,32.750537872314453
91041490,2019,2019-07-30,9650,2019-07-19,0020,021992,,5,3,9,3700,0,1,3,,2,065,"SR-76 W/B","SOUTH MISSION RD",0.00,,Y,A,-,Y,,,76,,,,,,W,Y,2,0,1,2,A,-,12,21453,A,N,D,C,A,A,H,-,C,A,0,,,Y,,Y,,C,02,1,0,0,0,0,0,0,0,1,"- ","- ",33.294399261474609,-117.22216033935547,"SAN DIEGO",UNINCORPORATED,-117.22215270996094,33.294380187988281
91041549,2019,2019-07-30,9645,2019-07-10,1715,018250,,3,2,7,3711,0,1,3,,2,023,"SR-163 S/B","ROBINSON AVENUE",500.00,S,N,A,-,Y,,,163,,,,,,S,Y,2,0,1,2,A,-,07,21658,A,N,B,C,A,A,H,-,A,D,0,,,Y,,Y,,A,01,1,0,0,0,0,0,0,0,1,"- ","- ",32.742740631103516,-117.15657043457031,"SAN DIEGO","SAN DIEGO",-117.15653228759766,32.74273681640625
91042371,2019,2019-07-31,9645,2019-07-19,1038,015698,,5,1,6,3702,0,1,1,,2,001,"I-5 NB","H ST. O/C",200.00,N,N,A,-,Y,,,5,,,,,,N,Y,2,0,2,1,A,-,08,22107,,N,F,A,A,A,H,-,A,D,0,,,,,Y,,A,01,1,1,0,0,0,0,0,0,0,"- ","- ",32.631351470947266,-117.09658813476562,"SAN DIEGO","CHULA VISTA",-117.09660339355469,32.631343841552734
9104411,2019,2020-06-05,3710,2019-11-01,1253,OC1351,,5,5,6,3710,0,0,0,,0,008,"SOUTH COAST HWY","WEST ST",24.00,N,N,A,-,N,,,,,,,,,,Y,2,0,1,1,A,-,03,22350,,N,F,A,A,A,H,-,A,D,0,,,Y,,Y,,C,02,1,0,0,0,0,0,0,0,1,"- ","- ",,,"SAN DIEGO",OCEANSIDE,-117.37190246582031,33.186752319335938
91044259,2019,2019-08-12,9645,2019-07-23,0232,017671,,2,3,7,3711,0,1,1,,2,017,"I-15 N/B","CARROLL CANYON ROAD O/C",700.00,S,N,A,-,Y,,,15,,,,,,N,Y,2,0,1,2,A,-,03,22350,,N,C,C,A,A,H,-,C,D,0,,,,Y,Y,,A,01,1,0,0,0,0,0,0,0,0,"- ","- ",32.901958465576172,-117.11602783203125,"SAN DIEGO","SAN DIEGO",-117.11616516113281,32.901954650878906
91044734,2019,2019-08-05,9650,2019-07-25,0508,018496,,4,3,9,3700,0,1,1,,2,022,"I-15 N/B","E. MISSION ROAD",1825.00,N,N,B,-,Y,,,15,,,,,,N,Y,2,0,2,2,A,-,03,22350,,N,C,C,A,A,H,-,D,D,0,,,,Y,Y,,A,08,1,0,1,0,0,0,0,0,0,"- ","- ",33.392230987548828,-117.17375946044922,"SAN DIEGO",UNINCORPORATED,-117.17385864257812,33.392253875732422
91045213,2019,2019-08-05,9650,2019-07-27,0210,022031,,6,3,6,3706,0,1,1,,2,021,"I-15 S/B","NUTMEG ST",700.00,N,N,A,-,Y,,,15,,,,,,S,Y,2,0,3,3,A,-,01,23152,G,N,C,C,A,A,H,-,D,D,0,,,,,Y,Y,A,01,2,1,0,0,0,0,0,0,0,"- ","- ",33.167560577392578,-117.10881805419922,"SAN DIEGO",ESCONDIDO,-117.10879516601562,33.167572021484375
91045341,2019,2019-08-05,9650,2019-08-02,1508,021933,,5,2,9,3700,0,2,4,,1,027,"VALLEY CENTER ROAD","W TRIBAL ROAD",15.00,S,N,A,-,N,,,,,,,,,,Y,2,0,1,2,A,-,03,22350,,N,C,C,A,A,H,-,A,D,0,,,,,Y,,A,01,1,0,0,0,0,0,0,0,0,"- ","- ",33.273811340332031,-116.95368194580078,"SAN DIEGO",UNINCORPORATED,-116.95367431640625,33.273818969726562
91047175,2019,2019-08-07,9650,2019-07-29,0033,020343,,1,3,9,3700,0,3,5,,2,191,"HARMONY GROVE RD","QUESTHAVEN RD",355.00,W,N,A,-,N,,,,,,,,,,Y,2,0,1,1,A,-,03,22350,,N,E,I,A,A,H,-,D,D,0,,,,,Y,,A,01,1,0,0,0,0,0,0,0,0,"- ","- ",33.073158264160156,-117.16513824462891,"SAN DIEGO",UNINCORPORATED,-117.16398620605469,33.073680877685547
91047941,2019,2019-08-08,9680,2019-07-20,2112,021441,,6,2,4,3720,0,1,3,,2,027,"SR-94 E/B","COLLEGE AVE",1460.00,E,N,A,-,Y,,,94,,,,,,E,Y,2,0,2,3,A,-,01,23152,A,N,E,I,A,A,H,-,D,D,0,,,,,Y,Y,A,01,1,1,0,0,0,0,0,0,0,"- ","- ",32.743900299072266,-117.04789733886719,"SAN DIEGO","LEMON GROVE",-117.0478515625,32.743831634521484
91047979,2019,2019-08-08,9645,2019-07-29,0515,021077,,1,3,6,3702,0,1,3,,2,031,"SR-125 N/B","MT MIGUEL ROAD",2115.00,N,N,A,-,Y,,,125,,,,,,N,Y,2,0,2,3,A,-,08,22107,,N,B,C,A,A,H,-,B,D,0,,,,,Y,,A,01,1,1,0,0,0,0,0,0,0,"- ","- ",32.676689147949219,-116.98567199707031,"SAN DIEGO","CHULA VISTA",-116.98565673828125,32.676692962646484
91048129,2019,2019-08-08,9680,2019-07-20,0845,019255,,6,1,9,3700,0,3,5,,2,001,"DUNBAR LN","CHOCOLATE SUMMIT DR",440.00,N,N,A,-,N,,,,,,,,,,N,2,0,1,1,A,-,01,23152,A,N,E,I,A,A,H,-,A,D,0,,,Y,,Y,Y,C,06,1,0,0,0,0,0,0,0,1,"- ","- ",32.859531402587891,-116.81929779052734,"SAN DIEGO",UNINCORPORATED,-116.81931304931641,32.859386444091797
91048763,2019,2019-08-09,9645,2019-07-30,0210,021338,,2,3,7,3711,0,1,1,,2,001,"I-5 S/B TO TOCAYO AVENUE","TOCAYO AVENUE",150.00,N,N,A,-,Y,,,5,,,,R,,S,Y,2,0,1,1,A,-,01,23152,A,N,E,I,A,A,H,-,D,D,0,,,,,Y,Y,A,01,1,0,0,0,0,0,0,0,0,"- ","- ",32.565788269042969,-117.07523345947266,"SAN DIEGO","SAN DIEGO",-117.07523345947266,32.565788269042969
91049325,2019,2019-09-02,9650,2019-08-04,1355,021933,,7,1,9,3700,0,1,3,,1,028,SR-76,"POOMACHA RD.",417.00,E,N,A,-,Y,,,76,,,,,,,Y,1,1,1,1,A,-,03,22350,,N,F,A,A,A,H,-,A,D,0,,,Y,,Y,,C,02,1,0,0,0,0,0,0,1,1,"- ","- ",33.275550842285156,-116.86103057861328,"SAN DIEGO",UNINCORPORATED,-116.86103057861328,33.275550842285156
91049512,2019,2019-08-12,9650,2019-08-05,1300,018840,,1,1,5,3713,0,1,3,,2,017,"SR-78 E/B","MAR VISTA DR",1370.00,E,N,A,-,Y,,,78,,,,,,E,Y,2,0,1,2,A,-,03,22350,,N,C,C,A,A,H,-,A,D,0,,,Y,,Y,,C,02,1,0,0,0,0,0,0,0,1,"- ","- ",33.177780151367188,-117.22817230224609,"SAN DIEGO",VISTA,-117.22822570800781,33.177742004394531
91051019,2019,2019-08-13,9680,2019-08-02,2125,021945,,5,2,9,3700,0,1,3,,1,040,SR-94,"LUCKY SIX TRUCK TRAIL",317.00,E,N,A,-,Y,,,94,,,,,,,Y,2,0,1,2,A,-,01,23152,A,N,A,C,A,A,H,-,D,A,0,,,,Y,Y,Y,A,01,1,0,0,0,0,0,0,0,0,"- ","- ",32.624320983886719,-116.75324249267578,"SAN DIEGO",UNINCORPORATED,-116.75324249267578,32.624336242675781
91052026,2019,2019-08-14,9680,2019-08-04,1030,017996,,7,1,9,3700,0,3,5,,2,002,"OTAY LAKES ROAD","MPM 9.5",1584.00,W,N,A,-,N,,,,,,,,,,N,2,0,1,1,A,-,08,22107,,N,F,A,A,A,H,-,A,D,0,,,Y,,Y,,C,02,1,0,0,0,0,0,0,0,1,"- ","- ",32.650600433349609,-116.86499786376953,"SAN DIEGO",UNINCORPORATED,,
91052289,2019,2019-08-14,9680,2019-08-04,1240,017011,,7,1,9,3700,0,3,5,,2,004,"PROCTOR VALLEY RD","ECHO VALLEY RD",5808.00,S,N,A,-,N,,,,,,,,,,N,2,0,1,1,A,-,08,22107,,N,F,A,A,A,H,-,A,D,0,,,Y,,Y,,C,02,1,0,0,0,0,0,0,0,1,"- ","- ",32.691211700439453,-116.90799713134766,"SAN DIEGO",UNINCORPORATED,-116.90734100341797,32.691867828369141
91052718,2019,2020-01-07,9650,2019-08-13,1330,017780,,2,1,5,3713,0,1,3,,2,017,"SR-78 E/B","SMILAX RD",940.00,W,N,A,-,Y,,,,,,,,,,Y,1,1,0,1,A,-,08,22107,,N,E,I,A,A,H,-,A,D,0,,,,,Y,,A,01,0,0,0,0,0,0,0,0,0,"- ","- ",33.159740447998047,-117.20877838134766,"SAN DIEGO",VISTA,-117.20890045166016,33.159912109375
91052749,2018,2019-08-15,9645,2018-10-07,1310,021263,,7,1,7,3711,0,1,1,,2,010,"INTERSTATE 8 EASTBOUND","COLLEGE AVENUE O/C",240.00,E,N,A,-,Y,,,8,,,,,,E,Y,1,1,0,2,A,-,08,22107,,N,E,I,A,A,H,-,A,D,0,,,,,Y,,A,08,0,0,0,0,0,0,0,0,0,"- ","- ",32.779499053955078,-117.06533813476562,"SAN DIEGO","SAN DIEGO",-117.06533813476562,32.779361724853516
91052838,2019,2019-08-15,9645,2019-08-05,0720,016838,,1,1,7,3711,0,1,1,,2,021,"SR-15 S/B","I-5 S/B O/C",90.00,N,N,B,-,Y,,,15,,,,,,S,Y,2,0,1,1,A,-,08,22107,,N,E,I,A,A,H,-,A,D,0,,,Y,,Y,,C,02,1,0,0,0,0,0,0,0,1,"- ","- ",32.693519592285156,-117.12142181396484,"SAN DIEGO","SAN DIEGO",-117.12149047851562,32.69354248046875
91052900,2019,2019-08-15,9650,2019-08-08,0100,019191,,4,3,9,3700,0,1,1,,2,003,"I-5 S/B","FALLBROOK JCT OH",1056.00,N,N,A,-,Y,,,5,,,,,,S,Y,2,0,1,2,A,-,03,22350,,N,C,C,A,A,H,-,D,D,0,,,,Y,Y,,A,01,1,0,0,0,0,0,0,0,0,"- ","- ",33.227310180664062,-117.39768981933594,"SAN DIEGO",UNINCORPORATED,-117.39769744873047,33.227302551269531
9105298,2020,2020-07-31,3700,2020-04-06,0500,0189,,1,5,4,3780,0,0,0,,0,412,"POWAY AV","BLUE CRYSTAL TRLS",1539.00,E,N,C,-,N,,,,,,,,,,Y,2,0,1,1,A,-,03,22350,,N,E,I,A,B,H,-,D,D,0,,,,,Y,,A,01,1,0,0,0,0,0,0,0,0,"- ","- ",,,"SAN DIEGO",POWAY,-117.00016784667969,32.9759521484375
91053462,2019,2019-08-16,9680,2019-08-06,1330,016535,,2,1,9,3700,0,3,5,,2,003,"RIVERSIDE DR","OLDE HIGHWAY 80",3168.00,N,N,A,-,N,,,,,,,,,,Y,2,0,1,1,A,-,08,22107,,N,E,I,A,A,H,-,A,D,0,,,,,Y,,A,07,1,0,0,0,0,0,0,0,0,"- ","- ",32.850269317626953,-116.61398315429688,"SAN DIEGO",UNINCORPORATED,-116.61398315429688,32.850269317626953
91053677,2019,2019-08-16,9680,2019-04-29,0547,017621,,1,3,9,3700,0,3,5,,2,009,"BLACK CANYON ROAD","PILE STREET",955.00,N,N,B,-,N,,,,,,,,,,Y,1,1,0,1,A,-,01,23152,A,N,E,I,A,B,H,-,B,A,0,,,,,Y,Y,A,07,0,0,0,0,0,0,0,0,0,"- ","- ",33.072151184082031,-116.84523010253906,"SAN DIEGO",UNINCORPORATED,-116.84527587890625,33.071929931640625
91054224,2019,2019-08-19,9645,2019-04-28,1953,020265,,7,2,7,3711,0,1,1,,2,011,"I-805 S/B TO SR-94 E/B","FEDERAL BLVD. U/C",151.00,N,N,A,-,Y,,,805,,,,R,,S,Y,1,1,0,1,A,-,08,22107,,N,E,J,A,A,H,-,D,D,0,,,,,Y,,A,07,0,0,0,0,0,0,0,0,0,"- ","- ",32.721500396728516,-117.10350036621094,"SAN DIEGO","SAN DIEGO",-117.10350036621094,32.721500396728516
91056692,2019,2019-08-21,9680,2019-08-10,0250,019936,,6,3,9,3700,0,1,1,,2,085,"I-8 EASTBOUND","PINE VALLEY RD",71.00,E,N,A,-,Y,,,8,,,,,,E,Y,2,0,1,1,A,-,01,23152,A,N,E,I,A,A,H,-,C,D,0,,,,,Y,Y,A,01,1,0,0,0,0,0,0,0,0,"- ","- ",32.817848205566406,-116.53233337402344,"SAN DIEGO",UNINCORPORATED,-116.53234100341797,32.817794799804688
91057550,2019,2019-08-22,9680,2019-08-12,1240,017996,,1,1,9,3700,0,3,5,,2,002,"OTAY LAKES ROAD","MPM 7.5",175.00,W,N,A,-,Y,,,,,,,,,,Y,2,0,1,1,A,-,08,22107,,N,F,A,A,A,H,-,A,D,0,,,Y,,Y,,C,02,1,0,0,0,0,0,0,0,1,"- ","- ",32.636699676513672,-116.88390350341797,"SAN DIEGO",UNINCORPORATED,,
91058400,2019,2019-08-23,9680,2019-05-01,1248,015733,,3,1,9,3700,0,2,4,,1,095,"SAN VICENTE ROAD","VISTA VICENTE DRIVE",0.00,,Y,A,-,N,,,,,,,,,,Y,1,1,0,2,A,-,01,23152,F,N,D,C,A,A,H,-,A,A,0,,,Y,,Y,,C,02,0,0,0,0,0,0,0,1,0,"- ","- ",33.005508422851562,-116.81925201416016,"SAN DIEGO",UNINCORPORATED,-116.81922149658203,33.005649566650391
91058698,2019,2019-08-26,9650,2019-08-15,0800,017328,,4,1,6,3706,0,1,1,,2,023,"I-15 S/B","ROCK SPRINGS RD. U/C",1080.00,S,N,A,-,Y,,,15,,,,,,S,Y,2,0,1,2,A,-,07,21658,A,N,B,C,A,A,H,-,A,D,0,,,Y,,Y,,A,07,1,0,0,0,0,0,0,0,1,"- ","- ",33.131210327148438,-117.10536956787109,"SAN DIEGO",ESCONDIDO,-117.1053466796875,33.131210327148438
91059027,2019,2019-08-26,9645,2019-08-02,2349,019867,,5,3,7,3711,0,1,1,,2,010,"I-8 W/B","OF WARING RD",70.00,E,N,A,-,Y,,,8,,,,,,W,Y,2,0,2,2,A,-,01,23152,A,N,C,C,A,A,H,-,C,D,0,,,,,Y,Y,A,01,2,0,0,0,0,0,0,0,0,"- ","- ",32.781169891357422,-117.08708953857422,"SAN DIEGO","SAN DIEGO",-117.08708953857422,32.781131744384766
91060766,2019,2019-08-27,9680,2019-08-13,1353,019496,,2,1,5,3708,0,1,3,,2,028,"SR-125 N/B","AMAYA DR.",211.00,N,N,A,-,Y,,,125,,,,,,N,Y,2,0,1,2,A,-,08,22107,,N,E,I,A,A,H,-,A,D,0,,,,,Y,,A,01,1,0,0,0,0,0,0,0,0,"- ","- ",32.787288665771484,-117.00614166259766,"SAN DIEGO","LA MESA",-117.00625610351562,32.787269592285156
91061184,2019,2019-08-28,9645,2019-08-17,1257,016838,,6,1,7,3711,0,1,1,,2,021,"SR-15 N/B","WIGHTMAN  STREET",219.00,N,N,A,-,Y,,,15,,,,,,N,Y,2,0,1,1,A,-,08,22107,,N,F,A,A,A,H,-,A,D,0,,,Y,,Y,,C,02,1,0,0,0,0,0,0,0,1,"- ","- ",32.748538970947266,-117.10852813720703,"SAN DIEGO","SAN DIEGO",-117.10858154296875,32.748538970947266
91061826,2019,2019-08-28,9680,2019-08-17,1900,020951,,6,2,9,3700,0,3,5,,2,001,"EL NOPAL (11000 E. BLOCK)","HOLDEN TRAILS RD",40.00,W,N,A,-,N,,,,,,,,,,Y,2,0,1,2,A,-,03,22350,,N,A,C,A,A,H,-,A,A,0,,,,,Y,Y,A,01,1,0,0,0,0,0,0,0,0,"- ","- ",32.861110687255859,-116.95481109619141,"SAN DIEGO",UNINCORPORATED,-116.95697021484375,32.863540649414062
91062165,2019,2019-08-29,9645,2019-08-08,2005,021263,,4,2,7,3711,0,1,3,,2,023,"STATE ROUTE 163 NORTHBOUND","MESA COLLEGE DRIVE",900.00,S,N,A,-,Y,,,163,,,,,,N,Y,2,0,2,3,A,-,03,22350,,N,C,C,A,A,H,-,A,D,0,,,,,Y,,A,01,1,0,1,0,0,0,0,0,0,"- ","- ",32.799591064453125,-117.15605163574219,"SAN DIEGO","SAN DIEGO",-117.15605163574219,32.799591064453125
9106231,2020,2020-10-27,3711,2020-05-11,2115,SD7233,,1,5,7,3711,0,0,0,,0,446,"IMPERIAL AV","47TH ST",600.00,E,N,A,-,N,,,,,,,,,,Y,2,0,4,3,A,-,05,21651,B,N,A,C,A,A,H,-,C,D,0,,,,,Y,,A,01,2,0,2,0,0,0,0,0,0,"- ","- ",,,"SAN DIEGO","SAN DIEGO",-117.09175872802734,32.704143524169922
9106233,2020,2020-10-27,3711,2020-05-28,1200,SD7976,,4,5,7,3711,0,0,0,,0,621,"COMSTOCK ST","GIFFORD WY",0.00,,Y,-,-,N,,,,,,,,,,N,2,0,1,1,D,-,00,,,N,-,-,A,-,-,-,-,-,0,,Y,,,Y,Y,-,"- ",1,0,0,0,0,0,1,0,0,"- ","- ",,,"SAN DIEGO","SAN DIEGO",-117.17337036132812,32.784130096435547
91062446,2019,2019-08-29,9650,2019-08-28,1510,017780,,3,2,5,3713,0,1,3,,2,017,"SR-78 W/B","EMERALD AVE",1584.00,E,N,A,-,Y,,,78,,,,,,W,Y,2,0,1,1,A,-,03,22350,,N,F,A,A,A,H,-,A,D,0,,,Y,,Y,,C,02,1,0,0,0,0,0,0,0,1,"- ","- ",33.190280914306641,-117.27497863769531,"SAN DIEGO",VISTA,-117.27498626708984,33.190296173095703
91064255,2019,2019-08-30,9645,2019-07-21,0625,021873,,7,1,7,3711,0,1,1,,2,001,"I-5 S/B","CAMINO DE LA PLAZA",528.00,S,N,A,-,Y,,,5,,,,,,S,Y,2,0,1,1,A,-,01,23152,A,N,E,I,A,A,H,-,B,D,0,,,Y,,Y,Y,C,02,1,0,0,0,0,0,0,0,1,"- ","- ",32.544200897216797,-117.03260803222656,"SAN DIEGO","SAN DIEGO",-117.03269195556641,32.544307708740234
91064442,2019,2019-10-30,9645,2019-08-02,0222,021523,,5,3,7,3711,0,1,1,,2,027,"I-15 SOUTHBOUND","CLAIREMONT MESA BLVD",220.00,S,N,A,-,Y,,,15,,,,,,S,Y,2,0,1,2,A,-,08,22107,,N,B,C,A,A,H,-,C,D,0,,,,,Y,,A,01,1,0,0,0,0,0,0,0,0,"- ","- ",32.828441619873047,-117.11820220947266,"SAN DIEGO","SAN DIEGO",-117.11798858642578,32.828495025634766
91064596,2019,2019-08-30,9650,2019-08-16,1510,017392,,5,2,9,3700,0,3,5,,2,070,"CALZADA DEL BOSQUE","VIA DEL ALBA",400.00,N,N,A,-,N,,,,,,,,,,Y,2,0,2,2,A,-,08,22107,,N,H,C,A,A,H,-,A,D,0,,,,,Y,,A,01,1,0,1,0,0,0,0,0,0,"- ","- ",33.005699157714844,-117.21260070800781,"SAN DIEGO",UNINCORPORATED,-117.21351623535156,33.00604248046875
9106509,2020,2020-06-17,3710,2020-02-14,1812,OC0873,,5,5,6,3710,0,0,0,,0,008,"OCEANSIDE BL","VINE ST",550.00,W,N,A,-,N,,,,,,,,,,Y,2,0,2,4,A,-,05,21460,A,F,C,C,A,A,H,-,C,D,0,,,Y,,Y,,-,99,2,0,0,0,0,0,0,0,2,"- ","- ",,,"SAN DIEGO",OCEANSIDE,-117.36500549316406,33.187465667724609
91065090,2019,2019-09-02,9650,2019-08-26,0045,021528,,1,3,9,3700,0,1,1,,2,021,"I-15 S/B","GOPHER CANYON RD",750.00,S,N,A,-,Y,,,15,,,,,,S,N,2,0,1,2,A,-,08,22107,,F,G,B,E,A,H,-,D,D,0,Y,,,,Y,,-,99,1,0,0,0,1,0,0,0,0,"- ","- ",33.250911712646484,-117.15538024902344,"SAN DIEGO",UNINCORPORATED,-117.15531158447266,33.250938415527344
91065899,2019,2019-09-03,9645,2019-07-25,1258,016474,,4,1,7,3711,0,1,1,,2,007,"I-5 NORTHBOUND","VIA DE LA VALLE",2640.00,S,N,A,-,Y,,,5,,,,,,N,Y,2,0,3,6,A,-,08,22107,,N,B,C,A,A,H,-,A,D,0,,,,,Y,,E,22,1,1,1,0,0,0,0,0,0,"- ","- ",32.968368530273438,-117.24861907958984,"SAN DIEGO","SAN DIEGO",-117.24860382080078,32.968376159667969