CASE_ID,ACCIDENT_YEAR,PROC_DATE,JURIS,COLLISION_DATE,COLLISION_TIME,OFFICER_ID,REPORTING_DISTRICT,DAY_OF_WEEK,CHP_SHIFT,POPULATION,CNTY_CITY_LOC,SPECIAL_COND,BEAT_TYPE,CHP_BEAT_TYPE,CITY_DIVISION_LAPD,CHP_BEAT_CLASS,BEAT_NUMBER,PRIMARY_RD,SECONDARY_RD,DISTANCE,DIRECTION,INTERSECTION,WEATHER_1,WEATHER_2,STATE_HWY_IND,CALTRANS_COUNTY,CALTRANS_DISTRICT,STATE_ROUTE,ROUTE_SUFFIX,POSTMILE_PREFIX,POSTMILE,LOCATION_TYPE,RAMP_INTERSECTION,SIDE_OF_HWY,TOW_AWAY,COLLISION_SEVERITY,NUMBER_KILLED,NUMBER_INJURED,PARTY_COUNT,PRIMARY_COLL_FACTOR,PCF_CODE_OF_VIOL,PCF_VIOL_CATEGORY,PCF_VIOLATION,PCF_VIOL_SUBSECTION,HIT_AND_RUN,TYPE_OF_COLLISION,MVIW,PED_ACTION,ROAD_SURFACE,ROAD_COND_1,ROAD_COND_2,LIGHTING,CONTROL_DEVICE,CHP_ROAD_TYPE,PEDESTRIAN_ACCIDENT,BICYCLE_ACCIDENT,MOTORCYCLE_ACCIDENT,TRUCK_ACCIDENT,NOT_PRIVATE_PROPERTY,ALCOHOL_INVOLVED,STWD_VEHTYPE_AT_FAULT,CHP_VEHTYPE_AT_FAULT,COUNT_SEVERE_INJ,COUNT_VISIBLE_INJ,COUNT_COMPLAINT_PAIN,COUNT_PED_KILLED,COUNT_PED_INJURED,COUNT_BICYCLIST_KILLED,COUNT_BICYCLIST_INJURED,COUNT_MC_KILLED,COUNT_MC_INJURED,PRIMARY_RAMP,SECONDARY_RAMP,LATITUDE,LONGITUDE,COUNTY,CITY,POINT_X,POINT_Y
91563900,2021,2022-02-10,9680,2021-06-03,1800,018979,,4,2,9,3700,0,1,1,,2,083,"INTERSTATE 8 WESTBOUND","TAVERN ROAD",1990.00,W,N,A,-,Y,,,8,,,,,,W,Y,1,1,3,2,A,-,03,22350,,N,C,C,A,A,H,-,A,A,0,,,,,Y,,A,01,3,0,0,0,0,0,0,0,0,"- ","- ",32.83966064453125,-116.78603363037109,"SAN DIEGO",UNINCORPORATED,-116.78604125976562,32.839584350585938
91565082,2021,2021-09-08,9645,2021-08-29,1200,018936,,7,1,7,3711,0,1,3,,2,002,"SR-905 E/B","LA MEDIA ROAD",1500.00,E,N,A,-,Y,,,,,,,,,,N,2,0,2,1,A,-,08,22107,,N,F,A,A,A,H,-,A,D,0,,,Y,,Y,,C,02,1,1,0,0,0,0,0,0,2,"- ","- ",32.563949584960938,-117.95939636230469,"SAN DIEGO","SAN DIEGO",-116.95822143554688,32.564048767089844
91565660,2021,2021-09-08,9650,2021-08-22,1805,021200,,7,2,9,3700,0,3,5,,2,006,"GIRD ROAD","OAK CLIFF DRIVE",500.00,S,N,A,-,N,,,,,,,,,,Y,2,0,1,1,A,-,08,22107,,N,F,A,A,A,H,-,A,D,0,,,Y,,Y,Y,C,02,1,0,0,0,0,0,0,0,1,"- ","- ",33.334918975830078,-117.18991851806641,"SAN DIEGO",UNINCORPORATED,-117.18987274169922,33.3341064453125
91566521,2021,2021-09-09,9680,2021-08-27,2150,017996,,5,2,5,3708,0,1,1,,2,081,"I-8 W/B TO SR-125 S/B","I-8 E/B",271.00,S,N,A,-,Y,,,8,,,,R,,W,Y,2,0,3,1,A,-,01,23152,A,F,E,I,A,A,H,-,D,A,0,,,,,Y,Y,A,01,1,1,1,0,0,0,0,0,0,"- ","- ",32.776340484619141,-117.00370788574219,"SAN DIEGO","LA MESA",-117.00370788574219,32.776340484619141
91566913,2021,2021-09-10,9680,2021-08-27,0545,022675,,5,3,9,3700,0,1,3,,1,024,"SR-94 (CAMPO RD)","JAMACHA BLVD",69.00,W,N,A,-,Y,,,94,,,,,,,Y,2,0,1,2,A,-,09,21453,C,N,A,C,A,A,H,-,B,A,0,,,Y,,Y,,D,22,1,0,0,0,0,0,0,0,1,"- ","- ",32.74005126953125,-116.95175170898438,"SAN DIEGO",UNINCORPORATED,-116.95177459716797,32.740001678466797
91567596,2021,2021-09-10,9650,2021-08-31,1905,016516,,2,2,9,3700,0,3,5,,2,006,"GREEN CANYON RD.","GREEN BRIAR CIR",272.00,N,N,A,-,N,,,,,,,,,,Y,2,0,2,1,A,-,01,23152,A,N,E,I,A,A,H,-,D,D,0,,,,,Y,Y,A,07,2,0,0,0,0,0,0,0,0,"- ","- ",33.364231109619141,-117.21497344970703,"SAN DIEGO",UNINCORPORATED,-117.21647644042969,33.358940124511719
91567670,2021,2021-09-10,9650,2021-09-01,2010,021435,,3,2,9,3700,0,3,5,,2,211,"N. LAKE WOHLFORD RD.","CANAL RD.",815.00,S,N,A,-,N,,,,,,,,,,Y,2,0,1,1,A,-,08,22107,,N,E,I,A,A,H,-,D,D,0,,,,,Y,,A,01,1,0,0,0,0,0,0,0,0,"- ","- ",33.223289489746094,-116.97461700439453,"SAN DIEGO",UNINCORPORATED,-116.97133636474609,33.216758728027344
91570084,2021,2021-09-14,9645,2021-09-14,0810,016156,,2,1,7,3711,0,1,1,,2,010,"I-8 E/B TO I-15 S/B",I-15,140.00,W,N,A,-,Y,,,8,,,,R,,E,Y,2,0,2,1,A,-,08,22107,,N,E,I,A,A,D,-,A,D,0,,,,,Y,,D,22,1,1,0,0,0,0,0,0,0,"- ","- ",32.777778625488281,-117.11283111572266,"SAN DIEGO","SAN DIEGO",-117.11283111572266,32.777778625488281
91570193,2021,2021-09-14,9645,2021-09-02,2045,020561,,4,2,7,3711,0,1,1,,2,011,"I-805 N/B","EL CAJON BLVD. O/C",233.00,N,N,A,-,Y,,,805,,,,,,N,Y,2,0,2,1,A,-,08,22107,,N,E,I,A,A,H,-,D,D,0,,,,,Y,,A,01,1,0,1,0,0,0,0,0,0,"- ","- ",32.756080627441406,-117.12496948242188,"SAN DIEGO","SAN DIEGO",-117.12503814697266,32.756061553955078
91572431,2021,2021-09-16,9650,2021-08-15,0851,019490,,7,1,9,3700,0,1,1,,2,001,"I-5 S/B","LAS PULGAS RD",6336.00,N,N,A,-,Y,,,5,,,,,,S,Y,1,1,3,1,A,-,01,23152,A,N,E,I,A,A,H,-,A,D,0,,,,,Y,Y,A,07,1,2,0,0,0,0,0,0,0,"- ","- ",33.311458587646484,-117.48036193847656,"SAN DIEGO",UNINCORPORATED,-117.48025512695312,33.311565399169922
91572919,2021,2021-09-17,9645,2021-09-02,0221,018987,,4,3,7,3711,0,1,1,,2,015,"I-805 SOUTHBOUND","CLAIREMONT MESA BOULEVARD",2735.00,N,N,A,-,Y,,,805,,,,,,S,Y,2,0,1,1,A,-,08,22107,,N,E,I,A,A,H,-,D,D,0,,,,,Y,,A,01,1,0,0,0,0,0,0,0,0,"- ","- ",32.840339660644531,-117.17381286621094,"SAN DIEGO","SAN DIEGO",-117.17391967773438,32.84027099609375
91573107,2021,2021-11-03,9650,2021-09-02,1200,015081,,4,1,9,3700,0,2,4,,1,027,"RIDGE RANCH RD","COUNTY HIGHWAY S6 (VALLEY CENTER RD) N/B",0.00,,Y,A,-,N,,,,,,,,,,Y,2,0,1,2,A,-,09,21802,A,N,D,C,A,A,H,-,A,A,0,,,,,Y,,E,22,1,0,0,0,0,0,0,0,0,"- ","- ",33.198501586914062,-117.03074645996094,"SAN DIEGO",UNINCORPORATED,-117.03082000000001,33.198386999999997
91579243,2021,2021-09-24,9650,2021-09-18,1410,020673,,6,2,9,3700,0,3,5,,1,212,"W. LILAC RD.","ROADRUNNER RIDGE",805.00,E,N,A,-,N,,,,,,,,,,Y,2,0,1,2,A,-,08,22107,,N,A,C,A,A,H,-,A,D,0,,,,,Y,,D,22,1,0,0,0,0,0,0,0,0,"- ","- ",33.270549774169922,-117.09610748291016,"SAN DIEGO",UNINCORPORATED,-117.09629821777344,33.270580291748047
91579748,2021,2021-09-27,9650,2021-09-25,0556,015446,,6,3,9,3700,0,1,1,,2,021,"I-15 SOUTHBOUND","LILAC ROAD O/C",2640.00,N,N,A,-,Y,,,15,,,,,,S,Y,2,0,1,2,A,-,01,23152,A,N,C,C,A,A,H,-,D,D,0,,,,Y,Y,Y,A,01,1,0,0,0,0,0,0,0,0,"- ","- ",33.315498352050781,-117.15367126464844,"SAN DIEGO",UNINCORPORATED,-117.15366363525391,33.315502166748047
91580108,2021,2021-09-27,9645,2021-09-21,1705,019054,,2,2,7,3711,0,1,1,,2,010,"I-8 W/B TO MISSION GORGE ROAD","MISSION GORGE ROAD",250.00,E,N,A,-,Y,,,8,,,,R,,W,Y,2,0,1,1,A,-,03,22350,,N,E,I,A,A,H,-,A,D,0,,,Y,,Y,,C,02,1,0,0,0,0,0,0,0,1,"- ","- ",32.779811859130859,-117.10031127929688,"SAN DIEGO","SAN DIEGO",-117.10031127929688,32.779811859130859
91581874,2021,2021-09-28,9645,2021-07-08,1341,020561,,4,1,7,3711,0,1,3,,2,002,"SR-905 E/B","CALIENTE AVE, O/C",3960.00,W,N,A,-,Y,,,905,,,,,,E,Y,2,0,2,2,A,-,03,22350,,N,C,C,A,A,H,-,A,D,0,,,,,Y,,D,22,1,0,1,0,0,0,0,0,0,"- ","- ",32.568828582763672,-117.02726745605469,"SAN DIEGO","SAN DIEGO",-117.0272216796875,32.568286895751953
91581950,2021,2021-09-28,9645,2021-09-12,0015,020623,,7,3,7,3711,0,1,1,,2,010,"I-8 E/B",I-15,1214.00,W,N,A,-,Y,,,8,,,,,,E,Y,2,0,6,2,A,-,01,23152,A,N,C,C,A,A,H,-,D,D,0,,,,,Y,Y,A,01,1,1,4,0,0,0,0,0,0,"- ","- ",32.778591156005859,-117.10812377929688,"SAN DIEGO","SAN DIEGO",-117.10811614990234,32.778583526611328
91581994,2021,2021-09-28,9645,2021-08-28,1410,020561,,6,2,7,3711,0,1,1,,2,017,"I-15 S/B","CARROL CANYON RD.",1239.00,S,N,A,-,Y,,,15,,,,,,S,Y,2,0,1,1,A,-,08,22107,,N,E,8,A,A,H,-,A,D,0,,,,,Y,,D,22,1,0,0,0,0,0,0,0,0,"- ","- ",32.899940490722656,-117.11692047119141,"SAN DIEGO","SAN DIEGO",-117.1165771484375,32.899951934814453
91582596,2021,2021-09-29,9645,2021-09-07,0450,021651,,2,3,7,3711,0,1,1,,2,027,"I-15 S/B","FRIARS RD. O/C",1500.00,N,N,A,-,Y,,,15,,,,,,S,Y,2,0,1,1,C,-,18,,,N,E,J,A,A,H,-,D,D,0,,,,,Y,,-,"- ",1,0,0,0,0,0,0,0,0,"- ","- ",32.794288635253906,-117.11212921142578,"SAN DIEGO","SAN DIEGO",-117.11214447021484,32.794292449951172
91582659,2021,2021-09-29,9645,2021-08-30,0113,021651,,1,3,7,3711,0,1,1,,2,009,"I-805 S/B TO IMPERIAL AVE.","IMPERIAL AVE.",50.00,N,N,A,-,Y,,,805,,,,R,,S,Y,2,0,1,1,A,-,01,23152,A,N,F,A,A,A,H,-,C,A,0,,,Y,,Y,Y,C,02,1,0,0,0,0,0,0,0,1,"- ","- ",32.704509735107422,-117.09597778320312,"SAN DIEGO","SAN DIEGO",-117.09597778320312,32.704509735107422
91582733,2021,2021-12-14,9650,2021-08-31,2500,021463,,2,4,9,3700,0,3,5,,2,231,"BEAR VALLEY PKY","ELDORADO DR",234.50,N,N,B,-,N,,,,,,,,,,Y,1,1,0,1,A,-,01,23152,A,N,E,I,A,A,H,-,D,D,0,,,,,Y,Y,A,01,0,0,0,0,0,0,0,0,0,"- ","- ",33.104728698730469,-117.05335998535156,"SAN DIEGO",UNINCORPORATED,-117.05329132080078,33.104667663574219
9158432,2020,2021-03-05,3711,2020-08-23,1523,SD7759,,7,5,7,3711,0,0,0,,0,123,"WEST MISSION BAY DR","WEST MISSION BAY DR 2323",0.00,,-,A,-,N,,,,,,,,,,Y,2,0,3,3,A,-,03,22405,A,N,C,C,A,A,H,-,A,D,0,,,,,Y,Y,D,23,1,0,2,0,0,0,0,0,0,"- ","- ",,,"SAN DIEGO","SAN DIEGO",,
9158565,2020,2020-11-17,3711,2020-09-13,2239,SD6210,,7,5,7,3711,0,0,0,,0,615,"ROSECRANS ST","BYRON ST",19.00,N,N,A,-,N,,,,,,,,,,N,2,0,1,2,A,-,12,21453,A,N,E,J,A,A,H,-,C,A,0,,,Y,,Y,Y,C,03,1,0,0,0,0,0,0,0,1,"- ","- ",,,"SAN DIEGO","SAN DIEGO",-117.23093414306641,32.722633361816406
91585752,2021,2021-10-01,9650,2021-09-23,2130,022031,,4,2,5,3713,0,1,3,,2,017,"SR-78 E/B","SYCAMORE AVE",1400.00,W,N,A,-,Y,,,78,,,,,,E,Y,2,0,1,1,A,-,08,22107,,N,E,I,A,D,H,-,D,D,0,,,,,Y,,M,47,1,0,0,0,0,0,0,0,0,"- ","- ",33.169288635253906,-117.21867370605469,"SAN DIEGO",VISTA,-117.21864318847656,33.169357299804688
91585780,2021,2021-10-01,9650,2021-09-20,1850,019346,,1,2,9,3700,0,3,5,,2,211,"CHAMPAGNE BOULEVARD","MOUNTAIN MEADOW ROAD",5200.00,N,N,A,-,N,,,,,,,,,,Y,2,0,2,2,A,-,08,22107,,N,A,C,A,A,H,-,B,D,0,,,,,Y,,A,07,1,1,0,0,0,0,0,0,0,"- ","- ",33.203361511230469,-117.12837982177734,"SAN DIEGO",UNINCORPORATED,-117.13274383544922,33.210033416748047
91585960,2021,2022-02-10,9650,2021-07-24,0225,021992,,6,3,9,3700,0,1,1,,2,021,"I-15 N/B","DULIN ROAD",320.00,S,N,A,-,Y,,,15,,,,,,N,Y,1,1,0,1,A,-,08,22107,,N,E,8,A,A,H,-,D,D,0,,,,Y,Y,,F,26,0,0,0,0,0,0,0,0,0,"- ","- ",33.322731018066406,-117.15766906738281,"SAN DIEGO",UNINCORPORATED,-117.15763854980469,33.322742462158203
91587155,2021,2023-03-14,9650,2021-08-21,2102,021154,,6,2,9,3700,0,1,3,,2,019,"SR-78 E/B","METCALF STREET",134.00,E,N,A,-,Y,,,78,,,,,,E,Y,1,1,1,2,A,-,08,22107,,N,H,G,A,A,H,-,D,D,0,,Y,,,Y,,L,04,0,1,0,0,0,1,0,0,0,"- ","- ",33.127861022949219,-117.10189056396484,"SAN DIEGO",UNINCORPORATED,-117.10188293457031,33.127834320068359
91589475,2021,2021-10-06,9645,2021-10-03,1140,017717,,7,1,7,3711,0,1,3,,2,023,"SR-163 N/B FROM 6TH AVE",SR-163,40.00,W,N,A,-,Y,,,163,,,,R,,N,Y,2,0,1,1,A,-,08,22107,,N,F,A,A,A,H,-,A,D,0,,,Y,,Y,,C,02,1,0,0,0,0,0,0,0,1,"- ","- ",32.752731323242188,-117.157470703125,"SAN DIEGO","SAN DIEGO",-117.157470703125,32.752731323242188
91590588,2021,2021-10-07,9680,2021-09-25,1800,022465,,6,2,9,3700,0,3,5,,2,002,"KEMPTON STREET","OUTINDA STREET",180.00,S,N,A,-,Y,,,,,,,,,,Y,2,0,1,2,A,-,01,23152,A,N,C,E,A,A,H,-,A,D,0,,,,,Y,Y,A,01,1,0,0,0,0,0,0,0,0,"- ","- ",32.704929351806641,-117.00200653076172,"SAN DIEGO",UNINCORPORATED,-117.00193786621094,32.704967498779297
91590723,2021,2021-10-07,9645,2021-10-06,1525,020066,,3,2,7,3711,0,1,1,,2,021,"SR-15 S/B","NATIONAL AVE.",100.00,S,N,B,-,Y,,,15,,,,,,S,Y,2,0,1,4,A,-,03,22350,,N,C,C,A,A,H,-,A,D,0,,,,,Y,,A,08,1,0,0,0,0,0,0,0,0,"- ","- ",32.695819854736328,-117.12090301513672,"SAN DIEGO","SAN DIEGO",-117.12108612060547,32.695823669433594
9159466,2020,2020-12-23,3711,2020-10-06,1135,SD6946,,2,5,7,3711,0,0,0,,0,613,"MIDWAY DR","KEMPER ST",0.00,,Y,B,-,N,,,,,,,,,,Y,2,0,1,2,A,-,12,21453,A,F,D,G,A,A,H,-,A,A,0,,Y,,,Y,,L,04,1,0,0,0,0,0,1,0,0,"- ","- ",,,"SAN DIEGO","SAN DIEGO",-117.21515655517578,32.752128601074219
9159494,2020,2020-12-17,3711,2020-10-04,1715,SD6958,,7,5,7,3711,0,0,0,,0,621,"OSLER ST","GENESEE AV",0.00,,Y,A,-,N,,,,,,,,,,Y,2,0,3,4,A,-,03,22350,,N,C,C,A,A,H,-,A,A,0,,,,,Y,Y,A,01,1,0,2,0,0,0,0,0,0,"- ","- ",,,"SAN DIEGO","SAN DIEGO",-117.17031860351562,32.793781280517578
91595127,2021,2021-10-13,9645,2021-10-11,2209,017667,,1,3,7,3711,0,1,3,,2,022,"SR-56 E/B","RANCHO PENASQUITOS BLVD.",1200.00,W,N,B,-,Y,,,56,,,,,,E,N,2,0,1,2,A,-,11,21954,A,N,G,B,E,A,H,-,C,D,0,Y,,,,Y,,N,60,1,0,0,0,1,0,0,0,0,"- ","- ",32.9556884765625,-117.12164306640625,"SAN DIEGO","SAN DIEGO",-117.12163543701172,32.955669403076172
91598377,2021,2021-10-18,9650,2021-10-15,1443,021933,,5,2,9,3700,0,1,3,,1,028,SR-76,"PAUMA RANCHO RD.",786.00,W,N,A,-,Y,,,76,,,,,,,N,2,0,1,1,C,-,18,,,N,H,H,A,A,H,-,A,D,0,,,Y,,Y,,-,"- ",1,0,0,0,0,0,0,0,1,"- ","- ",33.301719665527344,-116.92140197753906,"SAN DIEGO",UNINCORPORATED,-116.92140197753906,33.301727294921875
91600107,2021,2021-10-19,9645,2021-10-07,0053,021523,,4,3,6,3702,0,1,1,,2,001,"I-5 S/B TO J ST.","J STREET",57.00,N,N,A,-,Y,,,,,,,,,,Y,2,0,1,1,A,-,01,23152,A,N,E,8,A,A,H,-,D,D,0,,,,,Y,Y,A,01,1,0,0,0,0,0,0,0,0,"- ","- ",32.836410522460938,-117.63551330566406,"SAN DIEGO","CHULA VISTA",-117.0933837890625,32.622447967529297
91601203,2021,2021-10-20,9650,2021-09-12,0430,019227,,7,3,9,3700,0,1,1,,2,001,"I-5 N/B","BASILONE RD.",21120.00,S,N,A,-,Y,,,5,,,,,,N,Y,2,0,2,2,A,-,01,23152,A,N,A,C,A,A,H,-,C,D,0,,,,,Y,Y,A,01,1,0,1,0,0,0,0,0,0,"- ","- ",33.352958679199219,-117.52587127685547,"SAN DIEGO",UNINCORPORATED,-117.52584075927734,33.353000640869141
91601227,2021,2021-10-20,9650,2021-10-09,1601,021933,,6,2,9,3700,0,1,3,,1,028,SR-76,"MAGEE RD",3330.00,E,N,A,-,Y,,,76,,,,,,,Y,2,0,1,3,A,-,06,21750,,N,C,C,A,A,H,-,A,D,0,,,Y,,Y,,C,02,1,0,0,0,0,0,0,0,1,"- ","- ",33.361461639404297,-117.04667663574219,"SAN DIEGO",UNINCORPORATED,-117.04668426513672,33.3614501953125
91601757,2021,2021-10-20,9680,2021-06-27,0233,017996,,7,3,9,3700,0,1,3,,1,017,"STATE ROUTE 67","POSTHILL ROAD",0.00,,Y,A,-,Y,,,67,,,,,,,Y,1,1,1,2,A,-,11,21954,A,N,G,B,D,A,H,-,D,D,0,Y,,,,Y,Y,N,60,0,1,0,1,0,0,0,0,0,"- ","- ",32.88800048828125,-116.93280029296875,"SAN DIEGO",UNINCORPORATED,-116.93273162841797,32.88800048828125
91601775,2021,2021-10-20,9680,2021-07-30,1909,021441,,5,2,5,3708,0,1,1,,2,081,"INTERSTATE 8 EASTBOUND","STATE ROUTE 125 NORTHBOUND",295.00,E,N,A,-,Y,,,,,,,,,,Y,1,1,1,1,A,-,01,23152,F,N,E,I,A,A,H,-,A,D,0,,,,,Y,,A,01,0,1,0,0,0,0,0,0,0,"- ","- ",32.776500701904297,-117.00229644775391,"SAN DIEGO","LA MESA",-117.00269317626953,32.778049468994141
91601843,2021,2021-10-20,9645,2021-04-21,2104,015790,,3,2,7,3711,0,1,3,,2,023,"SR-163 S/B TO I-5","EL PRADO (O/C)",300.00,S,N,A,-,Y,,,163,,,,R,,S,Y,1,1,0,2,A,-,05,21202,A,N,D,G,A,A,H,-,D,D,0,,Y,,,Y,,L,04,0,0,0,0,0,1,0,0,0,"- ","- ",32.726799011230469,-117.15630340576172,"SAN DIEGO","SAN DIEGO",-117.15630340576172,32.726799011230469
91601914,2021,2021-10-20,9680,2021-06-09,1740,019555,,3,2,9,3700,0,1,1,,2,084,"INTERSTATE 8 WESTBOUND","VIEJAS CREEK BRIDGE",660.00,E,N,A,-,Y,,,8,,,,,,W,Y,1,1,0,1,A,-,01,23152,G,N,E,I,A,A,H,-,A,D,0,,,Y,,Y,Y,C,02,0,0,0,0,0,0,0,1,0,"- ","- ",32.833751678466797,-116.72305297851562,"SAN DIEGO",UNINCORPORATED,-116.72303771972656,32.833873748779297
91602900,2021,2021-10-21,9680,2021-10-09,1615,018672,,6,2,9,3700,0,1,3,,1,052,"STATE ROUTE 78","RIVERWOOD ROAD",1056.00,E,N,A,-,Y,,,78,,,,,,,Y,2,0,1,1,A,-,08,22107,,N,F,A,A,A,H,-,A,D,0,,,Y,,Y,,C,02,1,0,0,0,0,0,0,0,1,"- ","- ",33.107200622558594,-116.65863800048828,"SAN DIEGO",UNINCORPORATED,-116.65862274169922,33.107177734375
91603514,2021,2021-10-22,9650,2021-07-17,0322,021698,,6,3,9,3700,0,1,1,,2,022,"I-15 S/B","MISSION RD",2307.00,N,N,A,-,Y,,,15,,,,,,S,Y,1,1,1,1,A,-,01,23152,A,N,E,I,A,A,H,-,D,D,0,,,,,Y,Y,A,07,1,0,0,0,0,0,0,0,0,"- ","- ",33.393478393554688,-117.17397308349609,"SAN DIEGO",UNINCORPORATED,-117.173828125,33.393424987792969
91604454,2021,2021-10-25,9650,2021-10-11,1410,020747,,1,2,9,3700,0,3,5,,2,210,"DEER SPRINGS RD","MESA ROCK RD.",2112.00,W,N,A,-,N,,,,,,,,,,Y,2,0,3,1,A,-,08,22107,,N,F,A,A,A,H,-,A,D,0,,,,,Y,,A,07,1,2,0,0,0,0,0,0,0,"- ","- ",33.195320129394531,-117.13517761230469,"SAN DIEGO",UNINCORPORATED,-117.13358306884766,33.195194244384766
91604623,2021,2021-10-25,9650,2021-10-20,0719,015446,,3,1,9,3700,0,3,5,,1,212,"GLENMEADE WAY","MEADOW GLEN WAY",63.00,E,N,A,-,N,,,,,,,,,,N,2,0,1,2,A,-,03,22350,,N,G,B,E,A,H,-,A,D,0,Y,,,,Y,,A,01,1,0,0,0,1,0,0,0,0,"- ","- ",33.218818664550781,-117.11290740966797,"SAN DIEGO",UNINCORPORATED,-117.11237335205078,33.218860626220703
91606582,2021,2021-10-26,9680,2021-10-15,0225,016694,,5,3,9,3700,0,3,5,,2,003,"ARNOLD WAY","BLUE LILAC LN",1360.00,E,N,B,-,N,,,,,,,,,,Y,2,0,1,1,A,-,01,23152,A,N,E,I,A,A,H,-,D,D,0,,,,,Y,Y,D,22,1,0,0,0,0,0,0,0,0,"- ","- ",32.83544921875,-116.79432678222656,"SAN DIEGO",UNINCORPORATED,-116.78697204589844,32.831867218017578
91607710,2021,2021-10-27,9680,2021-10-16,2015,021584,,6,2,9,3700,0,1,3,,1,090,"STATE ROUTE 67 (MAIN STREET)","WYNOLA ST",351.00,S,N,A,-,Y,,,67,,,,,,,Y,2,0,1,2,A,-,09,21804,A,N,D,C,A,A,H,-,C,D,0,,,,,Y,,A,07,1,0,0,0,0,0,0,0,0,"- ","- ",33.025569915771484,-116.89295196533203,"SAN DIEGO",UNINCORPORATED,-116.89287567138672,33.025478363037109
9161132,2020,2020-10-09,3711,2020-09-17,1445,SD7861,,4,5,7,3711,0,0,0,,0,931,"MIRA MAR RD","NOBEL DR",0.00,,Y,A,-,N,,,,,,,,,,N,2,0,1,2,A,-,11,21456,B,N,B,G,A,A,H,-,A,A,0,,Y,,Y,Y,,L,04,1,0,0,0,0,0,1,0,0,"- ","- ",,,"SAN DIEGO","SAN DIEGO",-117.19114685058594,32.876510620117188
91611923,2021,2021-11-01,9645,2021-10-27,0820,016138,,3,1,7,3711,0,1,1,,2,009,"I-805 NORTHBOUND","H ST. O/C",1162.00,N,N,A,-,Y,,,,,,,,,,Y,2,0,1,2,A,-,03,22350,,N,C,C,A,A,H,-,A,D,0,,,,,Y,,A,01,1,0,0,0,0,0,0,0,0,"- ","- ",32.643539428710938,-117.0572509765625,"SAN DIEGO","SAN DIEGO",-117.05728912353516,32.643386840820312
91612685,2021,2021-11-01,9645,2021-08-12,0815,018393,,4,1,7,3711,0,3,5,,2,111,"I-5 S/B","CAMINO DE LA PLAZA O/C",73.00,S,N,A,-,Y,,,5,,,,,,S,Y,1,1,0,1,A,-,03,22350,,N,E,I,A,A,H,-,A,D,0,,,,,Y,,A,01,0,0,0,0,0,0,0,0,0,"- ","- ",32.544189453125,-117.03244781494141,"SAN DIEGO","SAN DIEGO",-117.03269195556641,32.544307708740234
91613612,2021,2021-11-02,9645,2021-09-30,1650,019480,,4,2,7,3711,0,1,1,,2,005,"I-5 SOUTHBOUND","WASHINGTON STREET",1100.00,N,N,A,-,Y,,,5,,,,,,S,Y,2,0,1,2,A,-,01,23152,A,N,B,C,A,A,H,-,A,D,0,,,Y,,Y,Y,A,01,1,0,0,0,0,0,0,0,1,"- ","- ",32.745731353759766,-117.18932342529297,"SAN DIEGO","SAN DIEGO",-117.18937683105469,32.745609283447266
91614597,2021,2021-11-03,9645,2021-10-22,2050,021200,,5,2,6,3702,0,1,1,,2,001,"I-5 NB","J STREET",845.00,S,N,A,-,Y,,,5,,,,,,N,N,2,0,1,1,A,-,08,22107,,N,E,I,A,A,H,-,C,D,0,,,,,Y,,A,01,1,0,0,0,0,0,0,0,0,"- ","- ",32.618309020996094,-117.09158325195312,"SAN DIEGO","CHULA VISTA",-117.09160614013672,32.618301391601562
91615211,2021,2021-12-01,9650,2021-11-02,1505,014886,,2,2,9,3700,0,1,1,,2,001,"I-5 S/B","AGRA U/C",500.00,S,N,A,-,Y,,,5,,,,,,S,Y,1,1,0,1,C,-,18,,,N,E,I,A,A,H,-,A,D,0,,,,,Y,,-,"- ",0,0,0,0,0,0,0,0,0,"- ","- ",33.313640594482422,-117.48197174072266,"SAN DIEGO",UNINCORPORATED,-117.48180389404297,33.313716888427734
91615970,2021,2021-11-04,9650,2021-10-28,0320,020497,,4,3,9,3700,0,3,5,,2,006,"S. MISSION ROAD SOUTHBOUND","MISSION OAKS ROAD",700.00,S,N,A,-,N,,,,,,,,,,Y,2,0,1,1,A,-,01,23152,A,N,E,I,A,A,H,-,D,D,0,,,,,Y,Y,A,01,1,0,0,0,0,0,0,0,0,"- ","- ",33.357639312744141,-117.24727630615234,"SAN DIEGO",UNINCORPORATED,-117.24735260009766,33.357616424560547