CASE_ID,ACCIDENT_YEAR,PROC_DATE,JURIS,COLLISION_DATE,COLLISION_TIME,OFFICER_ID,REPORTING_DISTRICT,DAY_OF_WEEK,CHP_SHIFT,POPULATION,CNTY_CITY_LOC,SPECIAL_COND,BEAT_TYPE,CHP_BEAT_TYPE,CITY_DIVISION_LAPD,CHP_BEAT_CLASS,BEAT_NUMBER,PRIMARY_RD,SECONDARY_RD,DISTANCE,DIRECTION,INTERSECTION,WEATHER_1,WEATHER_2,STATE_HWY_IND,CALTRANS_COUNTY,CALTRANS_DISTRICT,STATE_ROUTE,ROUTE_SUFFIX,POSTMILE_PREFIX,POSTMILE,LOCATION_TYPE,RAMP_INTERSECTION,SIDE_OF_HWY,TOW_AWAY,COLLISION_SEVERITY,NUMBER_KILLED,NUMBER_INJURED,PARTY_COUNT,PRIMARY_COLL_FACTOR,PCF_CODE_OF_VIOL,PCF_VIOL_CATEGORY,PCF_VIOLATION,PCF_VIOL_SUBSECTION,HIT_AND_RUN,TYPE_OF_COLLISION,MVIW,PED_ACTION,ROAD_SURFACE,ROAD_COND_1,ROAD_COND_2,LIGHTING,CONTROL_DEVICE,CHP_ROAD_TYPE,PEDESTRIAN_ACCIDENT,BICYCLE_ACCIDENT,MOTORCYCLE_ACCIDENT,TRUCK_ACCIDENT,NOT_PRIVATE_PROPERTY,ALCOHOL_INVOLVED,STWD_VEHTYPE_AT_FAULT,CHP_VEHTYPE_AT_FAULT,COUNT_SEVERE_INJ,COUNT_VISIBLE_INJ,COUNT_COMPLAINT_PAIN,COUNT_PED_KILLED,COUNT_PED_INJURED,COUNT_BICYCLIST_KILLED,COUNT_BICYCLIST_INJURED,COUNT_MC_KILLED,COUNT_MC_INJURED,PRIMARY_RAMP,SECONDARY_RAMP,LATITUDE,LONGITUDE,COUNTY,CITY,POINT_X,POINT_Y
91616592,2021,2021-11-04,9680,2021-10-23,1855,022106,,6,2,9,3700,0,3,5,,2,002,"DEHESA RD","STALLION OAKS RD",15.00,W,N,A,-,N,,,,,,,,,,Y,2,0,2,2,A,-,05,21460,A,N,A,C,A,A,H,-,D,D,0,,,Y,,Y,,A,01,1,1,0,0,0,0,0,0,1,"- ","- ",32.797088623046875,-116.82875823974609,"SAN DIEGO",UNINCORPORATED,-116.82875823974609,32.797130584716797
91617394,2021,2021-11-05,9645,2021-10-26,2227,021097,,2,3,7,3711,0,1,1,,2,007,"I-5 N/B","VILLA DE LA VALLE",2640.00,S,N,A,-,Y,,,,,,,,,,Y,2,0,2,2,A,-,03,22350,,N,C,C,A,A,H,-,C,D,0,,,,,Y,,A,01,1,0,1,0,0,0,0,0,0,"- ","- ",39.972270965576172,-117.25003051757812,"SAN DIEGO","SAN DIEGO",,
91620192,2021,2021-11-09,9650,2021-11-03,1649,016490,,3,2,9,3700,0,1,3,,2,065,SR-76,"I-15 SOUTHBOUND TO SR-76",0.00,,Y,B,-,Y,,,,,,,,,,Y,2,0,1,1,A,-,21,22106,,N,F,A,A,A,H,-,A,A,0,,,Y,,Y,,C,02,1,0,0,0,0,0,0,0,1,"- ","- ",33.330219268798828,-117.6026611328125,"SAN DIEGO",UNINCORPORATED,-117.15949249267578,33.330905914306641
91624163,2021,2021-11-15,9650,2021-11-03,0824,020673,,3,1,5,3712,0,1,3,,2,019,"SR-78 EASTBOUND","NORDAHL RD.",3130.00,E,N,A,-,Y,,,,,,,,,,Y,2,0,1,3,A,-,07,21658,A,N,C,C,A,A,H,-,A,D,0,,,Y,,Y,,C,02,1,0,0,0,0,0,0,0,1,"- ","- ",33.074081420898438,-117.64399719238281,"SAN DIEGO","SAN MARCOS",-117.1126708984375,33.12823486328125
9162752,2020,2020-11-04,3711,2020-09-27,1356,SD5245,,7,5,7,3711,0,0,0,,0,315,"MISSION VALLEY RD","MURRAY CANYON RD",1056.00,W,N,A,-,N,,,,,,,,,,N,2,0,1,2,A,-,03,22350,,M,H,G,A,A,H,-,A,D,0,,Y,,,Y,,-,,1,0,0,0,0,0,1,0,0,"- ","- ",,,"SAN DIEGO","SAN DIEGO",-117.16101837158203,32.77789306640625
91628842,2021,2021-11-18,9680,2021-11-07,0005,017996,,7,3,9,3700,0,1,3,,1,017,"SR-67 SOUTHBOUND","FOSTER TRUCK TRAIL",6336.00,S,N,A,-,Y,,,67,,,,,,S,Y,2,0,1,1,A,-,01,23152,A,N,F,0,A,A,H,-,D,D,0,,,Y,,Y,Y,C,02,1,0,0,0,0,0,0,0,1,"- ","- ",32.926670074462891,-116.94696044921875,"SAN DIEGO",UNINCORPORATED,-116.9468994140625,32.926719665527344
91630545,2021,2021-11-19,9645,2021-11-17,0732,017717,,3,1,7,3711,0,1,1,,2,005,"I-5 N/B","SEA WORLD DR",2957.00,N,N,A,-,Y,,,5,,,,,,N,Y,2,0,1,3,A,-,03,22350,,N,B,2,A,A,H,-,A,D,0,,,Y,,Y,,C,02,1,0,0,0,0,0,0,0,1,"- ","- ",32.778049468994141,-117.20854187011719,"SAN DIEGO","SAN DIEGO",-117.20844268798828,32.778053283691406
9163133,2020,2022-05-27,3709,2020-09-10,2500,NC0470,,4,5,5,3709,0,0,0,,0,024,"WEST 33RD ST","HOOVER AV",0.00,,Y,A,-,N,,,,,,,,,,N,2,0,2,2,-,-,"- ",,,N,G,B,D,A,H,-,A,D,0,Y,,Y,,Y,,-,"- ",1,1,0,0,1,0,0,0,1,"- ","- ",,,"SAN DIEGO","NATIONAL CITY",-117.10153198242188,32.653228759765625
91631661,2021,2021-11-22,9650,2021-10-31,0120,019227,,7,3,9,3700,0,1,1,,2,005,I-5,"LAS FLORES DR.",20.00,S,N,A,-,Y,,,,,,,,,,Y,2,0,1,2,A,-,03,22350,,N,C,C,A,A,C,-,C,D,0,,,Y,,Y,,C,02,1,0,0,0,0,0,0,0,1,"- ","- ",33.170509338378906,-117.34622955322266,"SAN DIEGO",UNINCORPORATED,-117.34661865234375,33.170612335205078
91632219,2021,2021-11-22,9680,2021-08-06,1320,018672,,5,1,9,3700,0,1,3,,1,051,"STATE ROUTE 79","KQ RANCH ROAD",1056.00,N,N,A,-,Y,,,79,,,,,,,Y,1,1,2,4,A,-,01,23152,F,N,A,C,A,A,H,-,A,A,0,,,Y,,Y,,C,02,0,1,1,0,0,0,0,1,1,"- ","- ",33.035449981689453,-116.56330871582031,"SAN DIEGO",UNINCORPORATED,-116.56328582763672,33.035408020019531
91633277,2021,2021-11-23,9645,2021-03-04,2105,019480,,4,2,7,3711,0,1,1,,2,005,"INTERSTATE 5 SOUTHBOUND","SEA WORLD DR O/C",448.00,N,N,A,-,Y,,,5,,,,,,S,Y,1,1,0,1,A,-,01,23152,A,F,E,I,A,A,H,-,C,D,0,,,,,Y,Y,A,01,0,0,0,0,0,0,0,0,0,"- ","- ",32.771320343017578,-117.20726013183594,"SAN DIEGO","SAN DIEGO",-117.20712280273438,32.771354675292969
91635253,2021,2021-11-25,9650,2021-11-23,1050,013636,,2,1,3,3783,0,1,1,,2,007,"I-5 NORTHBOUND","VIA DE LA VALLE",1056.00,N,N,A,-,Y,,,5,,,,,,N,N,2,0,1,3,A,-,03,22350,,N,B,C,A,A,H,-,A,D,0,,,Y,,Y,,D,22,1,0,0,0,0,0,0,0,1,"- ","- ",32.98358154296875,-117.25440979003906,"SAN DIEGO","SOLANA BEACH",-117.25434875488281,32.983604431152344
91635539,2021,2021-11-26,9650,2021-10-31,0119,019227,,7,3,5,3701,0,1,1,,2,005,"I-5 N/B","LAS FLORES DR.",10.00,S,N,A,-,Y,,,5,,,,,,N,Y,2,0,2,3,A,-,03,22350,,N,C,C,A,A,H,-,C,D,0,,,,,Y,,A,07,1,1,0,0,0,0,0,0,0,"- ","- ",33.170509338378906,-117.34622955322266,"SAN DIEGO",CARLSBAD,-117.34623718261719,33.170505523681641
91635649,2021,2021-11-26,9650,2021-11-20,1805,021992,,6,2,9,3700,0,1,3,,1,028,SR-76,"YUIMA ROAD",665.00,E,N,A,-,Y,,,76,,,,,,,Y,2,0,3,3,A,-,05,21460,A,N,B,C,A,A,H,-,D,D,0,,,,,Y,,A,01,1,0,2,0,0,0,0,0,0,"- ","- ",33.303390502929688,-116.93167877197266,"SAN DIEGO",UNINCORPORATED,-116.93167114257812,33.303371429443359
9163568,2020,2020-11-10,3711,2020-09-20,2354,SD6146,,7,5,7,3711,0,0,0,,0,524,"WEST BROADWAY","KETTNER BL",5.00,E,N,A,-,N,,,,,,,,,,N,2,0,1,2,A,-,11,21456,B,N,G,B,B,A,H,-,C,A,0,Y,,,,Y,,N,60,1,0,0,0,1,0,0,0,0,"- ","- ",,,"SAN DIEGO","SAN DIEGO",-117.16918182373047,32.715770721435547
91636592,2021,2023-01-20,9645,2021-09-26,0221,020165,,7,3,7,3711,0,1,1,,2,010,"INTERSTATE 8 WESTBOUND","PRESIDIO PARK OVER CROSSING",2476.00,E,N,A,-,Y,,,8,,,,,,W,Y,1,1,1,2,A,-,01,23152,A,N,A,D,A,A,H,-,C,D,0,,,,,Y,Y,A,01,0,1,0,0,0,0,0,0,0,"- ","- ",32.759361267089844,-117.17720794677734,"SAN DIEGO","SAN DIEGO",-117.17720794677734,32.759380340576172
91636687,2021,2021-11-29,9645,2021-09-01,0715,016766,,3,1,7,3711,0,1,1,,2,021,"SR-15 S/B","I-805 N/B",1070.00,N,N,B,-,Y,,,15,,,,,,S,Y,1,1,0,1,A,-,08,22107,,N,E,I,A,A,H,-,A,A,0,,,,,Y,,A,01,0,0,0,0,0,0,0,0,0,"- ","- ",32.738010406494141,-117.11383819580078,"SAN DIEGO","SAN DIEGO",-117.11380767822266,32.738010406494141
91639984,2021,2021-12-01,9680,2021-11-17,1800,021584,,3,2,9,3700,0,1,3,,1,052,"STATE ROUTE 78","SAN FELIPE ROAD",20064.00,W,N,A,-,Y,,,78,,,,,,,N,2,0,1,1,A,-,08,22107,,N,F,0,A,A,H,-,D,D,0,,,,,Y,,A,01,1,0,0,0,0,0,0,0,0,"- ","- ",33.078441619873047,-116.53199768066406,"SAN DIEGO",UNINCORPORATED,-116.53197479248047,33.078369140625
91641021,2021,2021-12-02,9680,2021-09-14,2010,022554,,2,2,9,3700,0,1,3,,1,053,"STATE ROUTE 78","RANCHO SANTA TERESA DRIVE",1584.00,W,N,A,-,Y,,,78,,,,,,,Y,1,1,0,1,A,-,01,23152,F,N,F,0,A,A,H,-,D,D,0,,,,,Y,,D,22,0,0,0,0,0,0,0,0,0,"- ","- ",33.083171844482422,-116.78610229492188,"SAN DIEGO",UNINCORPORATED,-116.7861328125,33.083133697509766
91643204,2021,2021-12-06,9645,2021-06-18,2005,020952,,5,2,7,3711,0,1,1,,2,001,"INTERSTATE 5 (SOUTHBOUND)","STATE ROUTE 15",422.00,S,N,A,-,Y,,,5,,,,,,,Y,1,1,0,2,A,-,01,23152,A,N,C,C,A,A,H,-,B,D,0,,,,,Y,Y,A,01,0,0,0,0,0,0,0,0,0,"- ","- ",32.692340850830078,-117.12110900878906,"SAN DIEGO","SAN DIEGO",-117.12109375,32.692359924316406
91645509,2021,2021-12-07,9650,2021-12-05,0630,022106,,7,1,9,3700,0,1,3,,2,065,"SR-76 E/B","MONSERATE HILL RD",528.00,E,N,B,-,Y,,,76,,,,,,E,Y,2,0,1,1,A,-,08,22107,,N,E,I,A,A,H,-,A,D,0,,,,,Y,,A,01,1,0,0,0,0,0,0,0,0,"- ","- ",33.315330505371094,-117.17857360839844,"SAN DIEGO",UNINCORPORATED,-117.17864990234375,33.315742492675781
91647769,2021,2021-12-09,9680,2021-11-25,1910,020780,Vieja,4,2,9,3700,0,3,5,,2,003,"WILLOWS ROAD","VIEJAS GRADE ROAD",2640.00,E,N,A,-,N,,,,,,,,,,Y,2,0,3,2,A,-,01,23152,A,N,A,C,A,A,H,-,C,A,0,,,,,Y,Y,A,01,2,1,0,0,0,0,0,0,0,"- ","- ",32.840400695800781,-116.70877838134766,"SAN DIEGO",UNINCORPORATED,-116.71006774902344,32.840019226074219
91648070,2021,2021-12-09,9680,2021-11-27,1722,022050,,6,2,5,3708,0,1,3,,2,028,"SR-125 S/B","LEMON AVE",1875.00,S,N,A,-,Y,,,125,,,,,,S,Y,2,0,2,1,A,-,03,22350,,N,F,A,A,A,H,-,D,D,0,,,Y,,Y,,C,02,1,1,0,0,0,0,0,0,2,"- ","- ",32.762958526611328,-117.00228118896484,"SAN DIEGO","LA MESA",-117.00225830078125,32.762954711914062
91648959,2021,2022-01-20,9645,2021-09-12,0420,021651,,7,3,7,3711,0,1,1,,2,005,"I-5 N/B","CLAIREMONT DR. O/C",585.00,S,N,A,-,Y,,,5,,,,,,N,Y,1,1,1,1,A,-,01,23152,F,N,E,I,A,A,H,-,D,D,0,,,,,Y,,A,01,1,0,0,0,0,0,0,0,0,"- ","- ",32.788909912109375,-117.20674896240234,"SAN DIEGO","SAN DIEGO",-117.20686340332031,32.788913726806641
91649266,2021,2021-12-10,9645,2021-05-20,1608,020561,,4,2,7,3711,0,1,1,,2,027,"SR-15 N/B TO I-8 W/B","CAMINO DEL RIO SOUTH",368.00,S,N,B,-,Y,,,15,,,,R,,N,Y,1,1,0,2,A,-,08,22107,,N,B,C,A,A,H,-,A,D,0,,,Y,,Y,,A,01,0,0,0,0,0,0,0,1,0,"- ","- ",32.776229858398438,-117.11103820800781,"SAN DIEGO","SAN DIEGO",-117.11103820800781,32.776229858398438
91649524,2021,2021-12-13,9645,2021-12-06,1515,018646,,1,2,7,3711,0,1,3,,2,016,"SR-52 E/B","MAST BLVD.",5000.00,W,N,A,-,Y,,,52,,,,,,E,Y,2,0,1,3,A,-,07,21658,A,N,B,C,A,A,H,-,A,D,0,,,,,Y,,A,01,1,0,0,0,0,0,0,0,0,"- ","- ",32.850738525390625,-117.03578948974609,"SAN DIEGO","SAN DIEGO",-117.03577423095703,32.850833892822266
9165071,2020,2021-01-07,3711,2020-09-10,1350,SD5589,,4,5,7,3711,0,0,0,,0,527,"WEST GRAPE ST","W GRAPE ST 800",0.00,,Y,A,-,N,,,,,,,,,,N,2,0,1,2,A,-,08,22107,,N,-,E,A,A,H,-,A,D,0,,,,,Y,,A,01,1,0,0,0,0,0,0,0,0,"- ","- ",,,"SAN DIEGO","SAN DIEGO",,
91652887,2021,2021-12-15,9645,2021-11-03,1720,016137,,3,2,7,3711,0,1,1,,2,007,"I-5 SOUTHBOUND","GILMAN DR U/C",300.00,N,N,A,-,Y,,,5,,,,,,S,N,2,0,1,2,A,-,07,21658,A,N,B,C,A,A,H,-,A,D,0,,,Y,,Y,,A,01,1,0,0,0,0,0,0,0,1,"- ","- ",32.857460021972656,-117.23065948486328,"SAN DIEGO","SAN DIEGO",-117.23075866699219,32.857467651367188
91655981,2021,2021-12-20,9650,2021-12-08,2350,021500,,3,3,6,3706,0,1,1,,2,023,"I-15 N/B","DEL LAGO BLVD",110.00,S,N,B,-,Y,,,15,,,,,,N,Y,2,0,2,2,A,-,03,22350,,N,C,C,A,A,H,-,C,D,0,,,,,Y,,A,01,2,0,0,0,0,0,0,0,0,"- ","- ",33.073310852050781,-117.06974029541016,"SAN DIEGO",ESCONDIDO,-117.06992340087891,33.073272705078125
91656830,2021,2021-12-20,9645,2021-12-17,1100,016838,,5,1,7,3711,0,1,1,,2,011,"I-805 N/B","EL CAJON BLVD",980.00,N,N,A,-,Y,,,805,,,,,,N,Y,2,0,1,1,A,-,08,22107,,N,F,A,A,A,H,-,A,D,0,,,Y,,Y,,C,02,1,0,0,0,0,0,0,0,1,"- ","- ",32.759960174560547,-117.12631988525391,"SAN DIEGO","SAN DIEGO",-117.12636566162109,32.759944915771484
91657643,2021,2021-12-21,9645,2021-12-10,1715,021117,,5,2,7,3711,0,1,3,,2,002,"SR-905 E/B","SIEMPRE VIVA RD",600.00,W,N,A,-,Y,,,905,,,,,,E,Y,2,0,1,2,A,-,06,21755,,N,D,C,A,A,H,-,D,D,0,,,Y,,Y,,C,02,1,0,0,0,0,0,0,0,1,"- ","- ",32.557178497314453,-116.94161987304688,"SAN DIEGO","SAN DIEGO",-116.94158935546875,32.557209014892578
91658016,2021,2021-12-21,9645,2021-12-12,0230,020623,,7,3,7,3711,0,1,1,,2,011,"I-805 S/B TO SR-15 S/B","LANDIS STREET",3274.00,S,N,A,-,Y,,,805,,,,R,,S,N,2,0,1,1,A,-,01,23152,A,N,E,I,A,A,H,-,D,D,0,,,,,Y,Y,A,07,1,0,0,0,0,0,0,0,0,"- ","- ",32.737880706787109,-117.11550140380859,"SAN DIEGO","SAN DIEGO",-117.11550140380859,32.737880706787109
9165923,2020,2020-11-30,3700,2020-09-19,1603,SH0320,,6,5,5,3713,0,0,0,,0,314,"SOUTH SANTA FE AV","SANTA FE PL",130.00,N,N,A,-,N,,,,,,,,,,Y,2,0,1,4,A,-,03,22350,,N,A,E,A,A,H,-,A,D,0,,,,,Y,,A,01,1,0,0,0,0,0,0,0,0,"- ","- ",,,"SAN DIEGO",VISTA,-117.23264312744141,33.193115234375
91660387,2021,2021-12-23,9645,2021-12-13,1630,021200,,1,2,7,3711,0,1,1,,2,001,"I-5 SOUTHBOUND","CAMINO DE LA PLAZA",1150.00,N,N,B,C,Y,,,,,,,,,,Y,2,0,1,2,A,-,07,21658,A,N,B,C,A,A,H,-,B,D,0,,,Y,,Y,,A,01,1,0,0,0,0,0,0,0,1,"- ","- ",34.526271820068359,-117.03603363037109,"SAN DIEGO","SAN DIEGO",-117.03560638427734,32.546257019042969
91660423,2021,2021-12-23,9680,2021-12-12,1455,021800,,7,2,5,3705,0,1,1,,2,082,"I-8 WESTBOUND","MOLLISON AVENUE",308.00,W,N,A,-,Y,,,8,,,,,,W,Y,2,0,1,3,A,-,03,22350,,N,C,C,A,A,H,-,A,D,0,,,Y,,Y,,C,02,1,0,0,0,0,0,0,0,1,"- ","- ",32.803230285644531,-116.95214080810547,"SAN DIEGO","EL CAJON",-116.95214080810547,32.803157806396484
91660604,2021,2021-12-23,9680,2021-10-26,1410,020500,,2,2,9,3700,0,1,3,,1,052,"STATE ROUTE 78","RANCHO VISTA DRIVE",2112.00,E,N,A,-,Y,,,78,,,,,,,Y,1,1,0,1,A,-,08,22107,,N,E,8,A,A,H,-,A,D,0,,,,,Y,,A,01,0,0,0,0,0,0,0,0,0,"- ","- ",33.052108764648438,-116.81993865966797,"SAN DIEGO",UNINCORPORATED,-116.82004547119141,33.052101135253906
91660686,2021,2021-12-23,9680,2021-12-12,1410,021584,,7,2,9,3700,0,1,3,,1,052,"STATE ROUTE 78","RANCHO VISTA DRIVE",1056.00,E,N,A,-,Y,,,78,,,,,,,N,2,0,2,1,A,-,08,22107,,N,F,A,A,A,H,-,A,A,0,,,Y,,Y,,C,02,1,1,0,0,0,0,0,0,2,"- ","- ",33.049591064453125,-116.82044982910156,"SAN DIEGO",UNINCORPORATED,-116.82038879394531,33.049537658691406
91660710,2021,2021-12-23,9680,2021-12-13,1250,015733,,1,1,9,3700,0,1,3,,1,090,SR-67,"AIR MAIL LN",1540.00,N,N,B,C,Y,,,67,,,,,,,Y,2,0,1,2,A,-,09,21804,A,N,D,C,A,B,H,-,A,D,0,,,Y,,Y,,D,22,1,0,0,0,0,0,0,0,1,"- ","- ",33.009979248046875,-116.92758178710938,"SAN DIEGO",UNINCORPORATED,-116.92760467529297,33.009910583496094
91661385,2021,2021-12-24,9645,2021-11-06,1910,021117,,6,2,7,3711,0,1,1,,2,010,"I-8 W/B","QUALCOMM WAY",66.00,W,N,A,-,Y,,,8,,,,,,W,Y,1,1,1,3,A,-,11,21954,A,N,G,B,D,A,H,-,D,D,0,Y,,,,Y,,N,60,0,1,0,1,0,0,0,0,0,"- ","- ",32.769840240478516,-117.14022064208984,"SAN DIEGO","SAN DIEGO",-117.14022827148438,32.769886016845703
91661502,2021,2021-12-24,9680,2021-12-15,1240,015660,,3,1,9,3700,0,3,5,,2,003,"ALPINE HEIGHTS RD","CALLE DE TIERRA",0.00,,Y,A,-,N,,,,,,,,,,Y,2,0,3,2,A,-,09,21804,A,N,D,C,A,A,H,-,A,D,0,,,,,Y,,A,07,1,2,0,0,0,0,0,0,0,"- ","- ",32.819061279296875,-116.78826141357422,"SAN DIEGO",UNINCORPORATED,-116.78819274902344,32.819038391113281
91661508,2021,2021-12-24,9645,2021-04-19,1610,018146,,1,2,7,3711,0,1,1,,2,017,"INTERSTATE 15 SOUTHBOUND","MIRAMAR WAY OVER-CROSSING",1584.00,N,N,A,-,Y,,,15,,,,,,S,Y,1,1,2,1,A,-,08,22107,,N,E,I,A,A,H,-,A,D,0,,,,,Y,,A,07,2,0,0,0,0,0,0,0,0,"- ","- ",32.886520385742188,-117.11244964599609,"SAN DIEGO","SAN DIEGO",-117.11219787597656,32.886680603027344
91662760,2021,2021-12-27,9680,2021-12-11,1240,021646,,6,1,4,3720,0,1,3,,2,027,"SR-94 E/B","COLLEGE AVENUE",1534.00,W,N,A,-,Y,,,94,,,,,,E,Y,2,0,4,1,A,-,08,22107,,N,E,I,A,A,H,-,A,D,0,,,,,Y,,A,01,2,2,0,0,0,0,0,0,0,"- ","- ",32.738491058349609,-117.05393981933594,"SAN DIEGO","LEMON GROVE",-117.05413055419922,32.738662719726562
91663758,2021,2021-12-28,9645,2021-11-10,1930,020066,,3,2,7,3711,0,1,1,,2,021,"I-15 S/B","FRIARS ROAD O/C",971.00,N,N,A,-,Y,,,15,,,,,,S,Y,2,0,3,5,A,-,03,22350,,N,G,C,E,A,C,-,D,D,0,Y,,,,Y,,J,41,1,2,0,0,1,0,0,0,0,"- ","- ",32.793571472167969,-117.11219787597656,"SAN DIEGO","SAN DIEGO",-117.11221313476562,32.793571472167969
91666283,2021,2021-12-30,9680,2021-12-20,0950,015660,,1,1,9,3700,0,3,5,,2,003,"ALPINE BLVD","PEUTZ VALLEY ROAD",1584.00,E,N,A,-,N,,,,,,,,,,Y,2,0,1,1,A,-,03,22350,,N,F,A,A,A,H,-,A,D,0,,,Y,,Y,,C,02,1,0,0,0,0,0,0,0,1,"- ","- ",32.843929290771484,-116.80220794677734,"SAN DIEGO",UNINCORPORATED,-116.80404663085938,32.844791412353516
91669552,2021,2022-01-04,9650,2021-12-31,1630,021933,,5,2,9,3700,0,1,3,,1,028,SR-76,"RICE CANYON RD",1460.00,W,N,B,-,Y,,,76,,,,,,,Y,2,0,1,1,A,-,03,22350,,N,E,I,A,A,H,-,A,D,0,,,,,Y,,A,01,1,0,0,0,0,0,0,0,0,"- ","- ",33.338951110839844,-117.13411712646484,"SAN DIEGO",UNINCORPORATED,-117.13410949707031,33.338993072509766
91670935,2021,2022-01-07,9645,2021-12-26,0735,018697,,7,1,7,3711,0,1,1,,2,011,"INTERSTATE 8 (E/B)","MISSION CENTER ROAD O/C",352.00,W,N,B,C,Y,,,8,,,,,,,Y,2,0,1,1,A,-,08,22107,,N,E,I,A,B,H,-,A,D,0,,,,,Y,,A,07,1,0,0,0,0,0,0,0,0,"- ","- ",32.774379730224609,-117.12563323974609,"SAN DIEGO","SAN DIEGO",-117.12558746337891,32.774307250976562
91672096,2022,2022-01-06,9650,2022-01-02,1900,021698,,7,2,9,3700,0,1,1,,2,003,"I-5 S/B","COCKLEBURR RD",5808.00,S,N,A,-,Y,SD,,5,,R,57.033,H,,L,Y,2,0,1,2,A,-,03,22350,,N,C,C,A,A,H,-,C,D,0,,,Y,,Y,,C,02,1,0,0,0,0,0,0,0,1,"- ","- ",33.240318298339844,-117.41367340087891,"SAN DIEGO",UNINCORPORATED,-117.41368103027344,33.240306854248047
91672104,2021,2023-01-20,9650,2021-12-18,2253,019191,,6,3,5,3713,0,1,3,,2,017,"SR-78 W/B","VISTA VILLAGE DR",149.00,E,N,B,-,Y,,,78,,,,,,W,Y,1,1,0,1,A,-,01,23152,A,N,F,A,A,A,H,-,D,D,0,,,,,Y,Y,D,22,0,0,0,0,0,0,0,0,0,"- ","- ",33.194618225097656,-117.24858856201172,"SAN DIEGO",VISTA,-117.24860382080078,33.194576263427734
9167224,2020,2020-11-18,3702,2020-09-19,1744,CV1226,,6,5,6,3702,0,0,0,,0,021,"PALOMAR ST",BROADWAY,47.00,W,N,A,-,N,,,,,,,,,,N,2,0,1,2,A,-,12,21453,A,F,A,G,C,A,H,-,B,A,0,Y,,,,Y,,A,01,1,0,0,0,1,0,0,0,0,"- ","- ",,,"SAN DIEGO","CHULA VISTA",-117.07891082763672,32.6033935546875
91672645,2021,2022-01-06,9645,2021-12-15,1312,018936,,3,1,7,3711,0,1,1,,2,021,"SR-15 N/B","IMPERIAL AVE U/C",50.00,S,N,A,-,Y,,,15,,,,,,N,Y,2,0,3,2,A,-,01,23152,A,N,C,C,A,A,H,-,A,D,0,,,,,Y,Y,D,22,1,1,1,0,0,0,0,0,0,"- ","- ",32.705940246582031,-117.12035369873047,"SAN DIEGO","SAN DIEGO",-117.12042236328125,32.705951690673828
91672856,2021,2022-01-06,9645,2021-11-13,1202,018095,,6,1,7,3711,0,1,1,,2,013,"I-805 S/B FROM MESA COLLEGE DRIVE","MESA COLLEGE DRIVE O/C",98.00,S,N,A,-,Y,,,805,,,,R,,S,N,2,0,1,1,A,-,08,22107,,N,E,I,A,A,H,-,A,D,0,,,Y,,Y,,C,02,1,0,0,0,0,0,0,0,1,"- ","- ",32.802799224853516,-117.15129089355469,"SAN DIEGO","SAN DIEGO",-117.15129089355469,32.802799224853516
91672977,2021,2022-01-06,9645,2021-10-21,1810,018146,,4,2,7,3711,0,1,1,,2,017,"I-15 S/B",SR-52,400.00,N,N,A,-,Y,,,15,,,,,,S,Y,2,0,1,3,A,-,03,22350,,N,C,C,A,A,H,-,A,D,0,,,,,Y,,A,01,1,0,0,0,0,0,0,0,0,"- ","- ",32.845821380615234,-117.11862945556641,"SAN DIEGO","SAN DIEGO",-117.11865997314453,32.845836639404297
91673414,2021,2022-01-07,9645,2021-11-14,0238,020623,,7,3,7,3711,0,1,1,,2,017,"I-15 N/B","MIRAMAR WAY",1320.00,S,N,A,-,Y,,,15,,,,,,N,N,2,0,1,2,C,-,18,,,N,B,C,A,A,H,-,D,D,0,,,,,Y,,-,"- ",1,0,0,0,0,0,0,0,0,"- ","- ",32.876888275146484,-117.10735321044922,"SAN DIEGO","SAN DIEGO",-117.10726165771484,32.876899719238281
9167371,2020,2020-10-23,3702,2020-08-23,0100,CV1259,,7,5,6,3702,0,0,0,,0,022,"4TH AV","OXFORD ST",337.00,N,N,A,-,N,,,,,,,,,,Y,2,0,1,6,A,-,01,23152,A,N,C,E,A,A,H,-,C,A,0,,,,,Y,Y,A,01,1,0,0,0,0,0,0,0,0,"- ","- ",,,"SAN DIEGO","CHULA VISTA",-117.07217407226562,32.609947204589844
9167407,2020,2020-10-23,3700,2020-05-23,2248,SH0029,,6,5,5,3713,0,0,0,,0,306,"VISTA WY","OAK DR",555.00,N,N,A,-,N,,,,,,,,,,Y,2,0,2,2,A,-,01,23152,A,N,A,C,A,A,H,-,C,D,0,,,,,Y,Y,A,01,2,0,0,0,0,0,0,0,0,"- ","- ",,,"SAN DIEGO",VISTA,-117.22796630859375,33.214862823486328