CASE_ID,ACCIDENT_YEAR,PROC_DATE,JURIS,COLLISION_DATE,COLLISION_TIME,OFFICER_ID,REPORTING_DISTRICT,DAY_OF_WEEK,CHP_SHIFT,POPULATION,CNTY_CITY_LOC,SPECIAL_COND,BEAT_TYPE,CHP_BEAT_TYPE,CITY_DIVISION_LAPD,CHP_BEAT_CLASS,BEAT_NUMBER,PRIMARY_RD,SECONDARY_RD,DISTANCE,DIRECTION,INTERSECTION,WEATHER_1,WEATHER_2,STATE_HWY_IND,CALTRANS_COUNTY,CALTRANS_DISTRICT,STATE_ROUTE,ROUTE_SUFFIX,POSTMILE_PREFIX,POSTMILE,LOCATION_TYPE,RAMP_INTERSECTION,SIDE_OF_HWY,TOW_AWAY,COLLISION_SEVERITY,NUMBER_KILLED,NUMBER_INJURED,PARTY_COUNT,PRIMARY_COLL_FACTOR,PCF_CODE_OF_VIOL,PCF_VIOL_CATEGORY,PCF_VIOLATION,PCF_VIOL_SUBSECTION,HIT_AND_RUN,TYPE_OF_COLLISION,MVIW,PED_ACTION,ROAD_SURFACE,ROAD_COND_1,ROAD_COND_2,LIGHTING,CONTROL_DEVICE,CHP_ROAD_TYPE,PEDESTRIAN_ACCIDENT,BICYCLE_ACCIDENT,MOTORCYCLE_ACCIDENT,TRUCK_ACCIDENT,NOT_PRIVATE_PROPERTY,ALCOHOL_INVOLVED,STWD_VEHTYPE_AT_FAULT,CHP_VEHTYPE_AT_FAULT,COUNT_SEVERE_INJ,COUNT_VISIBLE_INJ,COUNT_COMPLAINT_PAIN,COUNT_PED_KILLED,COUNT_PED_INJURED,COUNT_BICYCLIST_KILLED,COUNT_BICYCLIST_INJURED,COUNT_MC_KILLED,COUNT_MC_INJURED,PRIMARY_RAMP,SECONDARY_RAMP,LATITUDE,LONGITUDE,COUNTY,CITY,POINT_X,POINT_Y
91828918,2022,2022-07-29,9645,2022-07-21,2007,020997,,4,2,7,3711,0,1,1,,2,009,"INTERSTATE 805 S/B TO STATE ROUTE 905","DEL SOL BOULEVARD",10.00,S,N,A,-,Y,SD,,805,,,2.140,H,,L,N,2,0,7,5,A,-,08,22107,,N,E,8,A,A,H,-,A,D,0,,,,,Y,,D,22,1,1,5,0,0,0,0,0,0,"- ","- ",32.573051452636719,-117.03978729248047,"SAN DIEGO","SAN DIEGO",-117.03970336914062,32.573036193847656
91829853,2022,2022-08-01,9645,2022-07-17,1640,022729,,7,2,7,3711,0,1,1,,2,027,"I-15 NORTHBOUND","FRIARS ROAD",1584.00,N,N,A,-,Y,SD,,15,,R,7.105,H,,R,Y,2,0,1,1,A,-,08,22107,,F,E,I,A,A,H,-,A,D,0,,,,,Y,,A,01,1,0,0,0,0,0,0,0,0,"- ","- ",32.792350769042969,-117.11237335205078,"SAN DIEGO","SAN DIEGO",-117.11225891113281,32.792324066162109
91832157,2022,2022-08-03,9645,2022-07-26,1250,015270,,2,1,7,3711,0,1,1,,2,019,"I-15 SOUTHBOUND","RANCHO BERNARDO RD",1056.00,S,N,A,-,Y,SD,,15,,M,23.494,H,,L,Y,2,0,1,2,A,-,03,22350,,N,C,C,A,A,H,-,A,D,0,,,Y,,Y,,C,02,1,0,0,0,0,0,0,0,1,"- ","- ",33.020118713378906,-117.07952117919922,"SAN DIEGO","SAN DIEGO",-117.07929992675781,33.020099639892578
91833125,2022,2023-01-23,9650,2022-07-12,0858,015446,,2,1,9,3700,0,1,3,,1,028,SR-76,"LAZY H DRIVE",1730.00,W,N,A,-,Y,SD,,76,,,31.869,H,,R,Y,1,1,0,1,A,-,08,22107,,N,E,8,A,A,H,-,A,D,0,,,,,Y,,A,01,0,0,0,0,0,0,0,0,0,"- ","- ",33.297008514404297,-116.97113037109375,"SAN DIEGO",UNINCORPORATED,-116.97121429443359,33.296977996826172
91833389,2022,2022-08-04,9650,2022-07-26,1858,018496,,2,2,9,3700,0,1,1,,2,021,"I-15 N/B","DEER SPRINGS ROAD",1620.00,N,N,A,-,Y,SD,,15,,R,36.950,H,,R,N,2,0,1,1,C,-,18,,,N,H,A,A,A,H,-,A,D,0,,,,,Y,,-,"- ",1,0,0,0,0,0,0,0,0,"- ","- ",33.201480865478516,-117.12790679931641,"SAN DIEGO",UNINCORPORATED,-117.12799835205078,33.201442718505859
91833489,2022,2022-08-04,9650,2022-07-23,1635,022588,,6,2,9,3700,0,1,1,,2,023,"I-15 SB","S CENTRE CITY PKWY",1800.00,N,N,A,-,Y,SD,,15,,M,27.205,H,,L,Y,2,0,1,2,A,-,08,22107,,N,E,I,A,A,H,-,A,D,0,,,,,Y,,A,07,1,0,0,0,0,0,0,0,0,"- ","- ",33.072601318359375,-117.07000732421875,"SAN DIEGO",UNINCORPORATED,-117.07006072998047,33.072593688964844
91834044,2022,2023-02-23,9650,2022-04-25,1616,014886,,1,2,9,3700,0,1,1,,2,003,"I-5 N/B","WIRE MOUNTAIN RD",266.00,S,N,A,-,Y,SD,,5,,R,54.792,H,,R,Y,1,1,2,1,A,-,08,22107,,N,E,I,A,A,H,-,A,D,0,,,,,Y,,A,07,0,2,0,0,0,0,0,0,0,"- ","- ",33.2156982421875,-117.38984680175781,"SAN DIEGO",UNINCORPORATED,-117.3900146484375,33.215667724609375
91834243,2022,2022-08-05,9645,2022-07-31,0735,017139,,7,1,7,3711,0,1,3,,2,006,"SR-94 E/B","47TH ST O/C",250.00,W,N,A,-,Y,SD,,94,,,4.595,H,,R,N,2,0,2,1,A,-,08,22107,,N,E,I,A,A,H,-,A,D,0,,,,,Y,,A,01,1,0,1,0,0,0,0,0,0,"- ","- ",32.718509674072266,-117.09416198730469,"SAN DIEGO","SAN DIEGO",-117.09419250488281,32.718437194824219
91836272,2022,2022-08-09,9645,2022-08-03,0410,022206,,3,3,7,3711,0,1,1,,2,003,"STATE ROUTE 94 W/B","HOME AVE",457.00,E,N,A,-,Y,SD,,94,,,3.720,H,,L,N,2,0,1,2,A,-,11,21954,A,N,G,B,E,A,H,-,C,D,0,Y,,,,Y,,N,60,1,0,0,0,1,0,0,0,0,"- ","- ",32.718391418457031,-117.10890960693359,"SAN DIEGO","SAN DIEGO",-117.10890960693359,32.718299865722656
91836665,2022,2022-08-09,9680,2022-06-03,0955,014949,,5,1,9,3700,0,1,1,,2,086,"INTERSTATE 8 WESTBOUND","CARRIZO CREEK BRIDGE U/C",3168.00,W,N,A,-,Y,SD,,8,,R,71.757,H,,L,Y,1,1,4,1,A,-,08,22107,,N,E,8,A,A,H,-,A,D,0,,,,,Y,,A,08,4,0,0,0,0,0,0,0,0,"- ","- ",32.652488708496094,-116.19817352294922,"SAN DIEGO",UNINCORPORATED,-116.19818878173828,32.652477264404297
91840569,2022,2022-08-15,9645,2022-08-07,0350,022894,,7,3,7,3711,0,1,1,,2,017,"I-15 SB",SR-52,500.00,N,N,A,-,Y,,,,,,,,,,Y,2,0,1,2,A,-,08,22107,,F,B,C,A,A,H,-,C,D,0,,,,,Y,Y,A,01,1,0,0,0,0,0,0,0,0,"- ","- ",32.504199981689453,-117.07099914550781,"SAN DIEGO","SAN DIEGO",-117.12039947509766,32.842964172363281
91840881,2022,2022-08-15,9645,2022-07-16,2020,022739,,6,2,7,3711,0,1,1,,2,005,"I-5 S/B","CLAIREMONT DR.",5016.00,S,N,A,-,Y,,,,,,,,,,Y,2,0,1,1,A,-,08,22107,,M,F,I,A,A,H,-,D,D,0,,,,,Y,Y,A,07,1,0,0,0,0,0,0,0,0,"- ","- ",32.776699066162109,-117.20887756347656,"SAN DIEGO","SAN DIEGO",-117.20851135253906,32.776786804199219
91841637,2022,2022-08-16,9650,2022-08-08,0400,022031,,1,3,9,3700,0,1,1,,2,021,"I-15 N/B","DEER SPRINGS RD",1320.00,N,N,A,-,Y,SD,,15,,R,36.894,H,,R,Y,2,0,1,2,A,-,01,23152,A,N,E,I,A,A,H,-,D,D,0,,,,,Y,Y,A,01,1,0,0,0,0,0,0,0,0,"- ","- ",33.200809478759766,-117.12734222412109,"SAN DIEGO",UNINCORPORATED,-117.12757110595703,33.200714111328125
91841864,2022,2022-08-16,9650,2022-08-12,1110,021933,,5,1,9,3700,0,3,5,,2,213,"SOUTH GRADE ROAD",SR-76,3363.00,N,N,A,-,N,,,,,,,,,,N,2,0,1,1,A,-,03,22350,,N,E,I,A,A,H,-,A,D,0,,,Y,,Y,,C,02,1,0,0,0,0,0,0,0,1,"- ","- ",33.293708801269531,-116.88993072509766,"SAN DIEGO",UNINCORPORATED,-116.89064025878906,33.293663024902344
91843464,2022,2022-08-18,9680,2022-07-05,0520,019384,,2,3,9,3700,0,3,5,,2,001,"MORENO AVE","MARY LANE",340.00,N,N,A,-,N,,,,,,,,,,N,2,0,2,1,A,-,01,23152,A,N,E,I,A,A,H,-,B,D,0,,,,,Y,Y,A,01,2,0,0,0,0,0,0,0,0,"- ","- ",32.879791259765625,-116.92240905761719,"SAN DIEGO",UNINCORPORATED,-116.92254638671875,32.880180358886719
91843474,2022,2022-08-18,9645,2022-08-07,1825,022814,,7,2,7,3711,0,1,1,,2,001,"I-5 NORTHBOUND","CORONADO AVENUE",25.00,N,N,A,-,Y,SD,,5,,,4.063,H,,R,Y,2,0,5,2,A,-,01,23152,A,N,C,C,A,A,H,-,A,D,0,,,,,Y,Y,A,01,2,1,2,0,0,0,0,0,0,"- ","- ",32.576728820800781,-117.08252716064453,"SAN DIEGO","SAN DIEGO",-117.08252716064453,32.576732635498047
91843819,2022,2022-08-18,9645,2022-08-06,2030,020997,,6,2,6,3702,0,1,3,,2,008,"SR-54 W/B","BRIARWOOD ROAD",1837.00,E,N,A,-,Y,SD,,54,,,5.356,H,,L,N,2,0,1,1,A,-,08,22107,,N,E,I,A,A,H,-,D,D,0,,,,,Y,,A,07,1,0,0,0,0,0,0,0,0,"- ","- ",32.6851806640625,-117.02561950683594,"SAN DIEGO","CHULA VISTA",-117.02560424804688,32.685165405273438
91843833,2022,2022-08-18,9645,2022-08-08,1545,018678,,1,2,7,3711,0,1,1,,2,001,"I-5 (S/B)","VIA DE SAN YSIDRO U/C",400.00,S,N,A,-,Y,SD,,5,,R,1.134,H,,R,Y,2,0,2,1,A,-,08,22107,,N,F,A,A,A,H,-,A,D,0,,,Y,,Y,,C,02,1,1,0,0,0,0,0,0,2,"- ","- ",32.550930023193359,-117.04434204101562,"SAN DIEGO","SAN DIEGO",-117.04426574707031,32.551074981689453
91844591,2022,2022-08-19,9650,2022-08-09,1915,021338,,2,2,9,3700,0,2,4,,1,027,"VALLEY CENTER RD","VESPER RD",2.00,E,N,A,-,N,,,,,,,,,,Y,2,0,1,1,A,-,01,23152,A,N,E,I,A,A,H,-,A,D,0,,,,,Y,Y,A,01,1,0,0,0,0,0,0,0,0,"- ","- ",33.231338500976562,-117.02052307128906,"SAN DIEGO",UNINCORPORATED,-117.02051544189453,33.231327056884766
91845854,2022,2022-08-22,9680,2022-08-11,0800,017460,,4,1,9,3700,0,1,3,,1,060,"STATE ROUTE 94","CHURCH ROAD",625.00,W,N,A,-,Y,SD,,94,,R,59.495,H,,R,Y,2,0,1,2,A,-,03,22350,,N,D,C,A,A,H,-,A,D,0,,,Y,,Y,,C,02,1,0,0,0,0,0,0,0,1,"- ","- ",32.648818969726562,-116.36743927001953,"SAN DIEGO",UNINCORPORATED,-116.36740875244141,32.648868560791016
91846978,2022,2022-08-23,9645,2022-08-18,0808,019054,,4,1,7,3711,0,1,1,,2,005,"I-5 N/B TO CLAIREMONT DRIVE","CLAIREMONT DRIVE",5.00,S,N,A,-,Y,,,,,,,,,,N,2,0,1,2,A,-,09,21453,C,N,G,B,B,A,H,-,A,A,0,Y,,,,Y,,A,01,1,0,0,0,1,0,0,0,0,"- ","- ",32.795658111572266,-117.20690155029297,"SAN DIEGO","SAN DIEGO",-117.20690155029297,32.795658111572266
91848096,2022,2022-08-24,9645,2022-04-07,1748,016864,,4,2,6,3702,0,1,3,,2,008,"STATE ROUTE 54 (SR-54) EASTBOUND","HIGHLAND AVENUE OVER-CROSSING",932.00,E,N,A,-,Y,SD,,54,,,1.068,H,,R,Y,1,1,0,3,A,-,08,22107,,N,B,E,E,A,H,-,A,D,0,Y,,,,Y,,A,01,0,0,0,1,0,0,0,0,0,"- ","- ",32.655971527099609,-117.08718872070312,"SAN DIEGO","CHULA VISTA",-117.087158203125,32.655914306640625
91848705,2022,2022-08-25,9645,2022-01-22,0515,021470,,6,3,7,3711,0,1,1,,2,001,"INTERSTATE 5 (I-5) SOUTHBOUND","CAMINO DE LA PLAZA",100.00,S,N,A,-,Y,,,,,,,,,,Y,1,1,0,1,A,-,01,23152,G,N,E,I,A,A,H,-,C,A,0,,,,,Y,Y,D,22,0,0,0,0,0,0,0,0,0,"- ","- ",32.543979644775391,-117.03244018554688,"SAN DIEGO","SAN DIEGO",-117.03269195556641,32.544307708740234
91848778,2022,2022-08-25,9680,2022-08-14,1225,020884,,7,1,9,3700,0,1,3,,1,040,SR-94,"ROMO RD",28.00,E,N,A,-,Y,SD,,94,,,31.674,H,,R,N,2,0,2,2,A,-,03,22350,,N,C,C,A,A,H,-,A,D,0,,,Y,,Y,,C,02,1,0,1,0,0,0,0,0,2,"- ","- ",32.622051239013672,-116.74741363525391,"SAN DIEGO",UNINCORPORATED,-116.74741363525391,32.622043609619141
91850712,2022,2022-08-26,9680,2022-08-16,0100,022893,,2,3,9,3700,0,3,5,,2,002,"HILLSDALE ROAD","WILLOW GLEN DRIVE",0.00,,Y,A,-,N,,,,,,,,,,Y,2,0,1,2,A,-,12,22450,A,N,D,C,A,A,H,-,C,A,0,,,,,Y,,A,01,1,0,0,0,0,0,0,0,0,"- ","- ",32.757381439208984,-116.90296936035156,"SAN DIEGO",UNINCORPORATED,-116.90296936035156,32.757389068603516
91854264,2022,2022-08-31,9680,2022-08-19,1855,017928,,5,2,9,3700,0,1,3,,1,090,SR-67,"MUSSEY GRADE RD",0.00,,Y,A,-,Y,SD,,67,,R,20.878,H,,R,Y,2,0,5,2,A,-,09,21802,A,N,A,C,A,A,H,-,A,A,0,,,,,Y,,A,07,1,2,2,0,0,0,0,0,0,"- ","- ",33.008960723876953,-116.91468048095703,"SAN DIEGO",UNINCORPORATED,-116.91468048095703,33.008979797363281
91855597,2022,2022-09-01,9645,2022-07-12,2025,022932,,2,2,7,3711,0,1,1,,2,001,"INTERSTATE 5 (I-5) NORTHBOUND","VIA DE SAN SAN YSIDRO",870.00,N,N,A,-,Y,SD,,5,,,1.376,H,,R,N,1,1,0,3,A,-,11,21954,A,N,G,B,E,A,H,-,D,D,0,Y,,,,Y,,N,60,0,0,0,1,0,0,0,0,0,"- ","- ",32.552619934082031,-117.04801177978516,"SAN DIEGO","SAN DIEGO",-117.04801940917969,32.552604675292969
9185564,2020,2021-02-09,3711,2020-11-17,0418,SD6011,,2,5,7,3711,0,0,0,,0,123,"SEA WORLD DR","PACIFIC COAST HWY",0.00,,Y,A,-,N,,,,,,,,,,N,2,0,1,2,A,-,08,22107,,N,D,C,A,A,H,-,A,A,0,,,Y,,Y,,A,01,1,0,0,0,0,0,0,0,1,"- ","- ",,,"SAN DIEGO","SAN DIEGO",-117.2086,32.767130000000002
91856326,2022,2022-09-02,9645,2022-08-15,1222,017473,,1,1,7,3711,0,1,1,,2,007,"I-5 S/B","DEL MAR HEIGHTS RD",4158.00,N,N,A,-,Y,SD,,5,,R,34.917,H,,L,Y,2,0,1,3,A,-,03,22350,,N,C,C,A,A,H,-,A,D,0,,,Y,,Y,,A,01,1,0,0,0,0,0,0,0,1,"- ","- ",32.961170196533203,-117.24611663818359,"SAN DIEGO","SAN DIEGO",-117.24617004394531,32.961158752441406
91857697,2022,2022-09-06,9645,2022-08-24,0545,020161,,3,3,6,3702,0,1,1,,2,001,"I-5 S/B","H STREET",500.00,N,N,A,-,Y,SD,,5,,,7.917,H,,L,Y,2,0,1,4,A,-,07,21658,A,F,B,C,A,A,H,-,A,D,0,,,,,Y,,A,07,1,0,0,0,0,0,0,0,0,"- ","- ",32.630611419677734,-117.0965576171875,"SAN DIEGO","CHULA VISTA",-117.09659576416016,32.630599975585938
9185773,2020,2021-02-20,3711,2020-11-10,2138,SD1269,,2,5,7,3711,0,0,0,,0,832,"FAIRMOUNT AV","ORANGE AV",10.00,N,N,A,-,N,,,,,,,,,,N,2,0,1,2,A,-,10,21950,A,N,G,B,B,A,H,-,C,A,0,Y,,,,Y,,A,01,1,0,0,0,1,0,0,0,0,"- ","- ",,,"SAN DIEGO","SAN DIEGO",-117.10086059570312,32.753196716308594
91860206,2022,2022-09-08,9650,2022-09-04,0403,019766,,7,3,9,3700,0,1,1,,2,001,"I-5 S/B","BASILONE RD",52.00,N,N,B,-,Y,,,,,,,,,,N,2,0,1,2,A,-,11,21954,A,N,G,B,D,A,H,-,D,D,0,Y,,,,Y,,N,60,1,0,0,0,1,0,0,0,0,"- ","- ",38.582401275634766,-121.49539947509766,"SAN DIEGO",UNINCORPORATED,-117.58118438720703,33.384590148925781
91860231,2022,2022-09-08,9650,2022-09-03,1310,017392,,6,1,9,3700,0,1,1,,2,003,"I-5 N/B","LAS PULGAS RD",500.00,S,N,A,-,Y,SD,,5,,R,62.001,H,,R,N,2,0,1,2,A,-,07,21658,A,N,C,C,A,A,H,-,A,D,0,,,Y,,Y,,C,02,1,0,0,0,0,0,0,0,1,"- ","- ",33.298000335693359,-117.46340942382812,"SAN DIEGO",UNINCORPORATED,-117.46340942382812,33.298000335693359
91860721,2022,2022-09-09,9645,2022-08-28,2108,022851,,7,2,7,3711,0,1,1,,2,010,"I-8 EB WO TEXAS","TEXAS STREET",1173.00,W,N,A,-,Y,SD,,8,,,3.684,H,,R,Y,2,0,1,4,A,-,03,22350,,N,B,C,A,A,H,-,D,D,0,,,Y,,Y,,C,02,1,0,0,0,0,0,0,0,1,"- ","- ",32.768581390380859,-117.14324188232422,"SAN DIEGO","SAN DIEGO",-117.14324188232422,32.768589019775391
91863569,2022,2022-09-13,9645,2022-09-07,0705,015494,,3,1,7,3711,0,1,1,,2,017,"I-15 S/B","AERO DRIVE",1000.00,S,N,A,-,Y,SD,,15,,R,8.120,H,,L,Y,2,0,1,2,A,-,03,22350,,N,C,C,A,A,H,-,A,D,0,,,Y,,Y,,C,02,1,0,0,0,0,0,0,0,1,"- ","- ",32.806831359863281,-117.11386871337891,"SAN DIEGO","SAN DIEGO",-117.11373901367188,32.806842803955078
91864427,2022,2022-09-14,9650,2022-09-03,0000,021500,,6,3,9,3700,0,3,5,,2,170,"AVOCADO DR.","BLOCKTON RD",180.00,E,N,A,-,N,,,,,,,,,,Y,2,0,1,3,A,-,01,23152,A,N,C,E,A,A,H,-,D,D,0,,,,,Y,Y,A,07,1,0,0,0,0,0,0,0,0,"- ","- ",33.177509307861328,-117.23370361328125,"SAN DIEGO",UNINCORPORATED,-117.22368621826172,33.17755126953125
91864633,2022,2022-09-14,9650,2022-09-06,2139,019766,,2,2,9,3700,0,1,1,,2,021,"I-15 S/B","DEER SPRINGS RD",7814.00,N,N,A,-,Y,SD,,15,,R,38.121,H,,L,Y,2,0,4,2,A,-,03,22350,,N,C,C,A,A,D,-,D,A,0,,,,Y,Y,,A,08,2,2,0,0,0,0,0,0,0,"- ","- ",33.215808868408203,-117.13886260986328,"SAN DIEGO",UNINCORPORATED,-117.13883209228516,33.215827941894531
91866860,2022,2022-09-16,9645,2022-09-07,1618,020265,,3,2,9,3700,0,3,5,,2,018,"SWEETWATER ROAD","SR-54 EB TO SR-125 SB OVERCROSSING",200.00,S,N,A,-,N,,,,,,,,,,Y,2,0,1,2,A,-,09,21804,A,N,D,C,A,A,H,-,A,D,0,,,Y,,Y,,A,01,1,0,0,0,0,0,0,0,1,"- ","- ",32.689800262451172,-117.0166015625,"SAN DIEGO",UNINCORPORATED,-117.0174560546875,32.743480682373047
91870000,2022,2022-09-21,9680,2022-09-09,1230,023077,,5,1,9,3700,0,1,1,,2,085,"I-8 E/B","BUCKMAN SPRINGS RD",4752.00,W,N,B,C,Y,SD,,8,,R,47.918,H,,R,Y,2,0,2,1,A,-,03,22350,,N,F,A,A,B,H,-,A,D,0,,,,,Y,,A,01,1,1,0,0,0,0,0,0,0,"- ","- ",32.772651672363281,-116.49163055419922,"SAN DIEGO",UNINCORPORATED,-116.49172973632812,32.772613525390625
91870193,2022,2022-12-23,9650,2022-09-18,0520,019346,,7,3,5,3701,0,1,1,,2,005,"I-5 N/B","POINSETTIA LN",1320.00,S,N,A,-,Y,SD,,5,,R,44.873,H,,R,Y,2,0,1,2,A,-,03,22350,,F,C,C,A,A,H,-,C,D,0,,,,,Y,,A,01,1,0,0,0,0,0,0,0,0,"- ","- ",33.094528198242188,-117.30461883544922,"SAN DIEGO",CARLSBAD,-117.30461883544922,33.094532012939453
9187031,2020,2020-12-31,3709,2020-10-23,1111,NC0528,,5,5,5,3709,0,0,0,,0,023,"SWEETWATER RD",ORANGE,87.00,W,N,A,-,N,,,,,,,,,,Y,2,0,2,2,A,-,01,23153,A,N,A,C,A,A,H,-,A,D,0,,,,Y,Y,,A,01,1,1,0,0,0,0,0,0,0,"- ","- ",,,"SAN DIEGO","NATIONAL CITY",-117.07377624511719,32.660167694091797
91871135,2022,2022-09-22,9645,2022-09-12,1805,021200,,1,2,7,3711,0,1,1,,2,003,"I-5 NB","PARK BOULEVARD",500.00,S,N,A,-,Y,SD,,5,,R,15.710,H,,R,N,2,0,1,2,A,-,03,22350,,N,C,C,A,A,H,-,A,D,0,,,Y,,Y,,C,02,1,0,0,0,0,0,0,0,1,"- ","- ",32.723041534423828,-117.14987182617188,"SAN DIEGO","SAN DIEGO",-117.14969635009766,32.72314453125
91871871,2022,2022-09-23,9650,2022-09-18,0855,022892,,7,1,9,3700,0,1,3,,1,028,"SR-76 E/B","LILAC RD",806.00,E,N,A,-,Y,SD,,76,,,24.495,H,,R,Y,2,0,1,2,A,-,03,22350,,N,C,C,A,A,H,-,A,D,0,,,Y,,Y,,C,02,1,0,0,0,0,0,0,0,1,"- ","- ",33.363861083984375,-117.06006622314453,"SAN DIEGO",UNINCORPORATED,-117.06006622314453,33.363910675048828
91872293,2022,2022-09-23,9650,2022-09-16,1140,021935,,5,1,9,3700,0,1,3,,1,028,"SR-76 E/B","RINCON RANCH RD.",1575.00,W,N,A,-,Y,SD,,76,,,33.891,H,,R,Y,2,0,1,2,A,-,03,22350,,N,C,C,A,A,H,-,A,D,0,,,Y,,Y,,C,02,1,0,0,0,0,0,0,0,1,"- ","- ",33.295269012451172,-116.94603729248047,"SAN DIEGO",UNINCORPORATED,-116.94602966308594,33.295257568359375
91872303,2022,2022-09-23,9645,2022-09-16,1005,015698,,5,1,7,3711,0,1,1,,2,005,"I-5 SB","CLAIREMONT DR. O/C",800.00,S,N,A,-,Y,SD,,5,,R,22.092,H,,L,N,2,0,1,1,A,-,03,22350,,N,F,A,A,A,H,-,A,D,0,,,Y,,Y,,C,02,1,0,0,0,0,0,0,0,1,"- ","- ",32.788181304931641,-117.2071533203125,"SAN DIEGO","SAN DIEGO",-117.2071533203125,32.788181304931641
91873528,2022,2023-05-10,9650,2022-09-10,2315,021992,,6,3,6,3706,0,1,3,,2,019,"SR-78 E/B","NORDAHL ROAD",100.00,E,N,A,-,Y,SD,,78,,R,15.516,H,,R,Y,2,0,1,2,A,-,03,22350,,M,B,C,A,A,H,-,D,D,0,,,Y,,Y,,C,02,1,0,0,0,0,0,0,0,1,"- ","- ",33.131999969482422,-117.12094116210938,"SAN DIEGO",ESCONDIDO,-117.12104797363281,33.131828308105469
91873622,2022,2022-09-26,9650,2022-09-18,0032,021698,,7,3,9,3700,0,1,1,,2,003,"I-5 S/B","HARBOR DR",4238.00,N,N,A,-,Y,SD,,5,,R,55.170,H,,L,Y,2,0,1,4,A,-,01,23152,A,N,B,C,A,A,H,-,D,D,0,,,,Y,Y,Y,A,07,1,0,0,0,0,0,0,0,0,"- ","- ",33.221309661865234,-117.39206695556641,"SAN DIEGO",UNINCORPORATED,-117.39202117919922,33.221324920654297
91873698,2022,2022-09-26,9645,2022-09-16,2342,022507,,5,3,9,3700,0,1,1,,2,009,"I-805 N/B","SR-54 WB OVERCROSSING",1580.00,S,N,A,-,Y,SD,,805,,,8.471,H,,R,Y,2,0,1,1,A,-,01,23152,A,N,E,I,A,A,H,-,C,D,0,,,,,Y,Y,A,01,1,0,0,0,0,0,0,0,0,"- ","- ",32.653881072998047,-117.07044219970703,"SAN DIEGO",UNINCORPORATED,-117.07038116455078,32.653915405273438
91875513,2022,2022-09-28,9645,2022-09-18,0243,022507,,7,3,7,3711,0,1,1,,2,003,"I-5 (SOUTHBOUND)","PARK BOULEVARD OVERCROSSING",1100.00,S,N,A,-,Y,SD,,5,,R,15.579,H,,R,N,2,0,1,1,A,-,03,22350,,N,F,J,A,A,H,-,C,D,0,,,Y,,Y,,C,02,1,0,0,0,0,0,0,0,1,"- ","- ",32.721439361572266,-117.14868927001953,"SAN DIEGO","SAN DIEGO",-117.14859008789062,32.721481323242188
91875856,2022,2022-09-28,9650,2022-09-25,1745,021844,,7,2,9,3700,0,1,3,,1,028,SR-76,"RED GATE RD",675.00,E,N,A,-,Y,SD,,76,,,37.100,H,,R,Y,2,0,1,1,A,-,03,22350,,N,E,I,A,A,H,-,A,D,0,,,Y,,Y,,C,02,1,0,0,0,0,0,0,0,1,"- ","- ",33.301979064941406,-116.91371154785156,"SAN DIEGO",UNINCORPORATED,-116.91374206542969,33.301986694335938
9187916,2020,2021-01-05,3705,2020-10-23,1934,EC0383,,5,5,5,3705,0,0,0,,0,002,"EAST MADISON AV","GRAVES AV",68.00,E,N,A,-,N,,,,,,,,,,,2,0,1,2,A,-,11,21954,A,N,G,B,D,A,H,-,C,D,0,Y,,,,Y,Y,N,60,1,0,0,0,1,0,0,0,0,"- ","- ",,,"SAN DIEGO","EL CAJON",-116.96010589599609,32.800891876220703
9188012,2020,2021-02-04,3709,2020-11-18,2042,NC0515,,3,5,5,3709,0,0,0,,0,021,"EAST DIVISION ST","EAST DIVISION ST 1000",0.00,,Y,A,-,N,,,,,,,,,,N,2,0,1,2,A,-,03,22350,,F,G,B,C,A,H,-,D,D,0,Y,,,,Y,,A,01,1,0,0,0,1,0,0,0,0,"- ","- ",,,"SAN DIEGO","NATIONAL CITY",,
9188112,2020,2021-01-06,3711,2020-10-17,2253,HB5712,,6,5,7,3711,0,0,0,,0,504,"NORTH HARBOR DR","W FGRAPE ST",46.00,N,N,A,-,N,,,,,,,,,,N,2,0,1,1,B,-,22,,,N,H,A,A,-,H,-,C,D,0,,,Y,,Y,Y,C,02,1,0,0,0,0,0,0,0,1,"- ","- ",,,"SAN DIEGO","SAN DIEGO",-117.17310333251953,32.724277496337891
91881563,2021,2022-10-04,9645,2021-12-02,0222,015001,,4,3,7,3711,0,1,3,,2,012,"INTERSTATE 15 (I-15) NORTHBOUND","WEST BERNARDO DRIVE",1233.00,S,N,B,E,Y,,,15,,,,,,N,Y,1,1,0,2,A,-,01,23152,A,N,C,C,A,B,H,-,D,D,0,,,,Y,Y,Y,A,07,0,0,0,0,0,0,0,0,0,"- ","- ",33.048549652099609,-117.07260131835938,"SAN DIEGO","SAN DIEGO",-117.07273864746094,33.048538208007812