CASE_ID,ACCIDENT_YEAR,PROC_DATE,JURIS,COLLISION_DATE,COLLISION_TIME,OFFICER_ID,REPORTING_DISTRICT,DAY_OF_WEEK,CHP_SHIFT,POPULATION,CNTY_CITY_LOC,SPECIAL_COND,BEAT_TYPE,CHP_BEAT_TYPE,CITY_DIVISION_LAPD,CHP_BEAT_CLASS,BEAT_NUMBER,PRIMARY_RD,SECONDARY_RD,DISTANCE,DIRECTION,INTERSECTION,WEATHER_1,WEATHER_2,STATE_HWY_IND,CALTRANS_COUNTY,CALTRANS_DISTRICT,STATE_ROUTE,ROUTE_SUFFIX,POSTMILE_PREFIX,POSTMILE,LOCATION_TYPE,RAMP_INTERSECTION,SIDE_OF_HWY,TOW_AWAY,COLLISION_SEVERITY,NUMBER_KILLED,NUMBER_INJURED,PARTY_COUNT,PRIMARY_COLL_FACTOR,PCF_CODE_OF_VIOL,PCF_VIOL_CATEGORY,PCF_VIOLATION,PCF_VIOL_SUBSECTION,HIT_AND_RUN,TYPE_OF_COLLISION,MVIW,PED_ACTION,ROAD_SURFACE,ROAD_COND_1,ROAD_COND_2,LIGHTING,CONTROL_DEVICE,CHP_ROAD_TYPE,PEDESTRIAN_ACCIDENT,BICYCLE_ACCIDENT,MOTORCYCLE_ACCIDENT,TRUCK_ACCIDENT,NOT_PRIVATE_PROPERTY,ALCOHOL_INVOLVED,STWD_VEHTYPE_AT_FAULT,CHP_VEHTYPE_AT_FAULT,COUNT_SEVERE_INJ,COUNT_VISIBLE_INJ,COUNT_COMPLAINT_PAIN,COUNT_PED_KILLED,COUNT_PED_INJURED,COUNT_BICYCLIST_KILLED,COUNT_BICYCLIST_INJURED,COUNT_MC_KILLED,COUNT_MC_INJURED,PRIMARY_RAMP,SECONDARY_RAMP,LATITUDE,LONGITUDE,COUNTY,CITY,POINT_X,POINT_Y
92004414,2023,2023-02-27,9650,2023-02-20,"30  ",021805,,1,3,5,3782,0,1,1,,2,007,"I-5 S/B","ENCINITAS BLVD",2640.00,N,N,A,-,Y,SD,,5," ",R,41.988,H,,L,Y,2,0,1,2,A,-,01,23152,A,N,C,C,A,A,H,-,D,D,0,,,,,Y,Y,A,01,1,0,0,0,0,0,0,0,0,"- ","- ",33.054931640625,-117.28939056396484,"SAN DIEGO",ENCINITAS,-117.28934478759766,33.054939270019531
92006888,2023,2023-03-01,9680,2023-02-17,"45  ",020720,,5,3,9,3700,0,1,1,,2,083,"I-8 E/B","TAVERN RD",4224.00,W,N,A,-,Y,SD,,8," ",R,27.636,H,,R,Y,2,0,1,3,A,-,08,22107,,N,G,B,E,A,H,-,D,D,0,Y,,,Y,Y,,G,25,1,0,0,0,1,0,0,0,0,"- ","- ",32.841438293457031,-116.79328918457031,"SAN DIEGO",UNINCORPORATED,-116.79327392578125,32.841480255126953
92007324,2022,2023-03-01,9645,2022-12-15,2214,019410,,4,3,7,3711,0,1,1,,2,010,"INTERSTATE 8 (I-8) EASTBOUND","STATE ROUTE 163 (SR-163)",2403.00,W,N,A,-,Y,SD,,8,,,1.996,H,,R,N,1,1,0,3,A,-,11,21954,A,N,G,B,E,A,H,-,C,D,0,Y,,,,Y,,N,60,0,0,0,1,0,0,0,0,0,"- ","- ",32.760280609130859,-117.17066955566406,"SAN DIEGO","SAN DIEGO",-117.170654296875,32.760227203369141
92010523,2023,2023-03-06,9650,2023-02-25,"848 ",015446,,6,1,5,3712,0,1,3,,2,019,"SR-78 EASTBOUND","RANCHO SANTA FE ROAD O/C",3168.00,W,N,C,-,Y,SD,,78," "," ",9.986,H,,R,Y,2,0,1,2,A,-,03,22350,,N,D,C,A,B,H,-,A,D,0,,,,,Y,,A,01,1,0,0,0,0,0,0,0,0,"- ","- ",33.156520843505859,-117.20578765869141,"SAN DIEGO","SAN MARCOS",-117.20582580566406,33.156490325927734
92010860,2022,2023-03-06,9645,2022-09-04,1140,017723,,7,1,9,3700,0,1,3,,2,031,"SR-125 N/B TO SR-54 W/B","BRIARWOOD RD. O/C",3088.00,E,N,A,-,Y,SD,,54,,,5.616,H,,L,Y,1,1,2,4,A,-,03,22350,,N,C,C,E,A,H,-,A,D,0,Y,,,,Y,,D,22,0,0,2,1,0,0,0,0,0,"- ","- ",32.687610626220703,-117.02218627929688,"SAN DIEGO",UNINCORPORATED,-117.02214813232422,32.687568664550781
92012332,2023,2023-03-08,9650,2023-02-24,"5   ",022139,,5,3,5,3712,0,1,3,,2,019,"SR-78 WESTBOUND","NORDAHL RD",500.00,W,N,B,C,Y,SD,,78," "," ",15.187,H,,L,Y,2,0,2,5,A,-,01,23152,A,N,C,C,A,B,H,-,D,D,0,,,,,Y,Y,A,01,1,0,1,0,0,0,0,0,0,"- ","- ",33.134220123291016,-117.12612152099609,"SAN DIEGO","SAN MARCOS",-117.12610626220703,33.134250640869141
92012339,2023,2023-03-08,9650,2023-02-26,"210 ",020747,,7,3,9,3700,0,3,5,,2,070,"LINEA DEL CIELO","RAMBLA DE LAS FLORES",503.00,W,N,C,-,N,,,,,,,,,,Y,2,0,1,1,A,-,03,22350,,N,E,I,A,B,H,-,D,D,0,,,,,Y,,A,07,1,0,0,0,0,0,0,0,0,"- ","- ",33.005561828613281,-117.22013854980469,"SAN DIEGO",UNINCORPORATED,-117.21826934814453,33.007656097412109
92012850,2023,2023-03-08,9650,2023-02-26,2157,022911,,7,2,9,3700,0,2,4,,1,027,"VALLEY CENTER RD","LILAC RD",0.00,,Y,A,-,N,,,,,,,,,,Y,2,0,4,2,A,-,09,21453,C,N,A,C,A,A,H,-,C,A,0,,,,,Y,,D,22,2,2,0,0,0,0,0,0,0,"- ","- ",33.222450256347656,-117.03688049316406,"SAN DIEGO",UNINCORPORATED,-117.03671264648438,33.222339630126953
92013349,2022,2023-03-09,9680,2022-08-14,0127,021764,,7,3,9,3700,0,3,5,,2,001,"EAST BRADLEY AVENUE","SAMS HILL ROAD",10.00,E,N,A,-,N,,,,,,,,,,N,1,1,0,2,A,-,11,21954,A,N,G,B,D,A,H,-,C,D,0,Y,,,,Y,,N,60,0,0,0,1,0,0,0,0,0,"- ","- ",32.819099426269531,-116.95281219482422,"SAN DIEGO",UNINCORPORATED,-116.9527587890625,32.819118499755859
9201403,2020,2021-02-06,3705,2020-12-03,2340,EC0409,,4,5,5,3705,0,0,0,,0,002,"BALLANTYNE ST","EAST MADISON AV",178.00,N,N,A,-,N,,,,,,,,,,,2,0,1,1,A,-,03,22350,,N,E,J,A,A,H,-,C,D,0,,Y,,,Y,,L,04,1,0,0,0,0,0,1,0,0,"- ","- ",,,"SAN DIEGO","EL CAJON",-116.9581298828125,32.801406860351562
92015628,2023,2023-04-03,9650,2023-03-11,1110,017392,,6,1,9,3700,0,3,5,,2,070,"DEL DIOS HIGHWAY","CAMINITO DE ESTRELLAS",10560.00,E,N,B,C,N,,,,,,,,,,N,2,0,2,2,A,-,08,22107,,N,E,I,A,B,H,-,A,D,0,,,,,Y,,D,22,2,0,0,0,0,0,0,0,0,"- ","- ",33.045230865478516,-117.13169860839844,"SAN DIEGO",UNINCORPORATED,,
92016580,2023,2023-03-13,9645,2023-03-02,1448,022021,,4,2,5,3709,0,1,3,,2,008,"SR-54 W/B TO I-5 N/B","NATIONAL CITY BLVD",1584.00,W,N,A,-,Y,,,,,,,,,,Y,2,0,1,1,A,-,08,22107,,N,E,I,A,A,H,-,A,D,0,,,,,Y,,D,22,1,0,0,0,0,0,0,0,0,"- ","- ",32.652881622314453,-117.10394287109375,"SAN DIEGO","NATIONAL CITY",-117.10394287109375,32.652881622314453
92016660,2023,2023-03-13,9650,2023-02-13,"200 ",022139,,1,3,9,3700,0,1,1,,2,001,"I-5 NORTHBOUND","SAN ONOFRE INSPECTION FACILITY",6885.00,N,N,B,-,Y,SD,,5," ",R,68.560,H,,R,Y,2,0,2,2,A,-,03,22350,,N,C,C,A,B,H,-,D,D,0,,,,,Y,,A,07,1,0,1,0,0,0,0,0,0,"- ","- ",33.364040374755859,-117.5419921875,"SAN DIEGO",UNINCORPORATED,-117.54199981689453,33.364028930664062
92017418,2023,2023-03-14,9680,2023-03-02,"500 ",021584,,4,3,9,3700,0,2,4,,1,095,"SAN VICENTE ROAD","WILDCAT CANYON ROAD",3168.00,E,N,A,-,N,,,,,,,,,,Y,2,0,1,1,C,-,18,,,N,E,I,A,C,H,-,B,D,0,,,,,Y,,-,"- ",1,0,0,0,0,0,0,0,0,"- ","- ",33.000690460205078,-116.83509826660156,"SAN DIEGO",UNINCORPORATED,-116.83518218994141,33.000534057617188
92017928,2022,2023-03-14,9680,2022-09-29,1255,018801,,4,1,9,3700,0,2,4,,1,021,"DEHESA RD","WILLOW GLEN DR",1056.00,W,N,A,-,N,,,,,,,,,,N,2,0,1,1,A,-,08,22107,,N,F,A,A,A,H,-,A,D,0,,,Y,,Y,,C,02,1,0,0,0,0,0,0,0,1,"- ","- ",32.785530090332031,-116.88973236083984,"SAN DIEGO",UNINCORPORATED,-116.88948822021484,32.786048889160156
92018585,2023,2023-03-15,9650,2023-03-07,"610 ",015446,,2,1,9,3700,0,1,1,,2,021,"I-15 SOUTHBOUND","NUTMEG STREET",361.00,S,N,A,-,Y,SD,,15," ",R,34.168,H,,L,Y,2,0,1,2,A,-,03,22350,,N,C,C,A,A,D,-,A,D,0,,,Y,,Y,,C,02,1,0,0,0,0,0,0,0,1,"- ","- ",33.164848327636719,-117.10711669921875,"SAN DIEGO",UNINCORPORATED,-117.10726165771484,33.164787292480469
92018625,2023,2023-03-15,9680,2023-02-05,"135 ",017996,,7,3,9,3700,0,1,1,,2,085,"I-8 WESTBOUND",SR-79,3696.00,E,N,A,-,Y,SD,,8," ",R,38.534,H,,L,Y,2,0,2,1,A,-,01,23152,A,N,F,A,A,A,H,-,C,D,0,,,,,Y,Y,D,22,1,1,0,0,0,0,0,0,0,"- ","- ",32.824649810791016,-116.61451721191406,"SAN DIEGO",UNINCORPORATED,-116.61451721191406,32.824596405029297
92022641,2023,2023-03-20,9645,2023-03-09,"815 ",020161,,4,1,7,3711,0,1,1,,2,011,"I-805 N/B","BALBOA AVENUE",170.00,N,N,A,-,Y,SD,,805," "," ",21.696,H,,R,Y,2,0,1,3,A,-,03,22350,,N,B,C,A,A,H,-,A,D,0,,,Y,,Y,,C,02,1,0,0,0,0,0,0,0,1,"- ","- ",32.822330474853516,-117.16271209716797,"SAN DIEGO","SAN DIEGO",-117.16268920898438,32.822338104248047
9202414,2020,2021-02-18,3711,2020-12-04,1722,SD6000,,5,5,7,3711,0,0,0,,0,436,"SKYLINE DR","DEEROCK PL",149.00,E,N,A,-,N,,,,,,,,,,Y,2,0,1,2,A,-,11,21954,A,N,G,B,D,A,H,-,C,D,0,Y,,,,Y,Y,N,60,1,0,0,0,1,0,0,0,0,"- ","- ",,,"SAN DIEGO","SAN DIEGO",-117.03443145751953,32.702186584472656
92027447,2023,2023-03-23,9680,2023-03-12,1715,023077,,7,2,9,3700,0,1,1,,2,086,"I-8 E/B","MANZANITA RD",4224.00,E,N,A,-,Y,SD,,8," ",R,64.125,H,,R,Y,2,0,1,2,A,-,08,22107,,N,E,I,A,A,H,-,A,D,0,,,,,Y,,A,01,1,0,0,0,0,0,0,0,0,"- ","- ",32.694499969482422,-116.31379699707031,"SAN DIEGO",UNINCORPORATED,-116.3138427734375,32.694461822509766
92028232,2023,2023-03-24,9680,2023-03-14,1450,016372,,2,2,9,3700,0,3,5,,2,001,"RIVERVIEW AVENUE","LEMON CREST DRIVE",331.00,S,N,B,-,N,,,,,,,,,,Y,2,0,2,2,A,-,03,22350,,N,F,A,A,A,H,-,A,D,0,,,Y,,Y,,C,02,1,0,1,0,0,0,0,0,1,"- ","- ",32.848411560058594,-116.93572998046875,"SAN DIEGO",UNINCORPORATED,-116.93571472167969,32.848438262939453
92032398,2023,2023-03-30,9650,2023-03-18,1200,019480,,6,1,9,3700,0,3,5,,2,213,"RICE CANYON ROAD","RANCHO TAZA ROAD",370.00,N,N,A,-,N,,,,,,,,,,Y,2,0,1,2,A,-,03,22350,,N,F,A,A,A,H,-,A,D,0,,,Y,,Y,,C,02,1,0,0,0,0,0,0,0,1,"- ","- ",33.398689270019531,-117.14614868164062,"SAN DIEGO",UNINCORPORATED,-117.14585113525391,33.398143768310547
92032601,2023,2023-03-30,9645,2023-03-30,"520 ",022426,,4,3,7,3711,0,1,1,,2,003,"INTERSTATE 5 NORTHBOUND","SAMPSON STREET",100.00,S,N,C,-,Y,SD,,5," ",R,13.739,H,,R,Y,2,0,1,2,A,-,03,22350,,N,C,C,A,B,H,-,D,D,0,,,Y,,Y,,C,02,1,0,0,0,0,0,0,0,1,"- ","- ",32.698471069335938,-117.13835144042969,"SAN DIEGO","SAN DIEGO",-117.13843536376953,32.698383331298828
92032961,2023,2023-04-05,9680,2023-03-21,1920,019910,,2,2,9,3700,0,3,5,,2,001,"GREENFIELD DR","ORO ST",16.00,W,N,B,C,N,,,,,,,,,,N,1,1,0,2,A,-,11,21954,A,N,G,B,E,B,H,-,C,D,0,Y,,,,Y,,N,60,0,0,0,1,0,0,0,0,0,"- ","- ",32.813388824462891,-116.94029998779297,"SAN DIEGO",UNINCORPORATED,-116.94023132324219,32.813339233398438
92035785,2023,2023-04-03,9645,2023-03-23,"520 ",017723,,4,3,7,3711,0,1,3,,2,002,"SR-905 E/B","CALIENTE AVE.",1584.00,W,N,B,-,Y,SD,,905," ",R,6.437,H,,R,Y,2,0,2,1,A,-,03,22350,,N,E,I,A,B,H,-,C,D,0,,,,,Y,,A,01,2,0,0,0,0,0,0,0,0,"- ","- ",32.567501068115234,-117.01898956298828,"SAN DIEGO","SAN DIEGO",-117.01894378662109,32.567596435546875
92035803,2023,2023-04-03,9645,2023-03-23,1029,015270,,4,1,7,3711,0,1,1,,2,019,"I-15 N/B","OF THE SOUTH ROAD EDGE OF TED WILLIAMS PARKWAY",1.00,N,N,B,-,Y,SD,,15," ",M,19.449,H,,R,Y,2,0,1,3,A,-,03,22350,,F,C,C,A,B,H,-,A,D,0,,,,Y,Y,,A,07,1,0,0,0,0,0,0,0,0,"- ","- ",32.964408874511719,-117.09507751464844,"SAN DIEGO","SAN DIEGO",-117.09520721435547,32.964462280273438
92035972,2023,2023-07-17,9650,2023-03-26,1135,019652,,7,1,6,3710,0,1,1,,2,005,"I-5 N/B","JEFFERSON ST",50.00,N,N,A,-,Y,SD,,5," ",R,50.886,H,,R,N,2,0,1,4,A,-,03,22350,,N,C,C,A,A,D,-,A,D,0,,,Y,,Y,,C,02,1,0,0,0,0,0,0,0,1,"- ","- ",33.173198699951172,-117.34829711914062,"SAN DIEGO",OCEANSIDE,-117.3482666015625,33.1732177734375
92037076,2023,2023-04-04,9680,2023-03-20,2105,018801,,1,2,9,3700,0,1,3,,2,016,SR-67,"MAPLEVIEW STREET",0.00,,Y,B,-,Y,SD,,67," ",R,5.475,H,,R,Y,2,0,1,2,A,-,12,21453,A,N,D,C,A,A,H,-,C,A,0,,,Y,,Y,,C,02,1,0,0,0,0,0,0,0,1,"- ","- ",32.862869262695312,-116.92281341552734,"SAN DIEGO",UNINCORPORATED,-116.92283630371094,32.862876892089844
92037478,2023,2023-04-05,9645,2023-03-24,"56  ",020997,,5,3,7,3711,0,1,3,,2,023,"SR-163 N/B","FULTON STREET PED OVERCROSSING",155.00,N,N,A,-,Y,SD,,163," "," ",5.530,H,,R,N,2,0,2,3,A,-,03,22350,,N,G,1,E,A,H,-,D,D,0,Y,,,,Y,,A,01,1,1,0,0,1,0,0,0,0,"- ","- ",32.787841796875,-117.16040802001953,"SAN DIEGO","SAN DIEGO",-117.16037750244141,32.787830352783203
92037671,2023,2023-04-05,9650,2023-03-30,"15  ",022139,,4,3,5,3712,0,1,3,,2,019,"STATE ROUTE 78 WESTBOUND","SAN MARCOS BOULEVARD",2362.00,W,N,B,C,Y,SD,,78," "," ",11.716,H,,L,Y,2,0,1,1,A,-,08,22107,,N,E,I,A,B,H,-,D,D,0,,,,,Y,,A,01,1,0,0,0,0,0,0,0,0,"- ","- ",33.140510559082031,-117.18325805664062,"SAN DIEGO","SAN MARCOS",-117.18328857421875,33.140453338623047
92039006,2023,2023-04-06,9680,2023-03-26,"100 ",017621,,7,3,9,3700,0,1,3,,1,091,"SR-78 (PINE ST.)","A ST.",85.00,W,N,A,-,Y,SD,,78," "," ",35.369,H,,R,Y,2,0,3,1,A,-,03,22350,,N,E,I,A,A,H,-,C,D,0,,,,,Y,Y,A,01,1,1,1,0,0,0,0,0,0,"- ","- ",33.044010162353516,-116.87023162841797,"SAN DIEGO",UNINCORPORATED,-116.87015533447266,33.044052124023438
92039777,2022,2023-04-07,9645,2022-10-23,1947,022512,,7,2,7,3711,0,1,1,,2,009,"INTERSTATE 805 NORTHBOUND","DEL SOL BOULEVARD",250.00,N,N,B,-,Y,SD,,805,,,2.230,H,,R,N,1,1,0,2,A,-,11,21954,A,N,G,B,E,A,H,-,C,D,0,Y,,,,Y,,N,60,0,0,0,1,0,0,0,0,0,"- ","- ",32.574249267578125,-117.03897094726562,"SAN DIEGO","SAN DIEGO",-117.03904724121094,32.574260711669922
92041919,2023,2023-04-11,9650,2023-03-25,"417 ",019191,,6,3,5,3713,0,1,3,,2,015,"SR-78 W/B","EMERALD DR",2115.00,W,N,A,-,Y,SD,,78," "," ",3.968,H,,L,N,1,1,0,2,A,-,11,21954,A,N,G,B,E,A,D,-,C,D,0,Y,,,,Y,,N,60,0,0,0,1,0,0,0,0,0,"- ","- ",33.184978485107422,-117.28575134277344,"SAN DIEGO",VISTA,-117.28572082519531,33.184944152832031
92042221,2023,2023-04-11,9645,2023-03-29,1925,019241,,3,2,7,3711,0,1,1,,2,001,"I-5 S/B","DAIRY MART ROAD",221.00,N,N,A,-,Y,SD,,5," "," ",2.340,H,,L,Y,2,0,1,2,A,-,03,22350,,N,C,C,A,B,H,-,C,D,0,,,Y,,Y,,C,02,1,0,0,0,0,0,0,0,1,"- ","- ",32.558700561523438,-117.06275177001953,"SAN DIEGO","SAN DIEGO",-117.06279754638672,32.558628082275391
92042290,2023,2023-05-01,9650,2023-03-30,1634,020966,,4,2,5,3701,0,1,1,,2,005,"I-5 N/B","POINSETTIA LN",1480.00,S,N,A,-,Y,SD,,5," ",R,45.282,H,,R,Y,2,0,1,2,A,-,08,22107,,F,B,C,A,A,H,-,A,D,0,,,Y,,Y,,-,99,1,0,0,0,0,0,0,0,1,"- ","- ",33.099720001220703,-117.30809783935547,"SAN DIEGO",CARLSBAD,-117.30803680419922,33.099750518798828
92044318,2023,2023-08-18,9650,2023-04-06,1440,020966,,4,2,9,3700,0,1,1,,2,003,"I-5 S/B","WIRE MOUNTAIN ROAD",1173.00,N,N,A,-,Y,SD,,5," ",R,54.996,H,,L,Y,2,0,3,2,A,-,03,22350,,N,C,C,A,A,H,-,A,D,0,,,,,Y,,A,01,1,1,1,0,0,0,0,0,0,"- ","- ",33.218761444091797,-117.39118194580078,"SAN DIEGO",UNINCORPORATED,-117.39122009277344,33.21875
92045510,2023,2023-04-14,9645,2023-03-25,"2   ",022884,,6,3,7,3711,0,1,1,,2,003,"I-5 NB","6TH AVENUE",1180.00,S,N,A,-,Y,SD,,5," ",R,16.029,H,,R,Y,2,0,2,1,A,-,01,23152,A,N,E,I,A,A,H,-,C,D,0,,,,,Y,Y,A,01,1,0,1,0,0,0,0,0,0,"- ","- ",32.724178314208984,-117.15476226806641,"SAN DIEGO","SAN DIEGO",-117.15476989746094,32.724266052246094
92045835,2023,2023-04-17,9650,2023-04-03,1825,022892,,1,2,9,3700,0,2,4,,2,061,"E. MISSION ROAD","N. MAIN AVE",105.00,E,N,A,-,N,,,,,,,,,,N,2,0,1,2,A,-,11,21954,A,N,G,B,D,A,H,-,A,A,0,Y,,,,Y,,N,60,1,0,0,0,1,0,0,0,0,"- ","- ",33.384670257568359,-117.25093078613281,"SAN DIEGO",UNINCORPORATED,-117.25098419189453,33.384620666503906
92046222,2023,2023-04-17,9650,2023-04-06,1450,022480,,4,2,9,3700,0,3,5,,1,160,"VISTA WAY","TUSHAK RANCH RD.",0.00,,Y,A,-,N,,,,,,,,,,Y,2,0,1,2,A,-,06,21755,,N,D,C,A,A,H,-,A,D,0,,,Y,,Y,,C,02,1,0,0,0,0,0,0,0,1,"- ","- ",33.255561828613281,-117.23506164550781,"SAN DIEGO",UNINCORPORATED,-117.23502349853516,33.255577087402344
92046473,2023,2023-09-01,9680,2023-04-05,1830,023113,,3,2,9,3700,0,2,4,,1,029,"CAMPO RD","ROGERS RD",700.00,W,N,A,-,N,,,,,,,,,,N,2,0,1,1,A,-,03,22350,,N,F,A,A,A,H,-,A,D,0,,,Y,,Y,,C,02,1,0,0,0,0,0,0,0,1,"- ","- ",32.749221801757812,-116.99481201171875,"SAN DIEGO",UNINCORPORATED,-116.99468994140625,32.749191284179688
92046915,2023,2023-04-17,9680,2023-03-01,1540,018672,,3,2,9,3700,0,1,3,,1,051,"STATE ROUTE 79","SCHOOL HOUSE CANYON RD",280.00,S,N,B,D,Y,SD,,79," "," ",23.554,H,,R,Y,2,0,4,7,A,-,03,22350,,N,F,A,A,C,H,-,A,D,0,,,,,Y,,J,49,1,3,0,0,0,0,0,0,0,"- ","- ",33.155120849609375,-116.67381286621094,"SAN DIEGO",UNINCORPORATED,-116.67377471923828,33.155117034912109
9204756,2020,2021-02-19,3711,2020-12-26,1251,SD6146,,6,5,7,3711,0,0,0,,0,242,"GOLD COAST DR","CAMINO RUIZ",11.00,W,N,A,-,N,,,,,,,,,,N,2,0,1,2,A,-,17,21451,A,F,D,G,A,A,H,-,A,A,0,,Y,,,Y,,-,99,1,0,0,0,0,0,1,0,0,"- ","- ",,,"SAN DIEGO","SAN DIEGO",-117.14622497558594,32.905330657958984
9204800,2020,2021-02-22,3711,2020-12-28,2107,SD5812,,1,5,7,3711,0,0,0,,0,124,"MOUNT SOLEDAD DR","SOLEDAD RD 5800",500.00,E,N,C,-,N,,,,,,,,,,Y,2,0,1,2,A,-,08,22107,,N,C,E,A,B,H,-,E,D,0,,,,,Y,,A,01,1,0,0,0,0,0,0,0,0,"- ","- ",,,"SAN DIEGO","SAN DIEGO",,
92049864,2022,2023-04-20,9680,2022-12-16,1736,022106,,5,2,9,3700,0,2,4,,1,021,"DEHESA ROAD","WALSALL ROAD",15.00,E,N,A,-,N,,,,,,,,,,Y,1,1,1,2,A,-,05,21460,A,N,A,C,A,A,H,-,D,D,0,,,,,Y,,A,01,0,0,1,0,0,0,0,0,0,"- ","- ",32.7877197265625,-116.90387725830078,"SAN DIEGO",UNINCORPORATED,,
92051119,2023,2023-04-24,9650,2023-04-16,1730,022892,,7,2,9,3700,0,3,5,,1,160,"CAMINO DEL REY","VIA DE LA REINA",2693.00,E,N,A,-,N,,,,,,,,,,Y,2,0,2,2,A,-,03,22350,,N,A,C,A,A,H,-,A,D,0,,,,,Y,,A,01,1,0,1,0,0,0,0,0,0,"- ","- ",33.273780822753906,-117.18319702148438,"SAN DIEGO",UNINCORPORATED,-117.17531585693359,33.271858215332031
92058543,2023,2023-05-01,9645,2023-04-19,1825,017025,,3,2,7,3711,0,1,3,,2,023,"SR-163 S/B","GENESEE AVE U/C",1000.00,N,N,A,-,Y,SD,,163," "," ",6.054,H,,L,N,2,0,1,2,A,-,03,22350,,N,C,C,A,A,H,-,A,D,0,,,Y,,Y,,C,02,1,0,0,0,0,0,0,0,1,"- ","- ",32.795078277587891,-117.15792083740234,"SAN DIEGO","SAN DIEGO",-117.15798187255859,32.795093536376953
92058591,2023,2023-05-01,9680,2023-04-19,1920,019555,,3,2,9,3700,0,2,4,,1,010,"WOODSIDE AVE","RIVERFORD ROAD",735.00,E,N,A,-,N,,,,,,,,,,Y,2,0,1,1,A,-,08,22107,,N,E,I,A,A,H,-,B,D,0,,,Y,,Y,,C,02,1,0,0,0,0,0,0,0,1,"- ","- ",32.854911804199219,-116.94435882568359,"SAN DIEGO",UNINCORPORATED,-116.94439697265625,32.854789733886719
92060323,2023,2023-05-03,9680,2023-04-21,1820,023077,,5,2,9,3700,0,2,4,,1,061,"CHURCH RD","OLD HIGHWAY 80",12.00,W,N,A,-,N,,,,,,,,,,Y,2,0,1,2,A,-,08,22107,,N,A,C,A,A,H,-,A,A,0,,,Y,,Y,,D,22,1,0,0,0,0,0,0,0,1,"- ","- ",32.700740814208984,-116.35738372802734,"SAN DIEGO",UNINCORPORATED,-116.35734558105469,32.700778961181641
92061266,2023,2023-05-04,9645,2023-04-23,"245 ",021617,,7,3,7,3711,0,1,1,,2,007,"I-5 NB","SORRENTO VALLEY RD U/C",2620.00,N,N,A,-,Y,SD,,805," "," ",28.788,H,,R,N,2,0,1,1,A,-,08,22107,,N,E,I,A,A,H,-,C,D,0,,,,,Y,,A,01,1,0,0,0,0,0,0,0,0,"- ","- ",32.908100128173828,-117.22599792480469,"SAN DIEGO","SAN DIEGO",-117.22621917724609,32.908004760742188
92061695,2023,2023-05-04,9645,2023-04-23,1819,022479,,7,2,7,3711,0,1,3,,2,016,"SR-52 W/B","I-15 N/B",650.00,E,N,A,-,Y,,,,,,,,,,Y,2,0,1,1,A,-,03,22350,,N,E,I,A,A,H,-,A,D,0,,,Y,,Y,,C,02,1,0,0,0,0,0,0,0,1,"- ","- ",32.842319488525391,-117.11808013916016,"SAN DIEGO","SAN DIEGO",-117.11808013916016,32.841991424560547
92062201,2023,2023-05-05,9645,2023-04-24,2250,022932,,1,3,7,3711,0,1,1,,2,021,"SR-15 SOUTHBOUND TO I-5 SOUTHBOUND","1-5 UNDERCROSSING",300.00,N,N,A,-,Y,SD,,5," ",R,12.577,H,,R,Y,2,0,2,2,A,-,01,23152,A,N,C,C,A,A,H,-,C,D,0,,,,,Y,Y,A,01,1,1,0,0,0,0,0,0,0,"- ","- ",32.692470550537109,-117.12062835693359,"SAN DIEGO","SAN DIEGO",-117.12073516845703,32.692359924316406
9206302,2021,2021-03-16,3711,2021-01-24,0142,SD7461,,7,5,7,3711,0,0,0,,0,451,"BAYVIEW HEIGHTS DR","BAYVIEW HEIGHTS WY 2000",748.00,N,N,C,-,N,,,,,,,,,,Y,2,0,1,7,A,-,08,22107,,F,G,B,E,B,H,-,C,D,0,Y,,,,Y,,A,01,1,0,0,0,1,0,0,0,0,"- ","- ",,,"SAN DIEGO","SAN DIEGO",,
9206408,2020,2021-02-12,3711,2020-12-19,1830,SD1196,,6,5,7,3711,0,0,0,,0,512,"WEBSTER AV","31ST ST",0.00,,Y,A,-,N,,,,,,,,,,Y,2,0,4,2,A,-,03,22350,,N,F,C,A,A,G,-,C,D,0,,,,,Y,,A,01,1,1,2,0,0,0,0,0,0,"- ","- ",,,"SAN DIEGO","SAN DIEGO",-117.12734985351562,32.704319000244141