CASE_ID,ACCIDENT_YEAR,PROC_DATE,JURIS,COLLISION_DATE,COLLISION_TIME,OFFICER_ID,REPORTING_DISTRICT,DAY_OF_WEEK,CHP_SHIFT,POPULATION,CNTY_CITY_LOC,SPECIAL_COND,BEAT_TYPE,CHP_BEAT_TYPE,CITY_DIVISION_LAPD,CHP_BEAT_CLASS,BEAT_NUMBER,PRIMARY_RD,SECONDARY_RD,DISTANCE,DIRECTION,INTERSECTION,WEATHER_1,WEATHER_2,STATE_HWY_IND,CALTRANS_COUNTY,CALTRANS_DISTRICT,STATE_ROUTE,ROUTE_SUFFIX,POSTMILE_PREFIX,POSTMILE,LOCATION_TYPE,RAMP_INTERSECTION,SIDE_OF_HWY,TOW_AWAY,COLLISION_SEVERITY,NUMBER_KILLED,NUMBER_INJURED,PARTY_COUNT,PRIMARY_COLL_FACTOR,PCF_CODE_OF_VIOL,PCF_VIOL_CATEGORY,PCF_VIOLATION,PCF_VIOL_SUBSECTION,HIT_AND_RUN,TYPE_OF_COLLISION,MVIW,PED_ACTION,ROAD_SURFACE,ROAD_COND_1,ROAD_COND_2,LIGHTING,CONTROL_DEVICE,CHP_ROAD_TYPE,PEDESTRIAN_ACCIDENT,BICYCLE_ACCIDENT,MOTORCYCLE_ACCIDENT,TRUCK_ACCIDENT,NOT_PRIVATE_PROPERTY,ALCOHOL_INVOLVED,STWD_VEHTYPE_AT_FAULT,CHP_VEHTYPE_AT_FAULT,COUNT_SEVERE_INJ,COUNT_VISIBLE_INJ,COUNT_COMPLAINT_PAIN,COUNT_PED_KILLED,COUNT_PED_INJURED,COUNT_BICYCLIST_KILLED,COUNT_BICYCLIST_INJURED,COUNT_MC_KILLED,COUNT_MC_INJURED,PRIMARY_RAMP,SECONDARY_RAMP,LATITUDE,LONGITUDE,COUNTY,CITY,POINT_X,POINT_Y
9389765,2021,2022-01-14,3711,2021-12-18,1214,SD5985,,6,5,7,3711,0,0,0,,0,526,"6TH AV","CEDAR ST",128.00,N,N,A,-,N,,,,,,,,,,Y,2,0,2,5,C,-,18,,,N,E,I,F,A,H,-,A,D,0,Y,,,,Y,,-,"- ",1,0,1,0,2,0,0,0,0,"- ","- ",,,"SAN DIEGO","SAN DIEGO",-117.1593017578125,32.722320556640625
9389783,2021,2022-01-14,3711,2021-12-06,1733,SD1574,,1,5,7,3711,0,0,0,,0,529,"6TH AV","LAUREL ST",0.00,,Y,A,-,N,,,,,,,,,,N,2,0,1,2,A,-,10,21950,A,N,G,B,B,A,H,-,C,A,0,Y,,,,Y,,A,01,1,0,0,0,1,0,0,0,0,"- ","- ",,,"SAN DIEGO","SAN DIEGO",-117.15943145751953,32.731388092041016
9390627,2021,2022-01-31,3710,2021-11-25,2046,OC1457,,4,5,6,3710,0,0,0,,0,012,"LAUREL RD","RUDDER RD",0.00,,Y,A,-,N,,,,,,,,,,Y,2,0,2,2,A,-,01,23153,A,N,A,C,A,A,H,-,C,D,0,,,,,Y,Y,A,01,1,0,1,0,0,0,0,0,0,"- ","- ",,,"SAN DIEGO",OCEANSIDE,-117.33467102050781,33.187744140625
9391306,2021,2022-01-20,3703,2021-12-17,1643,1331,3,5,5,3,3703,0,0,0,,0,003,"GRAND CARIBE CY","CORONADO CAYS BL",10.00,E,N,A,-,N,,,,,,,,,,N,2,0,1,1,A,-,03,22350,,N,E,J,A,A,H,-,B,A,0,,Y,,,Y,,L,04,1,0,0,0,0,0,1,0,0,"- ","- ",32.622711181640625,-117.13385009765625,"SAN DIEGO",CORONADO,-117.13408660888672,32.622596740722656
9391535,2021,2022-02-11,3709,2021-12-13,1412,NC0510,,1,5,5,3709,0,0,0,,0,023,"L AV","E 21ST ST",128.00,S,N,A,-,N,,,,,,,,,,Y,2,0,1,3,A,-,08,22107,,N,A,E,A,A,H,-,A,D,0,,,,,Y,,D,22,1,0,0,0,0,0,0,0,0,"- ","- ",,,"SAN DIEGO","NATIONAL CITY",-117.09012603759766,32.667705535888672
9392013,2021,2022-01-20,3711,2021-12-23,2142,SD65133,,4,5,7,3711,0,0,0,,0,615,"NIMITZ BL","EVERGREEN ST",26.00,S,N,B,-,N,,,,,,,,,,Y,2,0,1,1,A,-,07,21658,A,N,E,I,A,B,H,-,C,A,0,,,,,Y,Y,A,01,1,0,0,0,0,0,0,0,0,"- ","- ",,,"SAN DIEGO","SAN DIEGO",-117.22768402099609,32.729759216308594
9392241,2022,2022-02-03,3710,2022-01-02,0435,OC1480,,7,5,6,3710,0,0,0,,0,010,"MISSION A","BUTLER ST",1056.00,E,N,A,-,N,,,,,,,,,,N,2,0,1,2,A,-,11,21954,A,N,G,B,D,A,H,-,D,D,0,Y,,Y,,Y,Y,N,60,1,0,0,0,1,0,0,0,0,"- ","- ",,,"SAN DIEGO",OCEANSIDE,-117.34832763671875,33.213348388671875
9392682,2021,2022-01-31,3700,2021-11-07,2109,SH0141,,7,5,5,3712,0,0,0,,0,359,"WEST SAN MARCOS BL","KNIGHTS REALM",272.00,E,N,A,-,N,,,,,,,,,,Y,2,0,1,4,A,-,01,23152,A,N,B,C,A,A,H,-,D,D,0,,,Y,,Y,Y,C,02,1,0,0,0,0,0,0,0,1,"- ","- ",,,"SAN DIEGO","SAN MARCOS",-117.20397186279297,33.131427764892578
9393509,2022,2022-02-04,3710,2022-01-14,1745,OC1494,,5,5,6,3710,0,0,0,,0,007,"OCEANSIDE BL","RT 5",0.00,,Y,A,-,N,,,,,,,,,,N,2,0,1,2,A,-,10,21950,A,F,G,B,B,A,H,-,D,A,0,Y,,,,Y,,-,,1,0,0,0,1,0,0,0,0,"- ",SF,,,"SAN DIEGO",OCEANSIDE,-117.3624267578125,33.190254211425781
9395879,2021,2022-02-09,3711,2021-12-31,0100,SD5418,,5,5,7,3711,0,0,0,,0,122,"BALBOA AV","BALBOA AV 1900",0.00,,-,-,-,N,,,,,,,,,,N,2,0,1,2,A,-,08,22107,,M,H,-,A,-,-,-,C,-,0,,,Y,,Y,,-,99,1,0,0,0,0,0,0,0,1,"- ","- ",,,"SAN DIEGO","SAN DIEGO",-117.23413848876953,32.799472808837891
9396204,2021,2022-02-04,3702,2021-12-24,2116,CV1377,,5,5,6,3702,0,0,0,,0,014,"3RD AV","F ST",3.00,S,N,A,-,N,,,,,,,,,,N,2,0,2,3,A,-,06,21750,,F,G,B,F,A,H,-,C,A,0,Y,,,,Y,,A,07,2,0,0,0,2,0,0,0,0,"- ","- ",,,"SAN DIEGO","CHULA VISTA",-117.07998657226562,32.641193389892578
9406337,2021,2022-05-10,3702,2021-07-06,1059,CV1133,,2,5,6,3702,0,0,0,,0,031,"EAST H ST","PASEO DEL REY",35.00,W,N,A,-,N,,,,,,,,,,Y,2,0,5,7,A,-,01,23153,F,N,B,C,A,A,H,-,A,A,0,,,,,Y,,A,07,1,1,3,0,0,0,0,0,0,"- ","- ",,,"SAN DIEGO","CHULA VISTA",-117.02939605712891,32.636028289794922
9406771,2022,2022-03-11,3711,2022-02-26,1040,SD1503,,6,5,7,3711,0,0,0,,0,521,"14TH ST","BROADWAY ST",0.00,,Y,A,-,N,,,,,,,,,,N,2,0,1,2,A,-,12,21453,A,N,D,G,A,A,H,-,A,A,0,,Y,,,Y,Y,L,04,1,0,0,0,0,0,1,0,0,"- ","- ",,,"SAN DIEGO","SAN DIEGO",-117.15193939208984,32.715755462646484
9407349,2022,2022-03-16,3709,2022-02-13,1546,NC0530,,7,5,5,3709,0,0,0,,0,023,"N 2ND ST","N 2ND ST 3000",0.00,,Y,A,-,N,,,,,,,,,,Y,2,0,1,1,A,-,03,22350,,N,H,J,A,A,H,-,A,D,0,,,Y,,Y,Y,C,02,1,0,0,0,0,0,0,0,1,"- ","- ",,,"SAN DIEGO","NATIONAL CITY",-117.10894775390625,32.680988311767578
9407611,2022,2022-03-04,3711,2022-01-13,1938,SD7839,,4,5,7,3711,0,0,0,,0,611,"ROSECRANS ST","SPORTS ARENA BL",35.00,N,N,A,-,N,,,,,,,,,,N,2,0,1,2,A,-,11,21954,A,N,G,B,D,A,H,-,C,A,0,Y,,,,Y,,N,60,1,0,0,0,1,0,0,0,0,"- ","- ",,,"SAN DIEGO","SAN DIEGO",-117.20494079589844,32.751529693603516
94080802,2024,2024-08-12,9645,2024-08-01,"557 ",023922,,4,3,7,3711,0,1,1,,2,015,"I-805 N/B FROM E CLAIREMONT DR","CLAIREMONT MESA BLVD.",38.00,S,N,A,-,Y,,,,,,,,,,N,2,0,1,1,A,-,03,22350,,N,F,A,A,A,H,-,A,D,0,,,Y,,Y,,C,02,1,0,0,0,0,0,0,0,1,"- ","- ",32.832859039306641,-117.16767883300781,"SAN DIEGO","SAN DIEGO",-117.16934204101562,32.833408355712891
9408807,2022,2022-03-08,3710,2022-02-09,1724,OC1515,,3,5,6,3710,0,0,0,,0,024,"MESA DR","PEARWOOD ST",148.00,W,N,A,-,N,,,,,,,,,,Y,2,0,1,1,C,-,18,,,N,E,I,A,A,H,-,C,D,0,,,Y,,Y,,-,"- ",1,0,0,0,0,0,0,0,1,"- ","- ",,,"SAN DIEGO",OCEANSIDE,-117.32743835449219,33.209922790527344
9410914,2021,2022-02-23,3700,2021-12-12,1628,SH2001,,7,5,4,3707,0,0,0,,0,701,"RT 75","7TH ST",323.00,N,N,A,-,N,,,,,,,,,,N,2,0,2,3,A,-,01,23152,A,N,E,I,F,A,H,-,A,D,0,Y,,,,Y,Y,A,01,1,1,0,0,2,0,0,0,0,"- ","- ",,,"SAN DIEGO","IMPERIAL BEACH",-117.117991,32.585293
9411900,2021,2022-03-08,3711,2021-12-27,1946,SD7185,,1,5,7,3711,0,0,0,,0,124,"GIRARD AV","PROSPECT ST",0.00,,Y,B,C,N,,,,,,,,,,N,2,0,1,2,A,-,10,21950,A,F,G,B,B,B,H,-,C,A,0,Y,,,,Y,,-,99,1,0,0,0,1,0,0,0,0,"- ","- ",,,"SAN DIEGO","SAN DIEGO",-117.27474975585938,32.847454071044922
9412438,2022,2022-03-01,3711,2022-02-12,2223,SD1553,,6,5,7,3711,0,0,0,,0,724,"CORONADO AV","27TH ST",0.00,,Y,A,-,N,,,,,,,,,,N,2,0,1,1,A,-,03,22350,,N,H,I,A,A,H,-,C,D,0,,,Y,,Y,,C,02,1,0,0,0,0,0,0,0,1,"- ","- ",,,"SAN DIEGO","SAN DIEGO",-117.07543182373047,32.576473236083984
9413013,2021,2022-03-15,3710,2021-12-28,1750,OC1472,,2,5,6,3710,0,0,0,,0,027,"OCEANSIDE BL","COLLEGE BL",0.00,,Y,C,-,N,,,,,,,,,,N,2,0,1,2,A,-,01,21200,5,N,G,G,E,B,H,-,C,A,0,Y,,,,Y,Y,N,60,1,0,0,0,1,0,0,0,0,"- ","- ",,,"SAN DIEGO",OCEANSIDE,-117.28506469726562,33.207130432128906
9413612,2022,2022-03-28,3710,2022-01-29,1059,OC1443,,6,5,6,3710,0,0,0,,0,009,"SOUTH COAST HWY","EATON ST",0.00,,Y,B,-,N,,,,,,,,,,N,2,0,1,2,A,-,09,21801,A,N,D,G,A,A,H,-,A,D,0,,Y,,,Y,,J,48,1,0,0,0,0,0,1,0,0,"- ","- ",,,"SAN DIEGO",OCEANSIDE,-117.35832214355469,33.170608520507812
9414083,2022,2022-03-15,3702,2022-02-13,1205,CV1107,,7,5,6,3702,0,0,0,,0,031,"BONITA RD","BILLY CASPER WY",0.00,,Y,A,-,N,,,,,,,,,,Y,2,0,1,2,A,-,09,21453,C,N,D,C,A,A,H,-,A,A,0,,,Y,,Y,,A,01,1,0,0,0,0,0,0,0,1,"- ","- ",,,"SAN DIEGO","CHULA VISTA",-117.03376770019531,32.660602569580078
9414988,2022,2022-03-02,3710,2022-02-10,1012,OC1422,,4,5,6,3710,0,0,0,,0,008,"OCEANSIDE BL","MITCHELL ST",50.00,E,N,A,-,N,,,,,,,,,,Y,2,0,1,1,A,-,04,21703,,N,F,A,A,A,H,-,A,D,0,,,Y,,Y,,C,02,1,0,0,0,0,0,0,0,1,"- ","- ",,,"SAN DIEGO",OCEANSIDE,-117.36791229248047,33.184402465820312
9414997,2022,2022-03-02,3708,2022-02-07,0531,LM1245,,1,5,5,3708,0,0,0,,0,002,"SPRING ST","MILLS ST",8.00,S,N,A,-,N,,,,,,,,,,N,2,0,1,2,A,-,11,21954,A,N,G,B,D,A,H,-,C,D,0,Y,,,,Y,,N,60,1,0,0,0,1,0,0,0,0,"- ","- ",,,"SAN DIEGO","LA MESA",-117.02195739746094,32.767818450927734
9415825,2022,2022-03-23,3702,2022-02-18,1827,CV1212,,5,5,6,3702,0,0,0,,0,022,"QUINTARD ST","1ST AV",360.00,W,N,A,-,N,,,,,,,,,,Y,2,0,1,3,A,-,08,22107,,N,C,E,A,A,H,-,D,D,0,,,,Y,Y,,A,07,1,0,0,0,0,0,0,0,0,"- ","- ",,,"SAN DIEGO","CHULA VISTA",-117.05799865722656,32.605293273925781
9416428,2022,2022-03-15,3702,2022-01-29,1124,CV1294,,6,5,6,3702,0,0,0,,0,013,"4TH AV","L ST",15.00,S,N,B,-,N,,,,,,,,,,Y,2,0,1,1,A,-,08,22107,,N,F,A,A,A,H,-,A,A,0,,,Y,,Y,,C,02,1,0,0,0,0,0,0,0,1,"- ","- ",,,"SAN DIEGO","CHULA VISTA",-117.07588195800781,32.619411468505859
9416553,2022,2022-03-21,3708,2022-02-06,0021,LM1206,,7,5,5,3708,0,0,0,,0,001,"LA MESA BL","UNIVERSITY AV",218.00,N,N,A,-,N,,,,,,,,,,Y,2,0,1,1,A,-,01,23152,A,N,E,I,A,A,H,-,C,D,0,,,,,Y,Y,A,01,1,0,0,0,0,0,0,0,0,"- ","- ",,,"SAN DIEGO","LA MESA",-117.02696990966797,32.765346527099609
9416855,2021,2022-03-16,3700,2021-07-22,1822,SH0214,,4,5,4,3720,0,0,0,,0,604,"SAN MIGUEL AV","MERCURY DR",163.00,E,N,A,-,N,,,,,,,,,,Y,2,0,1,2,A,-,05,21650,1,N,H,G,A,A,H,-,A,D,0,,Y,,,Y,,L,04,1,0,0,0,0,0,1,0,0,"- ","- ",,,"SAN DIEGO","LEMON GROVE",-117.04456329345703,32.735187530517578
9416994,2022,2022-03-22,3710,2022-02-26,1850,OC0835,,6,5,6,3710,0,0,0,,0,025,"OCEANSIDE BL","RANCHO DEL ORO DR",308.00,W,N,A,-,N,,,,,,,,,,Y,2,0,2,1,A,-,03,22350,,F,F,I,A,A,H,-,D,D,0,,,,,Y,,A,01,1,1,0,0,0,0,0,0,0,"- ","- ",,,"SAN DIEGO",OCEANSIDE,-117.31199645996094,33.202995300292969
9417265,2021,2022-03-22,3711,2021-08-05,1200,SD1570,,4,5,7,3711,0,0,0,,0,325,"NAVAJO RD","GOLFCREST DR",0.00,,Y,A,-,N,,,,,,,,,,N,2,0,1,2,A,-,08,22107,,N,A,B,B,A,H,-,A,A,0,Y,,,,Y,,-,,1,0,0,0,1,0,0,0,0,"- ","- ",,,"SAN DIEGO","SAN DIEGO",-117.03810119628906,32.804153442382812
9418751,2022,2022-03-25,3700,2022-02-28,1141,SH0690,,1,5,5,3712,0,0,0,,0,350,"WEST MISSION RD","FIREBIRD LN",0.00,,Y,A,-,N,,,,,,,,,,N,2,0,1,2,A,-,10,21950,A,N,G,B,D,A,H,-,A,D,0,Y,,,,Y,,A,01,1,0,0,0,1,0,0,0,0,"- ","- ",,,"SAN DIEGO","SAN MARCOS",-117.16497802734375,33.143238067626953
9420043,2022,2022-04-20,3711,2022-04-10,1427,SD8695,,7,5,7,3711,0,0,0,,0,124,"TORREY PINES RD","POTTERY PARK DRWY",0.00,,-,A,-,N,,,,,,,,,,Y,2,0,2,1,A,-,08,22107,,N,E,-,A,A,H,-,A,A,0,,,,,Y,,A,01,1,0,1,0,0,0,0,0,0,"- ","- ",,,"SAN DIEGO","SAN DIEGO",-117.26964569091797,32.845069885253906
9420488,2022,2022-05-06,3710,2022-03-30,2230,OC1419,,3,5,6,3710,0,0,0,,0,009,"SOUTH COAST HWY","VISTA WY",10.00,N,N,A,-,N,,,,,,,,,,N,2,0,1,2,A,-,12,21453,A,F,G,B,B,A,H,-,C,A,0,Y,,,,Y,Y,-,"- ",1,0,0,0,1,0,0,0,0,"- ","- ",,,"SAN DIEGO",OCEANSIDE,-117.35958099365234,33.172103881835938
9423412,2022,2022-04-14,3711,2022-03-14,2352,SD4310,,1,5,7,3711,0,0,0,,0,837,"HOME AV","ASH ST",13.00,N,N,A,-,Y,SD,11,94,-,-,3.510,R,4,W,Y,2,0,1,2,D,-,00,,,N,G,B,B,A,H,-,C,A,0,Y,,,,Y,,-,"- ",1,0,0,0,1,0,0,0,0,"- ","- ",,,"SAN DIEGO","SAN DIEGO",-117.11251831054688,32.718063354492188
9423811,2022,2022-04-13,3711,2022-03-18,2318,SD1567,,5,5,7,3711,0,0,0,,0,721,"PALM AV","BEYER BL",0.00,,Y,B,-,N,,,,,,,,,,Y,2,0,2,2,A,-,12,21453,A,N,F,C,A,A,H,-,C,A,0,,,,,Y,Y,D,23,1,1,0,0,0,0,0,0,0,"- ","- ",,,"SAN DIEGO","SAN DIEGO",-117.07124328613281,32.583877563476562
9424289,2022,2022-04-05,3700,2022-03-02,1415,SH2001,,3,5,5,3781,0,0,0,,0,519,"MISSION GORGE RD","MISSION GREENS RD",0.00,,Y,A,-,N,,,,,,,,,,Y,2,0,2,2,D,-,00,,,N,D,C,A,A,H,-,A,A,0,,,,,Y,,-,"- ",1,0,1,0,0,0,0,0,0,"- ","- ",,,"SAN DIEGO",SANTEE,-116.98159027099609,32.838577270507812
9425147,2022,2022-04-13,3710,2022-03-24,0926,OC1485,,4,5,6,3710,0,0,0,,0,007,"SOUTH COAST HWY","MISSOURI AV",14.00,E,N,A,-,N,,,,,,,,,,Y,2,0,1,2,A,-,09,21802,A,N,D,C,A,A,H,-,A,D,0,,,Y,Y,Y,,F,26,1,0,0,0,0,0,0,0,1,"- ","- ",,,"SAN DIEGO",OCEANSIDE,-117.37602233886719,33.191730499267578
9425333,2022,2022-04-12,3700,2022-02-25,1900,SH7710,,5,5,5,3782,0,0,0,,0,222,"ENCINITAS BL","VIA CANTEBRIA",0.00,,Y,A,-,N,,,,,,,,,,Y,2,0,1,2,A,-,01,23153,A,N,D,C,A,A,H,-,C,A,0,,,,,Y,Y,A,07,1,0,0,0,0,0,0,0,0,"- ","- ",,,"SAN DIEGO",ENCINITAS,-117.26686859130859,33.046146392822266
9425339,2022,2022-04-12,3700,2022-02-11,1907,SH3192,,5,5,5,3782,0,0,0,,0,240,"SOUTH COAST HWY 101","OCEAN AV",688.00,N,N,A,-,N,,,,,,,,,,Y,2,0,2,2,A,-,01,23153,B,N,C,C,A,A,H,-,C,D,0,,,,,Y,Y,A,01,1,0,1,0,0,0,0,0,0,"- ","- ",,,"SAN DIEGO",ENCINITAS,-117.27611541748047,33.001052856445312
9425654,2022,2022-04-21,3711,2022-03-29,1728,SD5600,,2,5,7,3711,0,0,0,,0,615,"ROSECRANS ST","OLIPHANT ST",0.00,,Y,B,-,N,,,,,,,,,,Y,2,0,1,2,A,-,09,21801,A,F,D,C,A,A,H,-,A,D,0,,,Y,,Y,Y,A,07,1,0,0,0,0,0,0,0,1,"- ","- ",,,"SAN DIEGO","SAN DIEGO",-117.22428894042969,32.73040771484375
9426168,2021,2022-06-23,3700,2021-12-15,1715,SH0141,,3,5,5,3712,0,0,0,,0,349,"SAN ELIJO RD","ELFIN FOREST RD",0.00,,Y,A,-,N,,,,,,,,,,Y,2,0,1,2,A,-,12,21453,A,N,D,G,A,A,H,-,C,A,0,,Y,,,Y,,L,04,1,0,0,0,0,0,1,0,0,"- ","- ",,,"SAN DIEGO","SAN MARCOS",-117.20066833496094,33.098320007324219
9428781,2022,2022-05-10,3711,2022-04-07,2314,SD6000,,4,5,7,3711,0,0,0,,0,514,"MARKET ST","22ND ST",89.00,W,N,A,-,N,,,,,,,,,,N,2,0,2,2,A,-,02,21654,A,N,G,B,D,-,H,-,C,D,0,Y,,,,Y,Y,N,60,1,1,0,0,1,0,0,0,0,"- ","- ",,,"SAN DIEGO","SAN DIEGO",-117.14425659179688,32.711551666259766
9429760,2022,2022-04-12,3711,2022-03-14,1410,SD1569,,1,5,7,3711,0,0,0,,0,242,"MIRA MESA BL","MIRA MESA BL 9051",0.00,,N,A,-,N,,,,,,,,,,N,2,0,1,1,B,-,22,,,N,G,B,A,A,H,-,A,D,0,,,,,Y,,-,,1,0,0,0,0,0,0,0,0,"- ","- ",,,"SAN DIEGO","SAN DIEGO",,
9429766,2022,2022-04-08,3711,2022-02-05,1700,SD7759,,6,5,7,3711,0,0,0,,0,122,"HAINES ST","THOMAS AV",0.00,,Y,A,-,N,,,,,,,,,,Y,2,0,1,2,A,-,"- ",,,N,D,C,A,A,H,-,A,D,0,,,Y,,Y,Y,C,02,1,0,0,0,0,0,0,0,1,"- ","- ",,,"SAN DIEGO","SAN DIEGO",-117.24179840087891,32.796478271484375
9430152,2022,2022-05-07,3709,2022-03-20,0138,NC0439,,7,5,5,3709,0,0,0,,0,020,"HIGHLAND AV","19TH ST",0.00,,N,C,-,N,,,,,,,,,,Y,2,0,2,4,A,-,01,23152,A,N,C,E,A,B,H,-,C,D,0,,,,,Y,,A,01,1,1,0,0,0,0,0,0,0,"- ","- ",,,"SAN DIEGO","NATIONAL CITY",-117.09503936767578,32.668666839599609
9431036,2022,2022-06-28,3711,2022-03-27,1537,SD7663,,7,5,7,3711,0,0,0,,0,126,"GENESEE AV","SCIENCE CENTER DR",0.00,,Y,A,-,N,,,,,,,,,,N,2,0,1,1,C,-,18,,,N,H,A,A,A,H,-,A,A,0,,,Y,,Y,,-,"- ",1,0,0,0,0,0,0,0,1,"- ","- ",,,"SAN DIEGO","SAN DIEGO",-117.23354339599609,32.889266967773438
9433461,2022,2022-10-18,3705,2022-07-27,1900,EC0383,,3,5,5,3705,0,0,0,,0,001,"RT 8","W CHASE AV",0.00,,Y,A,-,Y,SD,11,8,-,-,13.651,R,4,E,Y,2,0,2,2,A,-,12,21453,A,N,A,C,A,A,H,-,A,A,0,,,,,Y,,A,01,1,1,0,0,0,0,0,0,0,"- ","- ",,,"SAN DIEGO","EL CAJON",-116.98139190673828,32.78204345703125
9434357,2021,2022-04-12,3700,2021-09-06,2010,SH0315,,1,5,5,3782,0,0,0,,0,222,"ENCINITAS BL","VIA CANTABRIA",875.00,E,N,A,-,N,,,,,,,,,,N,2,0,1,1,A,-,08,22107,,N,F,A,A,A,H,-,C,D,0,,Y,,,Y,Y,-,,1,0,0,0,0,0,1,0,0,"- ","- ",,,"SAN DIEGO",ENCINITAS,-117.26455688476562,33.045646667480469
9434396,2021,2022-04-12,3700,2021-08-27,1651,SH6005,,5,5,5,3782,0,0,0,,0,212,"PIRAEUS ST","SPARTA  DR",0.00,,Y,A,-,N,,,,,,,,,,N,2,0,1,2,A,-,12,22450,A,N,D,G,A,A,H,-,A,-,0,,Y,,,Y,,L,04,1,0,0,0,0,0,1,0,0,"- ","- ",,,"SAN DIEGO",ENCINITAS,-117.29328155517578,33.070240020751953
9434675,2022,2022-04-26,3710,2022-03-02,0648,1518,,3,5,6,3710,0,0,0,,0,032,"MISSION AV","OLD GROVE MARKET WY",0.00,,Y,A,-,N,,,,,,,,,,N,2,0,1,2,A,-,12,21453,A,N,G,B,B,A,H,-,A,A,0,Y,,,,Y,,A,01,1,0,0,0,1,0,0,0,0,"- ","- ",,,"SAN DIEGO",OCEANSIDE,-117.311767578125,33.229927062988281
94353729,2024,2024-08-14,9680,2024-06-01,1335,020884,,6,1,9,3700,0,1,3,,1,030,SR-79,"I-8 E/B",151.00,S,N,A,-,Y,,,,,,,,,,N,2,0,2,2,A,-,09,21802,A,N,D,C,A,A,H,-,A,A,0,,,Y,,Y,,A,01,1,1,0,0,0,0,0,0,1,"- ","- ",32.826530456542969,-116.62580108642578,"SAN DIEGO",UNINCORPORATED,-116.62583923339844,32.826320648193359
9435746,2022,2022-04-27,3705,2022-03-26,0900,EC0424,,6,5,5,3705,0,0,0,,0,004,"S MOLLISON AV","MERRITT DR",0.00,,Y,A,-,N,,,,,,,,,,Y,2,0,3,4,A,-,05,21752,,N,D,C,A,A,H,-,A,D,0,,,,,Y,,A,01,2,0,1,0,0,0,0,0,0,"- ","- ",,,"SAN DIEGO","EL CAJON",-116.95095825195312,32.784713745117188
9436020,2022,2022-05-04,3711,2022-04-06,1707,SD5600,,3,5,7,3711,0,0,0,,0,614,"GREENE ST SOUTH ALLEY","EBERS ST",226.00,E,N,A,-,N,,,,,,,,,,N,2,0,1,1,A,-,08,22107,,N,H,A,A,A,H,-,A,D,0,,Y,,,Y,,L,04,1,0,0,0,0,0,1,0,0,"- ","- ",,,"SAN DIEGO","SAN DIEGO",-117.23977661132812,32.749671936035156
94361610,2024,2024-08-20,9650,2024-08-15,2245,022992,,4,3,9,3700,0,3,5,,2,211,"MOUNTAIN MEADOW ROAD","OAK RANCH WAY",45.00,N,N,A,-,N,,,,,,,,,,Y,2,0,1,1,A,-,08,22107,,N,E,I,A,A,H,-,D,D,0,,,,,Y,,D,22,1,0,0,0,0,0,0,0,0,"- ","- ",33.218620300292969,-117.11045837402344,"SAN DIEGO",UNINCORPORATED,-117.11053466796875,33.218700408935547
94367414,2024,2024-08-23,9650,2024-08-14,"140 ",021500,,3,3,9,3700,0,1,1,,2,001,I-5,"LAS PULGAS RD",25889.00,N,N,A,-,Y,SD,,5," ",R,67.116,H,,R,Y,2,0,1,1,A,-,08,22107,,N,E,I,A,A,H,-,C,D,0,,,,,Y,,B,07,1,0,0,0,0,0,0,0,0,"- ","- ",33.350879669189453,-117.52247619628906,"SAN DIEGO",UNINCORPORATED,-117.52260589599609,33.350753784179688
94368218,2024,2024-08-23,9680,2024-08-13,1320,023909,,2,1,9,3700,0,1,3,,1,040,"SR-94 W/B (CAMPO ROAD)","CAMPBELL RANCH RD",1056.00,W,N,A,-,Y,SD,,94," "," ",28.403,H,,L,Y,2,0,1,2,A,-,09,21804,A,N,D,C,A,A,H,-,A,D,0,,,Y,Y,Y,,F,26,1,0,0,0,0,0,0,0,1,"- ","- ",32.642841339111328,-116.77970123291016,"SAN DIEGO",UNINCORPORATED,-116.77971649169922,32.642826080322266
94368716,2024,2024-08-26,9650,2024-08-06,1500,017828,,2,2,9,3700,0,1,1,,2,005,"I-5 S/B","NEPTUNE WAY",528.00,N,N,A,-,Y,SD,,5," ",R,53.857,H,,R,Y,2,0,1,2,A,-,03,22350,,N,C,C,A,A,H,-,A,D,0,,,Y,,Y,,C,02,1,0,0,0,0,0,0,0,1,"- ","- ",33.204208374023438,-117.38208770751953,"SAN DIEGO",UNINCORPORATED,-117.38213348388672,33.20416259765625
94369168,2024,2024-08-26,9680,2024-06-21,"903 ",018697,,5,1,9,3700,0,3,5,,2,003,"ALPINE BLVD (W/B)","WEST VICTORIA DRIVE",70.00,E,N,A,-,N,,,,,,,,,,Y,2,0,3,2,A,-,03,22350,,N,C,2,A,A,H,-,A,A,0,,,,,Y,,D,22,1,2,0,0,0,0,0,0,0,"- ","- ",32.83551025390625,-116.76638031005859,"SAN DIEGO",UNINCORPORATED,-116.76645660400391,32.835453033447266
94369636,2024,2024-08-26,9645,2024-07-01,"131 ",021617,,1,3,7,3711,0,1,1,,2,015,"I-805 S/B","BALBOA AVENUE",510.00,S,N,A,-,Y,,,,,,,,,,Y,2,0,2,2,A,-,03,22350,,N,D,C,A,A,H,-,C,D,0,,,,,Y,,A,01,1,0,1,0,0,0,0,0,0,"- ","- ",32.820140838623047,-117.16281890869141,"SAN DIEGO","SAN DIEGO",-117.16179656982422,32.820362091064453
94369901,2024,2024-08-26,9645,2024-08-15,1513,023233,,4,2,7,3711,0,1,1,,2,010,"INTERSTATE 8 EASTBOUND","COLLEGE AVENUE",182.00,E,N,A,-,Y,SD,,8," "," ",8.373,H,,R,Y,2,0,1,2,A,-,03,22350,,N,C,B,A,A,H,-,A,D,0,,,,,Y,,A,01,1,0,0,0,0,0,0,0,0,"- ","- ",32.779300689697266,-117.06577301025391,"SAN DIEGO","SAN DIEGO",-117.06577301025391,32.779354095458984