CASE_ID,ACCIDENT_YEAR,PROC_DATE,JURIS,COLLISION_DATE,COLLISION_TIME,OFFICER_ID,REPORTING_DISTRICT,DAY_OF_WEEK,CHP_SHIFT,POPULATION,CNTY_CITY_LOC,SPECIAL_COND,BEAT_TYPE,CHP_BEAT_TYPE,CITY_DIVISION_LAPD,CHP_BEAT_CLASS,BEAT_NUMBER,PRIMARY_RD,SECONDARY_RD,DISTANCE,DIRECTION,INTERSECTION,WEATHER_1,WEATHER_2,STATE_HWY_IND,CALTRANS_COUNTY,CALTRANS_DISTRICT,STATE_ROUTE,ROUTE_SUFFIX,POSTMILE_PREFIX,POSTMILE,LOCATION_TYPE,RAMP_INTERSECTION,SIDE_OF_HWY,TOW_AWAY,COLLISION_SEVERITY,NUMBER_KILLED,NUMBER_INJURED,PARTY_COUNT,PRIMARY_COLL_FACTOR,PCF_CODE_OF_VIOL,PCF_VIOL_CATEGORY,PCF_VIOLATION,PCF_VIOL_SUBSECTION,HIT_AND_RUN,TYPE_OF_COLLISION,MVIW,PED_ACTION,ROAD_SURFACE,ROAD_COND_1,ROAD_COND_2,LIGHTING,CONTROL_DEVICE,CHP_ROAD_TYPE,PEDESTRIAN_ACCIDENT,BICYCLE_ACCIDENT,MOTORCYCLE_ACCIDENT,TRUCK_ACCIDENT,NOT_PRIVATE_PROPERTY,ALCOHOL_INVOLVED,STWD_VEHTYPE_AT_FAULT,CHP_VEHTYPE_AT_FAULT,COUNT_SEVERE_INJ,COUNT_VISIBLE_INJ,COUNT_COMPLAINT_PAIN,COUNT_PED_KILLED,COUNT_PED_INJURED,COUNT_BICYCLIST_KILLED,COUNT_BICYCLIST_INJURED,COUNT_MC_KILLED,COUNT_MC_INJURED,PRIMARY_RAMP,SECONDARY_RAMP,LATITUDE,LONGITUDE,COUNTY,CITY,POINT_X,POINT_Y
94439066,2024,2024-10-21,9645,2024-10-03,"720 ",021617,,4,1,7,3711,0,1,1,,2,009,"I-805 NB","E STREET",530.00,N,N,A,-,Y,SD,,805," "," ",7.914,H,,R,N,2,0,1,2,A,-,03,22350,,N,C,C,A,A,H,-,A,A,0,,,Y,,Y,,C,02,1,0,0,0,0,0,0,0,1,"- ","- ",32.648998260498047,-117.06291961669922,"SAN DIEGO","SAN DIEGO",-117.06285858154297,32.649093627929688
94440965,2024,2024-10-22,9645,2024-10-20,"606 ",024107,,7,1,6,3702,0,1,1,,2,001,"I-5 NORTHBOUND","PALOMAR STREET",1056.00,S,N,A,-,Y,SD,,5," "," ",5.851,H,,R,N,2,0,1,2,A,-,11,21954,A,F,G,B,E,A,H,-,D,D,0,Y,,,,Y,,N,60,1,0,0,0,1,0,0,0,0,"- ","- ",32.601390838623047,-117.08950805664062,"SAN DIEGO","CHULA VISTA",-117.08951568603516,32.601390838623047
9444335,2022,2022-05-25,3711,2022-05-07,2327,SD6967,,6,5,7,3711,0,0,0,,0,527,"PACIFIC HWY","WEST LAUREL ST",84.00,S,N,A,-,N,,,,,,,,,,N,2,0,1,2,A,-,05,21651,B,N,A,C,A,A,H,-,C,B,0,,,Y,,Y,,C,03,1,0,0,0,0,0,0,0,1,"- ","- ",,,"SAN DIEGO","SAN DIEGO",-117.17360687255859,32.729274749755859
9444885,2022,2022-05-26,3711,2022-03-13,2216,SD6967,,7,5,7,3711,0,0,0,,0,531,"FLORIDA DR","PERSHING DR",406.00,N,N,A,-,N,,,,,,,,,,N,2,0,1,2,A,-,17,21208,A,F,B,G,A,A,H,-,E,D,0,,Y,,,Y,,L,04,1,0,0,0,0,0,1,0,0,"- ","- ",,,"SAN DIEGO","SAN DIEGO",-117.14321136474609,32.723678588867188
94449308,2024,2024-11-20,9680,2024-10-17,1830,016694,,4,2,9,3700,0,2,4,,1,011,"HIGHWAY 8 BUSINESS","LAVALA LANE",439.00,N,N,B,-,N,,,,,,,,,,Y,1,1,0,2,A,-,11,21954,A,N,G,B,D,A,H,-,B,D,0,Y,,,,Y,,N,60,0,0,0,1,0,0,0,0,0,"- ","- ",32.821990966796875,-116.91390228271484,"SAN DIEGO",UNINCORPORATED,-116.91390228271484,32.821990966796875
9445142,2022,2022-06-06,3705,2022-03-12,1024,EC0412,,6,5,5,3705,0,0,0,,0,003,"EAST MAIN ST","3RD ST",0.00,,Y,A,-,N,,,,,,,,,,Y,2,0,1,2,A,-,12,21453,A,N,D,C,A,A,H,-,C,A,0,,,,Y,Y,,A,01,1,0,0,0,0,0,0,0,0,"- ","- ",,,"SAN DIEGO","EL CAJON",-116.92686462402344,32.803676605224609
94453696,2024,2024-11-01,9645,2024-10-22,1840,017499,,2,2,5,3709,0,1,1,,2,009,"I-805 SOUTHBOUND","PLAZA BLVD UC",528.00,S,N,A,-,Y,SD,,805," "," ",9.952,H,,L,N,2,0,2,2,A,-,03,22350,,N,C,C,A,A,H,-,A,D,0,,,Y,,Y,,C,02,1,0,1,0,0,0,0,0,1,"- ","- ",32.672538757324219,-117.0826416015625,"SAN DIEGO","NATIONAL CITY",-117.08267974853516,32.672527313232422
94456557,2024,2024-11-04,9645,2024-09-29,1821,023233,,7,2,7,3711,0,1,1,,2,001,"INTERSTATE 5 NB TO STATE ROUTE 15 NB","RIGEL STREET",470.00,N,N,A,-,Y,,,,,,,,,,Y,2,0,1,1,A,-,08,22107,,N,E,I,A,A,H,-,A,D,0,,,,,Y,,A,01,1,0,0,0,0,0,0,0,0,"- ","- ",32.693721771240234,-117.12045288085938,"SAN DIEGO","SAN DIEGO",-117.12046813964844,32.692188262939453
94462174,2024,2024-11-07,9650,2024-10-25,1720,022924,,5,2,9,3700,0,1,3,,1,028,"STATE ROUTE 76","PALA DEL NORTE",700.00,W,N,A,-,Y,SD,,76," "," ",20.871,H,,R,Y,2,0,1,2,A,-,03,22350,,N,B,C,A,A,H,-,A,D,0,,,Y,,Y,,C,02,1,0,0,0,0,0,0,0,1,"- ","- ",33.350368499755859,-117.11315155029297,"SAN DIEGO",UNINCORPORATED,-117.1131591796875,33.350391387939453
9446238,2022,2022-06-01,3705,2022-01-20,1816,EC0410,,4,5,5,3705,0,0,0,,0,001,"N JOHNSON AV","WEST MAIN ST",0.00,,Y,A,-,N,,,,,,,,,,Y,2,0,2,2,A,-,12,21453,A,N,D,C,A,A,H,-,C,A,0,,,,,Y,,A,01,1,0,1,0,0,0,0,0,0,"- ","- ",,,"SAN DIEGO","EL CAJON",-116.97103881835938,32.794975280761719
94462425,2024,2024-11-07,9645,2024-07-17,"922 ",016156,,3,1,7,3711,0,1,3,,2,022,"TED WILLIAMS PARKWAY WESTBOUND","INTERSTATE 15 SOUTHBOUND (WEST ROADWAY EDGE)",100.00,E,N,B,-,Y,SD,,56," "," ",9.703,H,,L,Y,1,1,0,2,A,-,08,22107,,N,B,G,A,A,H,-,A,D,0,,Y,,,Y,,-,"- ",0,0,0,0,0,1,0,0,0,"- ","- ",32.964729309082031,-117.09555053710938,"SAN DIEGO","SAN DIEGO",-117.09555053710938,32.964744567871094
94463180,2024,2025-01-07,9650,2024-11-03,1235,022588,,7,1,9,3700,0,3,5,,2,213,"EAST GRADE RD","WILL VALLEY RD",2000.00,W,N,A,-,N,,,,,,,,,,Y,2,0,1,1,A,-,03,22350,,N,A,I,A,B,H,-,A,D,0,,,,,Y,,A,01,1,0,0,0,0,0,0,0,0,"- ","- ",33.286399841308594,-116.80039978027344,"SAN DIEGO",UNINCORPORATED,-116.79248809814453,33.284519195556641
94463943,2024,2024-11-08,9680,2024-06-03,1935,020116,,1,2,9,3700,0,3,5,,2,003,"RIOS CANYON ROAD","KELLI LANE",17.00,N,N,A,-,N,,,,,,,,,,N,2,0,1,2,A,-,11,21954,A,N,G,B,D,A,H,-,A,D,0,Y,,,,Y,,N,60,1,0,0,0,1,0,0,0,0,"- ","- ",32.842361450195312,-116.87671661376953,"SAN DIEGO",UNINCORPORATED,-116.87670135498047,32.842292785644531
94465588,2024,2024-11-12,9650,2024-10-31,2125,020254,,4,2,9,3700,0,1,1,,2,001,"I-5 S/B","BASILONE RD",1795.00,S,N,A,-,Y,SD,,5," ",R,71.034,H,,L,Y,2,0,2,2,A,-,01,23152,A,N,C,2,A,A,H,-,D,D,0,,,,,Y,Y,D,22,1,0,1,0,0,0,0,0,0,"- ","- ",33.383308410644531,-117.57778167724609,"SAN DIEGO",UNINCORPORATED,-117.57779693603516,33.383274078369141
94466906,2023,2024-11-15,9645,2023-12-30,1024,022021,,6,1,6,3702,0,1,1,,2,009,"INTERSTATE 805 SOUTHBOUND","EAST NAPLES STREET",55.00,N,N,B,C,Y,SD,,805," "," ",5.566,H,,L,Y,1,2,0,1,A,-,03,22350,,N,E,8,A,B,H,-,A,D,0,,,,,Y,,A,07,0,0,0,0,0,0,0,0,0,"- ","- ",32.621841430664062,-117.04096984863281,"SAN DIEGO","CHULA VISTA",-117.0408935546875,32.621860504150391
94471729,2024,2024-11-15,9645,2024-01-13,"50  ",022898,,6,3,7,3711,0,1,1,,2,010,"INTERSTATE 8 WESTBOUND","COLLEGE AVENUE",1188.02,E,N,A,-,Y,SD,,8," "," ",8.572,H,,L,Y,1,1,1,2,A,-,01,23152,G,N,A,C,A,A,H,-,C,A,0,,,,,Y,Y,-,"- ",1,0,0,0,0,0,0,0,0,"- ","- ",32.779079437255859,-117.06234741210938,"SAN DIEGO","SAN DIEGO",-117.06232452392578,32.779159545898438
9447194,2022,2022-06-09,3710,2022-04-15,1603,OC1443,,5,5,6,3710,0,0,0,,0,009,"SOUTH COAST HWY","EATON ST",760.00,S,N,A,-,N,,,,,,,,,,N,2,0,1,2,A,-,17,21209,,F,B,G,A,A,H,-,A,D,0,,Y,,,Y,,-,99,1,0,0,0,0,0,1,0,0,"- ","- ",,,"SAN DIEGO",OCEANSIDE,-117.35689544677734,33.168907165527344
94473221,2024,2024-11-18,9645,2024-08-27,"929 ",017678,,2,1,7,3711,0,1,1,,2,005,"I-5 S/B","SEA WORLD DRIVE O/C",1000.00,N,N,A,-,Y,SD,,5," ",R,21.084,H,,L,Y,2,0,1,1,C,-,18,,,N,E,I,A,A,H,-,A,D,0,,,,,Y,,-,"- ",1,0,0,0,0,0,0,0,0,"- ","- ",32.773708343505859,-117.20761871337891,"SAN DIEGO","SAN DIEGO",-117.20772552490234,32.773693084716797
94475063,2024,2024-11-19,9650,2024-08-17,"239 ",022965,,6,3,6,3706,0,1,1,,2,023,"INTERSTATE 15 NORTHBOUND TO STATE ROUTE 78 EASTBOU","STATE ROUTE 78",2368.00,S,N,A,-,Y,,,,,,,,,,Y,1,1,0,1,A,-,08,22107,,N,E,I,A,A,H,-,D,D,0,,,,,Y,,A,01,0,0,0,0,0,0,0,0,0,"- ","- ",33.125080108642578,-117.10347747802734,"SAN DIEGO",ESCONDIDO,-117.10200500488281,33.121162414550781
94480442,2023,2024-11-22,9645,2023-12-08,1818,022814,,5,2,7,3711,0,1,1,,2,009,"INTERSTATE 805 SOUTHBOUND TO 43RD STREET","LOGAN AVENUE",1949.00,S,N,A,-,Y,,,,,,,,,,Y,1,2,3,2,A,-,03,22350,,F,C,C,A,A,H,-,C,D,0,,,,,Y,,A,01,2,0,1,0,0,0,0,0,0,"- ","- ",32.691570281982422,-117.09578704833984,"SAN DIEGO","SAN DIEGO",-117.09494781494141,32.69146728515625
94482620,2024,2024-11-25,9645,2024-11-10,2015,023617,,7,2,7,3711,0,1,3,,2,023,"STATE ROUTE 163 S/B","WASHINGTON STREET",950.00,N,N,A,-,Y,SD,,163," "," ",2.899,H,,L,N,2,0,1,2,A,-,11,21954,A,N,G,B,E,A,H,-,C,D,0,Y,,,,Y,Y,N,60,1,0,0,0,1,0,0,0,0,"- ","- ",32.752201080322266,-117.15660858154297,"SAN DIEGO","SAN DIEGO",-117.15663909912109,32.752174377441406
94482702,2024,2024-11-25,9645,2024-11-18,1250,023910,,1,1,6,3702,0,1,1,,2,001,"I-5 N/B AT H STREET OFF RAMP","H STREET",30.00,S,N,A,-,Y,SD,,5," "," ",7.795,H,,R,Y,2,0,3,2,A,-,08,22107,,N,C,C,A,A,H,-,A,A,0,,,,,Y,,A,01,1,0,2,0,0,0,0,0,0,"- ","- ",32.629051208496094,-117.09542083740234,"SAN DIEGO","CHULA VISTA",-117.09567260742188,32.628978729248047
94486154,2024,2024-11-27,9680,2024-11-16,1422,023088,,6,2,9,3700,0,1,1,,2,085,"INTERSTATE 8 EASTBOUND","CORTE MADERA ROAD",120.00,W,N,D,-,Y,SD,,8," ",R,43.064,H,,R,Y,2,0,1,1,A,-,03,22350,,N,E,8,A,C,H,-,A,D,0,,,,,Y,,A,01,1,0,0,0,0,0,0,0,0,"- ","- ",32.818019866943359,-116.54109954833984,"SAN DIEGO",UNINCORPORATED,-116.54109954833984,32.817981719970703
94486779,2024,2024-11-27,9680,2024-11-13,"630 ",018801,,3,1,4,3720,0,1,3,,2,028,"SR-125 S/B TO SR-94 W/B","SPRING STREET",1584.00,W,N,A,-,Y,SD,,125," "," ",13.185,H,,L,N,2,0,3,4,A,-,03,22350,,N,C,C,A,A,H,-,A,D,0,,,,,Y,,J,48,1,1,1,0,0,0,0,0,0,"- ","- ",32.750099182128906,-117.01557159423828,"SAN DIEGO","LEMON GROVE",-117.01573944091797,32.750267028808594
94490618,2024,2024-12-03,9650,2024-08-04,"615 ",022132,,7,1,9,3700,0,3,5,,2,211,"DEER SPRINGS ROAD","SYCAMORE DRIVE",850.00,E,N,A,-,N,,,,,,,,,,Y,1,1,1,2,A,-,05,21460,,N,A,C,A,A,H,-,A,D,0,,,,,Y,,A,01,0,0,1,0,0,0,0,0,0,"- ","- ",33.188739776611328,-117.15107727050781,"SAN DIEGO",UNINCORPORATED,-117.15111541748047,33.188625335693359
94490649,2024,2024-12-03,9650,2024-09-12,1650,022625,,4,2,9,3700,0,3,5,,2,211,"WOODS VALLEY ROAD","OAKMONT ROAD",1155.00,E,N,A,-,N,,,,,,,,,,N,1,1,0,2,A,-,03,22350,,N,F,A,A,A,H,-,A,D,0,,,Y,,Y,,C,02,0,0,0,0,0,0,0,1,0,"- ","- ",33.207340240478516,-117.02668762207031,"SAN DIEGO",UNINCORPORATED,-117.02671813964844,33.207344055175781
94493097,2024,2024-12-05,9650,2024-06-15,"550 ",022739,,6,3,9,3700,0,1,1,,2,003,"INTERSTATE 5 NORTHBOUND","DONALD COOK ROAD",8184.00,N,N,A,-,Y,SD,,5," ",R,59.928,H,,R,Y,1,1,2,1,A,-,08,22107,,N,E,8,A,A,H,-,B,D,0,,,,,Y,,A,01,1,1,0,0,0,0,0,0,0,"- ","- ",33.273349761962891,-117.44309234619141,"SAN DIEGO",UNINCORPORATED,-117.44300079345703,33.273395538330078
94493911,2024,2024-12-05,9645,2024-11-26,1820,024107,,2,2,7,3711,0,1,1,,2,011,"I-805 NORTHBOUND","LINCOLN AVENUE O/C",100.00,N,N,B,-,Y,SD,,805," "," ",16.087,H,,R,Y,2,0,1,2,A,-,03,22350,,N,C,C,A,A,H,-,D,D,0,,,Y,,Y,,C,02,1,0,0,0,0,0,0,0,1,"- ","- ",32.750579833984375,-117.12332916259766,"SAN DIEGO","SAN DIEGO",-117.12323760986328,32.750602722167969
94494511,2024,2024-12-06,9680,2024-10-26,1748,023086,,6,2,9,3700,0,1,3,,1,040,SR-94,"VIA LAS FALDAS",0.00,,Y,A,-,Y,SD,,94," "," ",17.453,H,,R,N,2,0,1,3,A,-,06,21755,A,N,B,C,A,A,H,-,B,A,0,,,Y,,Y,,C,02,1,0,0,0,0,0,0,0,1,"- ","- ",32.728359222412109,-116.90779113769531,"SAN DIEGO",UNINCORPORATED,-116.90774536132812,32.728260040283203
9449705,2022,2022-06-03,3711,2022-03-01,1037,SD6686,,2,5,7,3711,0,0,0,,0,841,"COLLEGE AV","NEWSOME DR",427.00,N,N,A,-,N,,,,,,,,,,N,2,0,1,2,A,-,00,21956,B,F,G,B,E,A,H,-,A,D,0,Y,,,,Y,,N,60,1,0,0,0,1,0,0,0,0,"- ","- ",,,"SAN DIEGO","SAN DIEGO",-117.061767578125,32.747745513916016
94498253,2024,2024-12-13,9650,2024-11-28,1330,017952,,4,1,9,3700,0,3,5,,2,213,"E. GRADE RD",SR-76,1584.00,N,N,A,-,N,,,,,,,,,,N,2,0,1,1,A,-,08,22107,,N,E,I,A,A,H,-,A,D,0,,,Y,,Y,,C,02,1,0,0,0,0,0,0,0,1,"- ","- ",33.241371154785156,-116.76502990722656,"SAN DIEGO",UNINCORPORATED,-116.76535797119141,33.240974426269531
94498294,2024,2024-12-13,9650,2024-12-01,"244 ",022892,,7,3,5,3713,0,1,3,,2,017,"SR-78 W/B","SYCAMORE AVENUE",1901.00,E,N,A,-,Y,SD,,78," "," ",9.475,H,,L,Y,2,0,2,2,A,-,08,22107,,N,C,C,A,A,H,-,D,D,0,,,,,Y,Y,A,01,1,1,0,0,0,0,0,0,0,"- ","- ",33.162670135498047,-117.21086883544922,"SAN DIEGO",VISTA,-117.21089935302734,33.162651062011719
94498880,2024,2024-12-13,9680,2024-11-10,"600 ",023909,,7,1,9,3700,0,1,1,,2,082,"I-8 E/B","GREENFIELD DR",3168.00,E,N,A,-,Y,SD,,8," ",R,19.357,H,,R,Y,2,0,1,1,A,-,08,22107,,N,E,I,A,A,H,-,A,D,0,,,,,Y,,A,01,1,0,0,0,0,0,0,0,0,"- ","- ",32.818790435791016,-116.91062164306641,"SAN DIEGO",UNINCORPORATED,-116.91069793701172,32.818824768066406
94502319,2024,2024-12-13,9645,2024-08-07,"630 ",020161,,3,1,7,3711,0,1,3,,2,002,"STATE ROUTE 905 WESTBOUND TO INTERSTATE 5 NORTHBOU","STATE ROUTE 905 WESTBOUND TO INTERSTATE 5 S/B",160.00,N,N,A,-,Y,,,,,,,,,,Y,1,1,0,1,A,-,08,22107,,N,E,I,A,A,H,-,C,A,0,,,,,Y,,A,01,0,0,0,0,0,0,0,0,0,"- ","- ",32.566810607910156,-117.07254791259766,"SAN DIEGO","SAN DIEGO",-117.07827758789062,32.564250946044922
94505117,2024,2024-12-16,9645,2024-11-23,1206,023922,,6,1,7,3711,0,1,3,,2,006,"SR-94 WB TO SR-15 SB","MARKET STREET",532.00,W,N,A,-,Y,SD,,94," "," ",3.072,H,,R,Y,2,0,2,1,A,-,03,22350,,N,E,I,A,A,H,-,A,D,0,,,,,Y,,A,01,2,0,0,0,0,0,0,0,0,"- ","- ",32.716030120849609,-117.11974334716797,"SAN DIEGO","SAN DIEGO",-117.11975860595703,32.716091156005859
94511380,2024,2025-06-16,9650,2024-11-04,1757,022992,,1,2,9,3700,0,2,4,,1,027,"VALLEY CENTER ROAD","PARADISE CREEK LANE",1800.00,S,N,A,-,Y,,,,,,,,,,Y,1,1,4,3,A,-,01,23152,A,N,A,C,A,A,H,-,D,D,0,,,,,Y,Y,D,22,1,3,0,0,0,0,0,0,0,"- ","- ",33.238998413085938,-116.96468353271484,"SAN DIEGO",UNINCORPORATED,-116.96434020996094,33.239849090576172
94511384,2024,2024-12-20,9650,2024-06-23,1045,022403,,7,1,9,3700,0,3,5,,2,006,"MERIDA DRIVE","HILL AVENUE",167.00,W,N,A,-,N,,,,,,,,,,Y,1,1,2,1,A,-,01,23152,A,N,E,8,A,A,H,-,A,D,0,,,,,Y,Y,A,01,1,1,0,0,0,0,0,0,0,"- ","- ",33.363788604736328,-117.254150390625,"SAN DIEGO",UNINCORPORATED,-117.25424194335938,33.363788604736328
94511385,2024,2025-04-16,9650,2024-06-19,2346,021876,,3,3,9,3700,0,1,1,,2,021,"INTERSTATE 15 SOUTHBOUND","OLD HIGHWAY 395",200.00,S,N,A,-,Y,SD,,15," ",R,43.230,H,,L,Y,1,1,2,3,A,-,01,23152,A,N,C,C,A,A,G,-,C,D,0,,,,,Y,Y,A,01,2,0,0,0,0,0,0,0,0,"- ","- ",33.285911560058594,-117.14981079101562,"SAN DIEGO",UNINCORPORATED,-117.14983367919922,33.285911560058594
94513653,2024,2024-12-23,9650,2024-05-10,2316,023426,,5,3,9,3700,0,1,3,,1,028,"STATE ROUTE 76","HORSE RANCH CREEK RD",634.00,E,N,A,-,Y,SD,,76," ",R,18.270,H,,R,Y,1,4,1,3,A,-,01,23152,A,N,A,C,A,A,H,-,D,A,0,,,,,Y,Y,A,01,1,0,0,0,0,0,0,0,0,"- ","- ",33.337448120117188,-117.14501190185547,"SAN DIEGO",UNINCORPORATED,-117.14497375488281,33.337413787841797
9451574,2022,2022-05-31,3700,2022-04-15,1634,SH0371,,5,5,5,3713,0,0,0,,0,008,"W BOBIER DR","SPORTS PARK WY",0.00,,Y,A,-,N,,,,,,,,,,Y,2,0,1,2,A,-,08,22107,,N,B,C,A,A,H,-,A,A,0,,,Y,,Y,,A,07,1,0,0,0,0,0,0,0,1,"- ","- ",,,"SAN DIEGO",VISTA,-117.25605010986328,33.221187591552734
94525301,2024,2025-01-03,9645,2024-12-19,"900 ",017678,,4,1,7,3711,0,3,5,,2,018,"SWEETWATER ROAD","SWEETWATER ROAD (SIDE STREET)",100.00,W,N,A,-,N,,,,,,,,,,N,2,0,2,2,A,-,09,21803,A,N,A,C,A,A,H,-,A,D,0,,,,,Y,,A,01,1,0,1,0,0,0,0,0,0,"- ","- ",32.685680389404297,-117.01535034179688,"SAN DIEGO","SAN DIEGO",,
94525468,2024,2025-01-03,9645,2024-02-23,2340,022988,,5,3,7,3711,0,1,1,,2,005,"INTERSTATE 5 NORTHBOUND","ARISTA STREET",210.00,N,N,A,-,Y,SD,,5," ",R,19.230,H,,R,Y,1,1,0,2,A,-,00,21954,,N,G,B,E,A,H,-,C,D,0,Y,,,,Y,,N,60,0,0,0,1,0,0,0,0,0,"- ","- ",32.749748229980469,-117.19573211669922,"SAN DIEGO","SAN DIEGO",-117.19575500488281,32.749732971191406
94528263,2024,2025-01-07,9680,2024-12-24,1050,017621,,2,1,9,3700,0,3,5,,2,009,"RAMONA ST.","BOUNDARY AVE.",1112.00,N,N,B,-,N,,,,,,,,,,Y,2,0,1,2,A,-,03,22350,,N,D,C,A,A,H,-,A,D,0,,,Y,,Y,,C,02,1,0,0,0,0,0,0,0,1,"- ","- ",33.021678924560547,-116.87949371337891,"SAN DIEGO",UNINCORPORATED,-116.87840270996094,33.020671844482422
94530127,2024,2025-01-08,9680,2024-03-22,1132,018672,,5,1,9,3700,0,1,3,,1,052,"STATE ROUTE 78","MOMA LANE (PRIVATE)",189.00,E,N,A,-,Y,SD,,78," "," ",39.176,H,,R,Y,1,1,1,2,A,-,08,22107,,N,F,A,A,A,H,-,A,A,0,,,Y,,Y,Y,C,02,0,1,0,0,0,0,0,1,0,"- ","- ",33.055698394775391,-116.81999206542969,"SAN DIEGO",UNINCORPORATED,-116.81996154785156,33.055671691894531
94530690,2024,2025-01-08,9645,2024-11-25,"213 ",022948,,1,3,7,3711,0,1,1,,2,001,"I-5 S/B",SR-54,400.00,N,N,A,-,Y,SD,,5," "," ",9.548,H,,L,N,2,0,1,2,C,-,18,,,N,G,B,E,A,G,-,C,D,0,Y,,,,Y,,-,"- ",1,0,0,0,1,0,0,0,0,"- ","- ",32.653118133544922,-117.10517120361328,"SAN DIEGO","SAN DIEGO",-117.10523223876953,32.653099060058594
94531264,2025,2025-01-09,9650,2025-01-01,"200 ",020673,,3,3,9,3700,0,1,3,,2,019,"SR-78 EASTBOUND","METCALF ST.",50.00,E,N,E,-,Y,SD,,78," ",R,16.697,H,,R,Y,2,0,1,1,A,-,01,23152,A,N,E,I,A,A,H,-,D,D,0,,,,,Y,Y,A,01,1,0,0,0,0,0,0,0,0,"- ","- ",33.127819061279297,-117.10231018066406,"SAN DIEGO",UNINCORPORATED,-117.10227203369141,33.127723693847656
9453199,2022,2022-06-27,3705,2022-05-21,2208,EC0438,,6,5,5,3705,0,0,0,,0,004,"E CHASE AV",GLENHILL,65.00,W,N,B,-,N,,,,,,,,,,Y,2,0,1,3,A,-,03,22350,,N,F,E,A,A,H,-,C,A,0,,,,,Y,,A,07,1,0,0,0,0,0,0,0,0,"- ","- ",,,"SAN DIEGO","EL CAJON",-116.94648742675781,32.780086517333984
94535423,2024,2025-01-13,9680,2024-12-31,2030,022893,,2,2,9,3700,0,1,3,,1,052,SR-78,"PINE HILLS RD",528.00,W,N,A,-,Y,SD,,78," "," ",56.757,H,,R,Y,2,0,1,1,A,-,03,22350,,N,F,0,A,A,H,-,D,D,0,,,Y,,Y,,C,02,1,0,0,0,0,0,0,0,1,"- ","- ",33.078289031982422,-116.619873046875,"SAN DIEGO",UNINCORPORATED,-116.61986541748047,33.078254699707031
94538111,2024,2025-01-15,9650,2024-12-28,1827,023515,,6,2,5,3713,0,1,S,,2,904,"I-5 S/B FROM MISSION AVENUE","MISSION AVENUE",19.00,S,N,A,-,Y,,,,,,,,,,N,2,0,1,2,A,-,10,21950,A,N,G,G,A,A,H,-,C,D,0,,Y,,,Y,,M,91,1,0,0,0,0,0,1,0,0,"- ","- ",33.199569702148438,-117.37290954589844,"SAN DIEGO",VISTA,-117.12171936035156,33.066097259521484
94538135,2024,2025-01-15,9650,2024-12-22,"220 ",023524,,7,3,9,3700,0,3,5,,2,211,"COUGAR PASS RD","NORTH BROADWAY",925.00,E,N,A,-,N,,,,,,,,,,Y,2,0,4,1,A,-,01,23152,A,N,E,I,A,A,H,-,D,D,0,,,,,Y,Y,D,22,1,3,0,0,0,0,0,0,0,"- ","- ",33.205429077148438,-117.08638763427734,"SAN DIEGO",UNINCORPORATED,-117.08609008789062,33.197547912597656
94539851,2024,2025-01-16,9680,2024-08-07,"455 ",017996,,3,3,9,3700,0,3,5,,2,002,"DEHESA ROAD","VISTA DE LA MONTANA",863.00,E,N,A,-,N,,,,,,,,,,N,1,1,0,2,A,-,11,21954,A,N,G,B,E,A,H,-,D,D,0,Y,,,,Y,,N,60,0,0,0,1,0,0,0,0,0,"- ","- ",32.790451049804688,-116.83686065673828,"SAN DIEGO",UNINCORPORATED,-116.83777618408203,32.790935516357422
9454123,2021,2022-07-19,3711,2021-06-25,1020,SD6259,,5,5,7,3711,0,0,0,,0,441,"36TH ST","36TH ST 400",0.00,,-,A,-,N,,,,,,,,,,N,2,0,1,6,C,-,18,,,N,C,E,A,A,H,-,A,D,0,,,,,Y,Y,-,"- ",1,0,0,0,0,0,0,0,0,"- ","- ",,,"SAN DIEGO","SAN DIEGO",-117.1168212890625,32.704830169677734
94541989,2024,2025-01-17,9645,2024-04-27,1529,021651,,6,2,7,3711,0,1,1,,2,010,"INTERSTATE 8 EASTBOUND","INTERSTATE 5 SOUTHBOUND TO CAMINO DEL RIO W O/C",1531.30,W,N,A,-,Y,SD,,8," ",L,1.997,H,,R,Y,1,1,1,2,A,-,03,22350,,N,C,C,A,A,H,-,A,D,0,,,Y,,Y,,C,02,1,0,0,0,0,0,0,1,1,"- ","- ",32.758781433105469,-117.21054077148438,"SAN DIEGO","SAN DIEGO",-117.21054077148438,32.758781433105469