CASE_ID,ACCIDENT_YEAR,PROC_DATE,JURIS,COLLISION_DATE,COLLISION_TIME,OFFICER_ID,REPORTING_DISTRICT,DAY_OF_WEEK,CHP_SHIFT,POPULATION,CNTY_CITY_LOC,SPECIAL_COND,BEAT_TYPE,CHP_BEAT_TYPE,CITY_DIVISION_LAPD,CHP_BEAT_CLASS,BEAT_NUMBER,PRIMARY_RD,SECONDARY_RD,DISTANCE,DIRECTION,INTERSECTION,WEATHER_1,WEATHER_2,STATE_HWY_IND,CALTRANS_COUNTY,CALTRANS_DISTRICT,STATE_ROUTE,ROUTE_SUFFIX,POSTMILE_PREFIX,POSTMILE,LOCATION_TYPE,RAMP_INTERSECTION,SIDE_OF_HWY,TOW_AWAY,COLLISION_SEVERITY,NUMBER_KILLED,NUMBER_INJURED,PARTY_COUNT,PRIMARY_COLL_FACTOR,PCF_CODE_OF_VIOL,PCF_VIOL_CATEGORY,PCF_VIOLATION,PCF_VIOL_SUBSECTION,HIT_AND_RUN,TYPE_OF_COLLISION,MVIW,PED_ACTION,ROAD_SURFACE,ROAD_COND_1,ROAD_COND_2,LIGHTING,CONTROL_DEVICE,CHP_ROAD_TYPE,PEDESTRIAN_ACCIDENT,BICYCLE_ACCIDENT,MOTORCYCLE_ACCIDENT,TRUCK_ACCIDENT,NOT_PRIVATE_PROPERTY,ALCOHOL_INVOLVED,STWD_VEHTYPE_AT_FAULT,CHP_VEHTYPE_AT_FAULT,COUNT_SEVERE_INJ,COUNT_VISIBLE_INJ,COUNT_COMPLAINT_PAIN,COUNT_PED_KILLED,COUNT_PED_INJURED,COUNT_BICYCLIST_KILLED,COUNT_BICYCLIST_INJURED,COUNT_MC_KILLED,COUNT_MC_INJURED,PRIMARY_RAMP,SECONDARY_RAMP,LATITUDE,LONGITUDE,COUNTY,CITY,POINT_X,POINT_Y
9654343,2023,2024-01-12,3706,2023-11-27,1442,SD7461,,1,5,6,3706,0,0,0,,0,235,"SAN PASQUAL VALLEY RD","YSABEL CREEK RD",261.00,W,N,A,-,N,,,,,,,,,,Y,2,0,2,2,A,-,09,21803,A,N,A,C,A,A,H,-,A,D,0,,,,,Y,,A,07,1,0,1,0,0,0,0,0,0,"- ","- ",,,"SAN DIEGO",ESCONDIDO,-116.99043273925781,33.086021423339844
9654367,2023,2024-01-09,3705,2023-10-20,2241,EC0451,,5,5,5,3705,0,0,0,,0,001,"W WASHINGTON AV","VAN HOUTEN AV",0.00,,Y,A,-,N,,,,,,,,,,Y,2,0,1,2,A,-,11,21954,A,N,G,B,D,A,H,-,C,D,0,Y,,,,Y,Y,N,60,1,0,0,0,1,0,0,0,0,"- ","- ",,,"SAN DIEGO","EL CAJON",-116.96614837646484,32.787666320800781
9654936,2023,2024-02-15,3711,2023-12-22,"30  ",SD4310,,5,5,7,3711,0,0,0,,0,242,"MIRA MESA BL","ADERMAN AV",484.00,W,N,C,-,N,,,,,,,,,,Y,2,0,1,1,A,-,08,22107,,N,E,I,A,B,H,-,C,D,0,,,,,Y,,A,01,1,0,0,0,0,0,0,0,0,"- ","- ",,,"SAN DIEGO","SAN DIEGO",-117.16367340087891,32.908950805664062
9654937,2023,2024-02-15,3711,2023-12-06,1738,SD1236,,3,5,7,3711,0,0,0,,0,321,"TWAIN AV","FAIRMOUNT AV",506.00,E,N,A,-,N,,,,,,,,,,N,2,0,1,2,A,-,11,21954,A,N,G,B,D,A,H,-,D,D,0,Y,,,,Y,Y,N,60,1,0,0,0,1,0,0,0,0,"- ","- ",,,"SAN DIEGO","SAN DIEGO",-117.09989166259766,32.785003662109375
9656134,2023,2024-02-16,3703,2023-12-07,1601,1331,1,4,5,3,3703,0,0,0,,0,001,"3RD ST","C AV",118.00,E,N,A,-,Y,SD,11,75,-,R,19.810,H,-,S,N,2,0,1,2,A,-,08,22107,,N,G,B,D,A,H,-,A,D,0,Y,,,,Y,,A,01,1,0,0,0,1,0,0,0,0,"- ","- ",32.695400238037109,-117.17279052734375,"SAN DIEGO",CORONADO,-117.17241668701172,32.69525146484375
9656519,2023,2024-01-30,3709,2023-06-07,"828 ",NC0554,,3,5,5,3709,0,0,0,,0,021,"EAST 4TH ST","K AV",0.00,,Y,A,-,N,,,,,,,,,,Y,2,0,1,1,A,-,03,22350,,N,E,I,A,A,H,-,A,D,0,,,Y,,Y,,C,02,1,0,0,0,0,0,0,0,1,"- ","- ",,,"SAN DIEGO","NATIONAL CITY",-117.09700012207031,32.682430267333984
9657091,2024,2024-03-29,3711,2024-01-21,1310,SD1926,,7,5,7,3711,0,0,0,,0,234,"CAMINO DEL NORTE","PASEO MONTANOSO",0.00,,Y,C,-,N,,,,,,,,,,Y,2,0,2,2,A,-,12,21453,A,N,D,C,A,B,H,-,A,A,0,,,,,Y,,A,01,1,0,1,0,0,0,0,0,0,"- ","- ",,,"SAN DIEGO","SAN DIEGO",-117.08685302734375,33.000129699707031
9659033,2023,2024-01-31,3702,2023-12-18,1546,CV1490,,1,5,6,3702,0,0,0,,0,021,BROADWAY,"ARIZON ST",40.00,S,N,A,-,N,,,,,,,,,,Y,2,0,1,2,A,-,07,21658,A,N,D,C,A,A,H,-,A,D,0,,,Y,,Y,,A,01,1,0,0,0,0,0,0,0,1,"- ","- ",,,"SAN DIEGO","CHULA VISTA",-117.08341217041016,32.61529541015625
9660393,2024,2024-03-05,3700,2024-01-10,1836,SH3197,,3,5,5,3712,0,0,0,,0,355,"DESCANSO AV","SOUTH RANCHO SANTA FE RD",8.00,E,N,A,-,N,,,,,,,,,,Y,2,0,1,2,A,-,10,21950,A,N,G,B,B,A,H,-,C,A,0,Y,,,,Y,,A,01,1,0,0,0,1,0,0,0,0,"- ","- ",,,"SAN DIEGO","SAN MARCOS",-117.19876861572266,33.148960113525391
9660463,2024,2024-03-15,3700,2024-01-16,1920,SH0578,,2,5,5,3782,0,0,0,,0,206,"VIA CANTEBRIA","PACIFICA PL",0.00,,Y,A,-,N,,,,,,,,,,N,2,0,1,2,A,-,09,21800,B,N,G,G,A,A,H,-,D,D,0,,Y,,,Y,,A,01,1,0,0,0,0,0,1,0,0,"- ","- ",,,"SAN DIEGO",ENCINITAS,-117.26716613769531,33.059230804443359
9660755,2024,2024-04-26,3710,2024-01-04,1252,OC1443,,4,5,6,3710,0,0,0,,0,016,"MISSION AV","EL CAMINO REAL",613.00,W,N,A,-,N,,,,,,,,,,Y,2,0,2,2,A,-,09,21801,A,N,D,C,A,A,H,-,A,D,0,,,,,Y,,A,01,1,1,0,0,0,0,0,0,0,"- ","- ",,,"SAN DIEGO",OCEANSIDE,-117.33240509033203,33.22467041015625
9661295,2023,2024-01-30,3700,2023-09-12,2057,SH3606,,2,5,5,3712,0,0,0,,0,349,"SAN ELIJO RD","MELROSE DR",0.00,W,N,A,-,N,,,,,,,,,,Y,2,0,1,1,A,-,03,22350,,N,E,I,A,A,H,-,C,A,0,,,Y,,Y,,C,02,1,0,0,0,0,0,0,0,1,"- ","- ",,,"SAN DIEGO","SAN MARCOS",-117.21479034423828,33.099849700927734
9661394,2023,2024-02-01,3702,2023-11-16,1931,CV1348,,4,5,6,3702,0,0,0,,0,012,BROADWAY,"H ST",35.00,S,N,A,-,N,,,,,,,,,,N,2,0,1,2,A,-,03,22350,,N,G,B,D,A,H,-,B,D,0,Y,,,,Y,,A,01,1,0,0,0,1,0,0,0,0,"- ","- ",,,"SAN DIEGO","CHULA VISTA",-117.08942413330078,32.630867004394531
9661672,2023,2024-03-01,3706,2023-12-24,"955 ",SD6969,,7,5,6,3706,0,0,0,,0,235,"RT 78","CLOVERDALE RD",1584.00,W,N,A,-,Y,SD,11,78,-,R,22.260,H,-,W,N,2,0,2,3,A,-,06,21760,C,F,B,G,A,A,H,-,A,D,0,,Y,,,Y,,-,99,1,1,0,0,0,0,2,0,0,"- ","- ",,,"SAN DIEGO",ESCONDIDO,-117.02569580078125,33.097732543945312
9665331,2024,2024-03-13,3705,2024-01-25,1822,EC0431,,4,5,5,3705,0,0,0,,0,002,"MAIN ST","MAGNOLIA AV",0.00,,Y,A,-,N,,,,,,,,,,N,2,0,1,2,A,-,09,21453,B,N,G,B,B,A,H,-,C,A,0,Y,,,,Y,Y,N,60,1,0,0,0,1,0,0,0,0,"- ","- ",,,"SAN DIEGO","EL CAJON",-116.96234893798828,32.794948577880859
9665629,2024,2024-04-15,3711,2024-02-22,"950 ",SD6722,,4,5,7,3711,0,0,0,,0,724,"BEYER BL","KAANAPALI WY",74.00,N,N,A,-,N,,,,,,,,,,Y,2,0,1,1,A,-,03,22350,,N,F,I,A,A,H,-,A,D,0,,,Y,,Y,,C,02,1,0,0,0,0,0,0,0,1,"- ","- ",,,"SAN DIEGO","SAN DIEGO",-117.07157135009766,32.587169647216797
9665865,2024,2024-06-28,3705,2024-01-08,"214 ",EC0428,,1,5,5,3705,0,0,0,,0,003,"MAIN ST",BROADWAY,595.00,S,N,A,-,N,,,,,,,,,,Y,2,0,1,4,A,-,03,22350,,N,A,E,A,A,H,-,C,D,0,,,,,Y,,A,01,1,0,0,0,0,0,0,0,0,"- ","- ",,,"SAN DIEGO","EL CAJON",-116.92351531982422,32.806632995605469
9667327,2024,2024-05-02,3711,2024-02-05,1719,SD1832,,1,5,7,3711,0,0,0,,0,725,"OCEAN VIEW HILLS PKWY","OTAY MESA RD",0.00,,Y,C,-,N,,,,,,,,,,Y,2,0,1,1,A,-,05,21651,B,N,A,I,A,B,H,-,C,A,0,,,,,Y,Y,A,07,1,0,0,0,0,0,0,0,0,"- ","- ",,,"SAN DIEGO","SAN DIEGO",-117.01429748535156,32.568515777587891
9667548,2024,2024-02-29,3711,2024-01-28,2014,SD7839,,7,5,7,3711,0,0,0,,0,451,"54TH ST","PIROTTE DR",126.00,N,N,A,-,N,,,,,,,,,,Y,2,0,1,1,A,-,03,22350,,N,E,I,A,A,H,-,D,D,0,,,Y,,Y,,C,02,1,0,0,0,0,0,0,0,1,"- ","- ",,,"SAN DIEGO","SAN DIEGO",-117.08052062988281,32.728839874267578
9667740,2024,2024-03-08,3702,2024-01-16,1002,CV1303,,2,5,6,3702,0,0,0,,0,013,"4TH AV","G ST",0.00,,Y,A,-,N,,,,,,,,,,Y,2,0,1,2,A,-,12,21453,A,N,D,C,A,A,H,-,A,A,0,,,Y,,Y,,C,03,1,0,0,0,0,0,0,0,1,"- ","- ",,,"SAN DIEGO","CHULA VISTA",-117.08262634277344,32.636672973632812
9668378,2024,2024-06-11,3711,2024-02-16,1610,SD7580,,5,5,7,3711,0,0,0,,0,712,"W SAN YSIDRO BLVD","SUNSET LN",0.00,,N,A,-,N,,,,,,,,,,N,2,0,1,2,A,-,09,21804,A,N,D,B,C,A,H,-,A,D,0,Y,,,,Y,,A,01,1,0,0,0,1,0,0,0,0,"- ","- ",,,"SAN DIEGO","SAN DIEGO",-117.05975341796875,32.558128356933594
9668670,2024,2024-05-01,3711,2024-02-19,"630 ",SD6969,,1,5,7,3711,0,0,0,,0,627,"6TH AVENUE","ROBINSON AV",135.00,N,N,B,C,N,,,,,,,,,,Y,2,0,1,2,A,-,09,21801,A,N,A,C,A,B,H,-,B,D,0,,,Y,,Y,,D,22,1,0,0,0,0,0,0,0,1,"- ","- ",,,"SAN DIEGO","SAN DIEGO",-117.15953063964844,32.747299194335938
9669547,2023,2024-03-20,3705,2023-12-23,1325,EC0410,,6,5,5,3705,0,0,0,,0,002,"2ND ST","CLARENDON AV",136.00,N,N,B,-,N,,,,,,,,,,Y,2,0,1,2,A,-,03,22350,,N,D,C,A,A,H,-,A,D,0,,,Y,,Y,,C,02,1,0,0,0,0,0,0,0,1,"- ","- ",,,"SAN DIEGO","EL CAJON",-116.93579864501953,32.809112548828125
9670328,2024,2024-05-30,3702,2024-03-08,2235,CV1506,,5,5,6,3702,0,0,0,,0,011,"C ST","N FIFTH AV",627.00,E,N,A,-,N,,,,,,,,,,N,2,0,1,2,A,-,11,21954,A,N,G,B,D,A,H,-,D,D,0,Y,,,,Y,,N,60,1,0,0,0,1,0,0,0,0,"- ","- ",,,"SAN DIEGO","CHULA VISTA",-117.09014892578125,32.649932861328125
9671676,2024,2024-02-27,3702,2024-01-01,"440 ",CV1423,,1,5,6,3702,0,0,0,,0,011,BROADWAY,"F ST",184.00,N,N,A,-,N,,,,,,,,,,Y,2,0,2,2,A,-,08,22107,,F,A,C,A,A,H,-,C,D,0,,,,,Y,,D,22,1,0,1,0,0,0,0,0,0,"- ","- ",,,"SAN DIEGO","CHULA VISTA",-117.09235382080078,32.638320922851562
9671776,2024,2024-05-02,3711,2024-02-03,"225 ",SD7695,,6,5,7,3711,0,0,0,,0,514,21ST,"K STREET",84.00,N,N,B,-,N,,,,,,,,,,N,2,0,2,2,A,-,08,22107,,N,A,G,A,A,H,-,C,D,0,,Y,,,Y,,A,01,1,0,1,0,0,0,1,0,0,"- ","- ",,,"SAN DIEGO","SAN DIEGO",-117.14488220214844,32.708591461181641
9672358,2024,2024-05-02,3711,2024-02-08,1612,SD1799,,4,5,7,3711,0,0,0,,0,123,"SEA WORLD DR","WEST MISSION BAY DR",664.00,E,N,B,-,N,,,,,,,,,,Y,2,0,1,2,A,-,08,22107,,N,A,I,A,A,H,-,A,D,0,,,,,Y,Y,A,07,1,0,0,0,0,0,0,0,0,"- ","- ",,,"SAN DIEGO","SAN DIEGO",-117.22830963134766,32.761970520019531
9672629,2024,2024-04-12,3710,2024-02-07,1855,OC1506,,3,5,6,3710,0,0,0,,0,017,"VANDEGRIFT BL","DOUGLAS DR",0.00,,Y,C,-,N,,,,,,,,,,Y,2,0,2,2,A,-,12,21453,A,N,D,C,A,B,H,-,C,A,0,,,,,Y,,A,07,1,0,1,0,0,0,0,0,0,"- ","- ",,,"SAN DIEGO",OCEANSIDE,-117.29615020751953,33.273475646972656
9673025,2024,2024-04-29,3711,2024-02-25,2330,SD1593,,7,5,7,3711,0,0,0,,0,931,"CAMINO SANTA FE","CAMINO SANTA FE 10200",0.00,,-,A,-,N,,,,,,,,,,Y,2,0,1,1,A,-,08,22107,,N,E,I,A,A,H,-,C,D,0,,,Y,,Y,Y,C,02,1,0,0,0,0,0,0,0,1,"- ","- ",,,"SAN DIEGO","SAN DIEGO",,
9673542,2024,2024-08-12,3700,2024-02-01,1844,SH0029,,4,5,5,3713,0,0,0,,0,310,"VISTA VILLAGE DR","LADO DE LOMA SR",170.00,S,N,B,-,N,,,,,,,,,,Y,2,0,5,3,A,-,01,23152,A,N,A,C,A,B,H,-,C,D,0,,,,,Y,Y,D,22,1,3,1,0,0,0,0,0,0,"- ","- ",,,"SAN DIEGO",VISTA,-117.24909973144531,33.196147918701172
9674602,2024,2024-05-23,3702,2024-03-09,"755 ",CV1342,,6,5,6,3702,0,0,0,,0,041,"EAST PALOMAR ST","SUNBOW PLZ",0.00,,Y,A,-,N,,,,,,,,,,Y,2,0,2,2,D,-,00,,,N,D,C,A,A,H,-,A,A,0,,,Y,,Y,,-,"- ",1,0,1,0,0,0,0,0,1,"- ","- ",,,"SAN DIEGO","CHULA VISTA",,
9674661,2024,2024-04-09,3709,2024-02-28,2123,NC0543,,3,5,5,3709,0,0,0,,0,020,"EAST 8TH ST","B AV",0.00,,-,A,-,N,,,,,,,,,,N,2,0,1,3,A,-,06,21755,,N,B,C,A,A,H,-,C,D,0,,,Y,,Y,,C,02,1,0,0,0,0,0,0,0,1,"- ","- ",,,"SAN DIEGO","NATIONAL CITY",-117.10486602783203,32.676399230957031
9678345,2024,2024-04-15,3711,2024-02-11,1807,SD1593,,7,5,7,3711,0,0,0,,0,451,"54TH ST","REDWOOD ST",190.00,S,N,A,-,N,,,,,,,,,,N,2,0,1,2,D,-,00,,,F,G,B,D,A,H,-,B,D,0,Y,,,,Y,,-,"- ",1,0,0,0,1,0,0,0,0,"- ","- ",,,"SAN DIEGO","SAN DIEGO",-117.07981872558594,32.737159729003906
9678346,2024,2024-04-15,3711,2024-02-22,1637,SD7904,,4,5,7,3711,0,0,0,,0,452,"SKYLINE DR","OMEARA ST",5.00,E,N,A,B,N,,,,,,,,,,Y,2,0,1,2,A,-,12,21453,A,N,D,C,A,A,H,-,A,A,0,,,Y,,Y,Y,C,02,1,0,0,0,0,0,0,0,1,SO,"- ",,,"SAN DIEGO","SAN DIEGO",-117.06289672851562,32.701358795166016
9678528,2024,2024-05-08,3705,2024-02-12,1228,EC0407,,1,5,5,3705,0,0,0,,0,004,"MAIN ST","LINCOLN AV",400.00,W,N,A,-,N,,,,,,,,,,N,2,0,1,2,A,-,09,21804,A,N,D,G,A,A,H,-,A,D,0,,Y,,,Y,,L,04,1,0,0,0,0,0,1,0,0,"- ","- ",,,"SAN DIEGO","EL CAJON",-116.95496368408203,32.794948577880859
9678943,2023,2024-03-26,3711,2023-12-21,"28  ",SD1042,,4,5,7,3711,0,0,0,,0,614,"SUNSET CLIFFS BL","NIMITZ BL",0.00,,Y,A,-,N,,,,,,,,,,Y,2,0,4,2,A,-,12,21453,A,N,D,C,A,B,H,-,C,A,0,,,,,Y,,A,01,1,2,1,0,0,0,0,0,0,"- ","- ",,,"SAN DIEGO","SAN DIEGO",-117.23729705810547,32.754123687744141
9679523,2023,2024-05-30,3711,2023-12-29,"722 ",SD6722,,5,5,7,3711,0,0,0,,0,713,"BRITANNIA BL","RT 905",0.00,,Y,B,-,Y,SD,11,905,-,R,8.539,R,4,E,Y,2,0,2,2,A,-,12,21453,A,N,D,C,A,A,H,-,A,A,0,,,Y,,Y,,C,02,2,0,0,0,0,0,0,0,2,"- ",EF,,,"SAN DIEGO","SAN DIEGO",-116.98390960693359,32.564296722412109
9680793,2024,2024-04-05,3708,2024-02-24,1717,LM1283,,6,5,5,3708,0,0,0,,0,002,"BANCROFT DR","MADISON AV",44.00,N,N,A,-,N,,,,,,,,,,Y,2,0,4,3,A,-,01,23152,A,N,C,C,A,A,H,-,A,A,0,,,,,Y,Y,A,01,1,0,3,0,0,0,0,0,0,"- ","- ",,,"SAN DIEGO","LA MESA",-117.00138854980469,32.769790649414062
9682254,2023,2024-04-15,3700,2023-11-20,1754,SH3606,,1,5,5,3712,0,0,0,,0,360,"CRAVEN RD","DISCOVERY ST",229.00,S,N,A,-,N,,,,,,,,,,Y,2,0,1,1,A,-,03,22350,,N,E,I,A,A,H,-,C,D,0,,,Y,,Y,,C,02,1,0,0,0,0,0,0,0,1,"- ","- ",,,"SAN DIEGO","SAN MARCOS",-117.18027496337891,33.131771087646484
9684316,2023,2024-04-17,3700,2023-12-24,1903,SH3384,,7,5,5,3781,0,0,0,,0,516,"MISSION GORGE RD","CARLTON HILLS BL",0.00,,Y,A,-,N,,,,,,,,,,N,2,0,1,2,A,-,10,21950,A,N,G,B,B,A,H,-,C,A,0,Y,,,,Y,,A,01,1,0,0,0,1,0,0,0,0,"- ","- ",,,"SAN DIEGO",SANTEE,-116.99578094482422,32.838649749755859
9684633,2024,2024-06-20,3710,2024-03-29,2122,OC1522,,5,5,6,3710,0,0,0,,0,,"MISSION AV","CAREY RD",0.00,,Y,A,-,N,,,,,,,,,,Y,2,0,2,3,A,-,09,21453,C,N,D,C,A,A,H,-,C,A,0,,,,,Y,Y,A,01,1,0,1,0,0,0,0,0,0,"- ","- ",,,"SAN DIEGO",OCEANSIDE,-117.36154174804688,33.207145690917969
9684966,2024,2024-05-08,3711,2024-03-12,2218,SD6146,,2,5,7,3711,0,0,0,,0,821,"EL CAJON BL","71ST ST",0.00,,Y,A,-,N,,,,,,,,,,N,2,0,1,2,A,-,11,21950,B,N,G,B,B,A,H,-,C,D,0,Y,,,,Y,,N,60,1,0,0,0,1,0,0,0,0,"- ","- ",,,"SAN DIEGO","SAN DIEGO",-117.04483795166016,32.76873779296875
9685073,2024,2025-04-22,3710,2024-04-09,"350 ",OC1543,,2,5,6,3710,0,0,0,,0,025,"CORPORATE CENTRE","OCEAN RANCH BL",27.00,S,N,A,-,N,,,,,,,,,,N,1,1,0,2,A,-,12,22450,A,N,D,G,A,A,H,-,C,A,0,,Y,,,Y,,L,04,0,0,0,0,0,1,0,0,0,"- ","- ",,,"SAN DIEGO",OCEANSIDE,-117.30330657958984,33.212387084960938
9685150,2024,2024-06-04,3702,2024-04-07,1841,CV1407,,7,5,6,3702,0,0,0,,0,024,"MAIN ST","MONTE AV",90.00,W,N,A,-,N,,,,,,,,,,Y,2,0,2,2,A,-,01,23152,A,N,A,C,A,A,H,-,A,D,0,,,,,Y,Y,A,01,1,0,1,0,0,0,0,0,0,"- ","- ",,,"SAN DIEGO","CHULA VISTA",-117.06271362304688,32.594760894775391
9685284,2024,2024-06-20,3711,2024-04-09,1540,SD8273,,2,5,7,3711,0,0,0,,0,811,"IOWA ST","ADAMS AV",0.00,,Y,A,-,N,,,,,,,,,,N,2,0,1,2,A,-,03,22350,,N,G,G,A,A,H,-,A,D,0,,Y,,,Y,,-,,1,0,0,0,0,0,1,0,0,"- ","- ",,,"SAN DIEGO","SAN DIEGO",-117.12602996826172,32.763385772705078
9685954,2024,2024-07-18,3710,2024-05-23,"105 ",OC1543,,4,5,6,3710,0,0,0,,0,030,"WARING RD","VISTA LOMA CIR",8.00,W,N,A,-,N,,,,,,,,,,Y,2,0,2,4,A,-,01,23152,A,N,A,E,A,A,H,-,C,D,0,,,,,Y,Y,A,01,1,1,0,0,0,0,0,0,0,"- ","- ",,,"SAN DIEGO",OCEANSIDE,-117.29337310791016,33.187667846679688
9685991,2024,2024-07-09,3700,2024-05-24,2345,SH6333,,5,5,4,3720,0,0,0,,0,601,"CENTRAL AV","CENTRAL AV 7021",0.00,,N,A,-,N,,,,,,,,,,Y,2,0,1,2,A,-,03,22350,,N,D,C,A,A,H,-,C,D,0,,,Y,,Y,,C,02,1,0,0,0,0,0,0,0,1,"- ","- ",,,"SAN DIEGO","LEMON GROVE",-122.08615112304688,38.014469146728516
9686410,2024,2024-08-12,3710,2024-06-09,2325,OC1415,,7,5,6,3710,0,0,0,,0,002,"NORTH PACIFIC ST","MISSION AVE",130.00,S,N,A,-,N,,,,,,,,,,Y,2,0,1,1,A,-,01,23152,A,N,E,I,A,A,H,-,C,D,0,,,,,Y,Y,A,08,1,0,0,0,0,0,0,0,0,"- ","- ",,,"SAN DIEGO",OCEANSIDE,-117.38274383544922,33.193599700927734
9686540,2024,2024-06-24,3705,2024-04-28,1119,EC0407,,7,5,5,3705,0,0,0,,0,003,"N 2ND ST","NARANCA AVE",100.00,N,N,A,-,N,,,,,,,,,,N,2,0,1,1,A,-,03,22350,,N,E,I,A,A,H,-,A,D,0,,,Y,,Y,,C,02,1,0,0,0,0,0,0,0,1,"- ","- ",,,"SAN DIEGO","EL CAJON",-116.935791015625,32.804183959960938
9686545,2024,2024-06-24,3705,2024-04-17,2219,EC0466,,3,5,5,3705,0,0,0,,0,002,LINCOLN,"E WASHINGTON",170.00,S,N,A,-,N,,,,,,,,,,Y,2,0,1,2,A,-,00,23153,G,F,G,B,E,A,H,-,C,D,0,Y,,,,Y,Y,A,01,1,0,0,0,1,0,0,0,0,"- ","- ",,,"SAN DIEGO","EL CAJON",-116.95368194580078,32.787174224853516
9686734,2024,2024-08-06,3710,2024-06-21,1245,OC1533,,5,5,6,3710,0,0,0,,0,017,"VANDEGRIFT BL","DOUGLAS DR",42.00,N,N,A,-,N,,,,,,,,,,Y,2,0,3,3,A,-,03,22350,,N,C,C,A,A,H,-,A,A,0,,,,,Y,,A,01,1,1,1,0,0,0,0,0,0,"- ","- ",,,"SAN DIEGO",OCEANSIDE,-117.29616546630859,33.273593902587891
9686903,2024,2024-08-14,3711,2024-05-22,1000,SD1042,,3,5,7,3711,0,0,0,,0,825,"FAIRMOUNT AV","EL CAJON BL",0.00,,Y,A,-,N,,,,,,,,,,N,2,0,1,2,A,-,12,21453,A,N,D,C,A,A,H,-,A,A,0,,,,,Y,,M,94,1,0,0,0,0,0,0,0,0,"- ","- ",,,"SAN DIEGO","SAN DIEGO",-117.100830078125,32.755069732666016
9686907,2024,2024-07-18,3711,2024-05-03,1949,SD1042,,5,5,7,3711,0,0,0,,0,723,"PICADOR BL","DEL SOL BL",292.00,N,N,A,-,N,,,,,,,,,,N,2,0,1,2,A,-,08,22107,,N,G,B,D,A,H,-,A,D,0,Y,,,,Y,,D,22,1,0,0,0,1,0,0,0,0,"- ","- ",,,"SAN DIEGO","SAN DIEGO",-117.05423736572266,32.574077606201172
9687148,2024,2024-08-02,3711,2024-06-02,"212 ",SD6146,,7,5,7,3711,0,0,0,,0,122,"GRAND AV","BAYARD ST",7.00,E,N,A,-,N,,,,,,,,,,Y,2,0,2,3,A,-,12,21453,A,F,G,B,B,A,H,-,C,A,0,Y,,,,Y,Y,A,07,1,1,0,0,2,0,0,0,0,"- ","- ",,,"SAN DIEGO","SAN DIEGO",-117.25305938720703,32.795135498046875
9687330,2024,2024-05-31,3710,2024-03-14,1604,OC1541,,4,5,6,3710,0,0,0,,0,036,"ROBINWOOD DR",ROSEWOOD,0.00,,Y,A,-,N,,,,,,,,,,N,2,0,1,2,A,-,05,21650,1,N,D,G,A,A,H,-,A,D,0,,Y,,,Y,,L,04,1,0,0,0,0,0,1,0,0,"- ","- ",,,"SAN DIEGO",OCEANSIDE,-117.27661895751953,33.238117218017578
9687768,2024,2024-05-08,3702,2024-03-31,1829,CV1424,,7,5,6,3702,0,0,0,,0,014,"2ND AV","SWEETWATER RD",1501.00,S,N,B,C,N,,,,,,,,,,Y,2,0,1,1,A,-,03,22350,,F,E,I,A,B,H,-,B,D,0,,,,,Y,,A,01,1,0,0,0,0,0,0,0,0,"- ","- ",,,"SAN DIEGO","CHULA VISTA",-117.08216857910156,32.657421112060547
9690509,2024,2024-06-21,3711,2024-04-10,1507,SD7217,,3,5,7,3711,0,0,0,,0,521,"10TH AV","J ST",140.00,S,N,A,-,N,,,,,,,,,,N,2,0,1,3,C,-,18,,,N,H,C,A,A,H,-,A,D,0,,,Y,,Y,,-,"- ",1,0,0,0,0,0,0,0,1,"- ","- ",,,"SAN DIEGO","SAN DIEGO",-117.15557098388672,32.709014892578125
9690515,2024,2024-06-25,3711,2024-04-04,1318,SD7904,,4,5,7,3711,0,0,0,,0,436,"LISBON ST","CADMAN ST",14.00,W,N,A,B,N,,,,,,,,,,N,2,0,1,2,A,-,12,21453,A,N,D,J,A,A,H,-,A,A,0,,,,,Y,Y,M,94,1,0,0,0,0,0,0,0,0,"- ","- ",,,"SAN DIEGO","SAN DIEGO",-117.04073333740234,32.712089538574219
9693209,2024,2024-07-16,3711,2024-05-04,2200,SD4310,,6,5,7,3711,0,0,0,,0,813,"30TH ST","UNIVERSITY AVENUE",9.00,S,N,A,-,N,,,,,,,,,,N,2,0,1,2,A,-,11,21456,B,N,G,B,B,A,H,-,C,A,0,Y,,,,Y,Y,N,60,1,0,0,0,1,0,0,0,0,"- ","- ",,,"SAN DIEGO","SAN DIEGO",-117.13010406494141,32.748424530029297
9696552,2024,2024-06-20,3703,2024-05-11,"23  ",1442,3,6,5,3,3703,0,0,0,,0,003,"RT 75","CORONADO BAY RD",0.00,,Y,A,-,Y,SD,11,75,-,-,14.319,I,5,N,N,2,0,4,2,A,-,12,21453,A,N,D,C,A,A,H,-,D,A,0,,,,,Y,,A,01,2,0,2,0,0,0,0,0,0,"- ","- ",,,"SAN DIEGO",CORONADO,-117.13925933837891,32.629665374755859
9696618,2024,2024-07-02,3710,2024-04-26,2307,OC1479,,5,5,6,3710,0,0,0,,0,014,"RT 76","FOUSSAT RD",403.00,W,N,A,-,Y,SD,11,76,-,M,2.490,H,-,W,Y,2,0,3,2,A,-,03,22350,,N,C,C,A,A,H,-,C,A,0,,,,,Y,Y,A,01,1,1,1,0,0,0,0,0,0,"- ","- ",,,"SAN DIEGO",OCEANSIDE,-117.34545135498047,33.218051910400391
9696630,2024,2024-06-26,3710,2024-05-12,2103,OC1415,,7,5,6,3710,0,0,0,,0,008,"OCEANSIDE BL","NEVADA ST",200.00,E,N,A,-,N,,,,,,,,,,Y,2,0,2,2,A,-,01,23152,A,N,C,C,A,A,H,-,C,D,0,,,Y,,Y,Y,C,02,1,0,1,0,0,0,0,0,1,"- ","- ",,,"SAN DIEGO",OCEANSIDE,-117.36602020263672,33.185611724853516
9696821,2024,2024-05-06,3709,2024-03-05,1109,NC0498,,2,5,5,3709,0,0,0,,0,020,"NATIONAL CITY BL","W 14TH ST",0.00,,Y,A,-,N,,,,,,,,,,Y,2,0,1,1,A,-,08,22107,,N,E,I,A,A,H,-,A,D,0,,,Y,,Y,,C,02,1,0,0,0,0,0,0,0,1,"- ","- ",,,"SAN DIEGO","NATIONAL CITY",-117.10498809814453,32.670646667480469