CASE_ID,ACCIDENT_YEAR,PROC_DATE,JURIS,COLLISION_DATE,COLLISION_TIME,OFFICER_ID,REPORTING_DISTRICT,DAY_OF_WEEK,CHP_SHIFT,POPULATION,CNTY_CITY_LOC,SPECIAL_COND,BEAT_TYPE,CHP_BEAT_TYPE,CITY_DIVISION_LAPD,CHP_BEAT_CLASS,BEAT_NUMBER,PRIMARY_RD,SECONDARY_RD,DISTANCE,DIRECTION,INTERSECTION,WEATHER_1,WEATHER_2,STATE_HWY_IND,CALTRANS_COUNTY,CALTRANS_DISTRICT,STATE_ROUTE,ROUTE_SUFFIX,POSTMILE_PREFIX,POSTMILE,LOCATION_TYPE,RAMP_INTERSECTION,SIDE_OF_HWY,TOW_AWAY,COLLISION_SEVERITY,NUMBER_KILLED,NUMBER_INJURED,PARTY_COUNT,PRIMARY_COLL_FACTOR,PCF_CODE_OF_VIOL,PCF_VIOL_CATEGORY,PCF_VIOLATION,PCF_VIOL_SUBSECTION,HIT_AND_RUN,TYPE_OF_COLLISION,MVIW,PED_ACTION,ROAD_SURFACE,ROAD_COND_1,ROAD_COND_2,LIGHTING,CONTROL_DEVICE,CHP_ROAD_TYPE,PEDESTRIAN_ACCIDENT,BICYCLE_ACCIDENT,MOTORCYCLE_ACCIDENT,TRUCK_ACCIDENT,NOT_PRIVATE_PROPERTY,ALCOHOL_INVOLVED,STWD_VEHTYPE_AT_FAULT,CHP_VEHTYPE_AT_FAULT,COUNT_SEVERE_INJ,COUNT_VISIBLE_INJ,COUNT_COMPLAINT_PAIN,COUNT_PED_KILLED,COUNT_PED_INJURED,COUNT_BICYCLIST_KILLED,COUNT_BICYCLIST_INJURED,COUNT_MC_KILLED,COUNT_MC_INJURED,PRIMARY_RAMP,SECONDARY_RAMP,LATITUDE,LONGITUDE,COUNTY,CITY,POINT_X,POINT_Y
6603868,2014,2016-05-21,9645,2014-08-02,1445,017953,,6,2,7,3711,0,1,1,,2,015,"RT 805","GOVERNOR DR",1301.00,S,N,B,-,Y,SD,11,805,-,-,24.190,H,-,S,Y,2,0,3,1,A,-,01,23152,A,N,E,I,A,A,D,-,A,D,1,,,,,Y,Y,A,01,2,1,0,0,0,0,0,0,0,"- ","- ",32.854700000000001,-117.10254999999999,"SAN DIEGO","SAN DIEGO",-117.18244452,32.854389869999999
6605447,2014,2016-05-21,9650,2014-08-15,1005,017994,,5,1,5,3701,0,1,3,,2,015,"RT 78","RT 5",500.00,E,N,A,-,Y,SD,11,78,-,-,0.230,H,-,W,Y,2,0,1,2,A,-,03,22350,,N,C,C,A,A,H,-,A,D,1,,,,,Y,,A,07,1,0,0,0,0,0,0,0,0,"- ","- ",33.179020000000001,-117.34802000000001,"SAN DIEGO",CARLSBAD,-117.34812372,33.179088900000004
6605495,2014,2014-09-11,9650,2014-08-16,0750,015906,,6,1,9,3700,0,3,5,,1,160,"CAMINO DEL REY","RT 15",5808.00,W,N,A,-,N,,,,,,,,,,Y,2,0,1,1,A,-,08,22107,,N,F,A,A,A,H,-,A,D,0,,,Y,,Y,,C,02,1,0,0,0,0,0,0,0,1,"- ","- ",33.271999999999998,-117.17587,"SAN DIEGO",UNINCORPORATED,-117.17492005,33.271560049999998
6606012,2014,2014-08-23,3710,2014-02-24,1810,OC0652,,1,5,6,3710,0,0,0,,0,012,"OCEANSIDE BL","GREENBRIAR DR",201.00,W,N,A,-,N,,,,,,,,,,N,1,1,0,2,A,-,11,21954,A,N,G,B,D,A,H,-,C,D,0,Y,,,,Y,,N,60,0,0,0,1,0,0,0,0,0,"- ","- ",,,"SAN DIEGO",OCEANSIDE,-117.35550606,33.193922870000002
6606122,2014,2015-12-29,9680,2014-05-28,0623,15008,,3,1,9,3700,0,2,4,,1,096,"WARNOCK DR","SAN VICENTE RD",1056.00,W,N,A,-,N,,,,,,,,,,Y,1,1,0,2,A,-,09,21804,A,N,D,G,A,A,H,-,A,D,0,,Y,,,Y,,L,04,0,0,0,0,0,1,0,0,0,"- ","- ",33.014870000000002,-116.877,"SAN DIEGO",UNINCORPORATED,-116.8699621,33.014843480000003
6606168,2014,2014-12-03,9650,2014-05-26,0445,19765,,1,3,9,3700,0,1,3,,2,065,"RT 76","OLD HWY 395",1131.00,W,N,A,-,Y,SD,11,76,-,R,16.810,H,-,W,Y,1,1,2,1,A,-,01,23152,E,N,E,I,A,A,H,-,D,D,0,,,,,Y,,A,01,1,1,0,0,0,0,0,0,0,"- ","- ",33.325740000000003,-117.16513999999999,"SAN DIEGO",UNINCORPORATED,-117.16499195,33.325824830000002
6606241,2014,2014-10-06,9650,2014-07-26,0216,20422,,6,3,5,3782,0,1,1,,2,007,"RT 5","MANCHESTER AV",741.00,N,N,B,-,Y,SD,11,5,-,R,38.690,H,-,N,Y,1,1,3,3,A,-,01,23152,A,N,G,B,E,A,H,-,C,D,1,Y,,,Y,Y,Y,A,01,2,0,1,0,1,0,0,0,0,"- ","- ",33.012079999999997,-117.26627000000001,"SAN DIEGO",ENCINITAS,-117.26623137,33.011901160000001
6606256,2014,2014-10-09,3710,2014-02-26,1839,OC0652,,3,5,6,3710,0,0,0,,0,009,CASSIDY,"SOTO ST",201.00,W,N,A,-,N,,,,,,,,,,N,1,1,0,2,A,-,11,21954,A,F,G,B,D,A,H,-,C,D,0,Y,,,,Y,,N,60,0,0,0,1,0,0,0,0,0,"- ","- ",,,"SAN DIEGO",OCEANSIDE,-117.35364106,33.180329690000001
6606276,2014,2014-10-14,9645,2014-06-19,0008,17499,,4,3,7,3711,0,1,1,,2,003,"RT 5","6TH AV",352.00,S,N,A,-,Y,SD,11,5,-,R,16.240,H,-,S,N,1,1,0,2,A,-,11,21954,A,F,G,B,D,A,H,-,C,D,1,Y,,,,Y,,N,60,0,0,0,1,0,0,0,0,0,"- ","- ",32.72278,-117.15946,"SAN DIEGO","SAN DIEGO",-117.15826151,32.723404459999998
6606306,2014,2014-10-13,3700,2014-07-20,1829,SH2784,,7,5,2,3704,0,0,0,,0,291,"VIA DE LA VALLE","VALLEY AV",304.00,W,N,A,-,N,,,,,,,,,,Y,1,1,0,4,A,-,03,22350,,N,E,C,A,A,G,-,A,A,0,,,Y,,Y,Y,C,02,0,0,0,0,0,0,0,1,0,"- ","- ",,,"SAN DIEGO","DEL MAR",-117.2578804,32.979542109999997
6611839,2014,2016-05-21,9650,2014-08-18,0735,016103,,1,1,6,3706,0,1,3,,2,019,"RT 78","METCALF ST",18.00,W,N,A,-,Y,SD,11,78,-,R,16.660,H,-,W,Y,2,0,2,2,A,-,03,22350,,N,C,C,A,A,H,-,A,D,1,,,Y,,Y,,C,02,1,0,1,0,0,0,0,0,1,"- ","- ",33.127549999999999,-117.10324,"SAN DIEGO",ESCONDIDO,-117.1028721,33.127753839999997
6612090,2014,2015-04-23,3702,2014-06-14,1610,CV0986,,6,5,6,3702,0,0,0,,0,014,"EAST J ST","CARLA AV",207.00,W,N,A,-,N,,,,,,,,,,Y,2,0,1,1,C,-,18,,,N,E,I,A,A,H,-,A,A,0,,,,,Y,,-,"- ",1,0,0,0,0,0,0,0,0,"- ","- ",,,"SAN DIEGO","CHULA VISTA",-117.06197623,32.630952129999997
6612115,2014,2014-09-18,3705,2014-08-29,0710,EC0292,,5,5,5,3705,0,0,0,,0,010,"FLETCHER PKWY",JOHNSON,353.00,E,N,A,-,N,,,,,,,,,,Y,2,0,1,2,A,-,09,21802,A,F,D,G,A,A,H,-,A,D,0,,Y,,,Y,,A,01,1,0,0,0,0,0,1,0,0,"- ","- ",,,"SAN DIEGO","EL CAJON",-116.96986522,32.807780000000001
6612588,2014,2014-09-22,3711,2014-08-22,0017,5393,,5,5,7,3711,0,0,0,,0,822,"EL CAJON BL","55TH ST",92.00,E,N,A,-,N,,,,,,,,,,N,2,0,2,2,A,-,03,22350,,N,D,C,A,A,H,-,D,D,0,,Y,,,Y,,L,04,1,1,0,0,0,0,1,0,0,"- ","- ",,,"SAN DIEGO","SAN DIEGO",-117.07581541,32.758349279999997
6614686,2014,2014-09-15,3700,2014-07-31,0915,SH0059,,4,5,5,3713,0,0,0,,0,303,"FOOTHILL DR","OAK DR",522.00,W,N,A,-,N,,,,,,,,,,Y,2,0,3,2,A,-,01,23152,A,N,A,A,A,A,H,-,A,D,0,,,,,Y,,A,01,1,0,2,0,0,0,0,0,0,"- ","- ",,,"SAN DIEGO",VISTA,-117.22322447000001,33.216988430000001
6614817,2014,2016-05-21,9645,2014-08-21,1153,016542,,4,1,7,3711,0,1,1,,2,027,"RT 15","FRIARS RD",32.00,S,N,A,-,Y,SD,11,15,-,R,6.660,R,2,N,Y,2,0,1,1,A,-,08,22107,,N,E,I,A,A,H,-,A,D,1,,,Y,,Y,,C,02,1,0,0,0,0,0,0,0,1,"- ","- ",32.7883,-117.11275999999999,"SAN DIEGO","SAN DIEGO",-117.11430989999999,32.786239770000002
6617402,2014,2016-05-21,9680,2014-08-23,2055,019490,,6,2,9,3700,0,1,3,,1,024,"RT 94","JEFFERSON RD",74.00,W,N,A,-,Y,SD,11,94,-,-,19.770,H,-,W,N,2,0,1,2,A,-,11,21955,,N,G,B,D,A,H,-,C,D,0,Y,,,,Y,Y,N,60,1,0,0,0,1,0,0,0,0,"- ","- ",32.717120000000001,-116.87658999999999,"SAN DIEGO",UNINCORPORATED,-116.87672247,32.717139420000002
6617406,2014,2016-05-20,9680,2014-08-21,1340,017460,,4,1,9,3700,0,1,1,,2,086,"RT 8","KITCHEN CREEK RD",700.00,W,N,B,C,Y,SD,11,8,-,R,51.850,H,-,E,Y,2,0,1,1,A,-,03,22350,,N,F,A,A,B,H,-,A,D,1,,,,,Y,,A,07,1,0,0,0,0,0,0,0,0,"- ","- ",32.719819999999999,-116.4734,"SAN DIEGO",UNINCORPORATED,-116.47138215,32.718578100000002
6624209,2014,2014-09-30,9680,2014-09-08,1935,019822,,1,2,9,3700,0,3,5,,2,002,"TROY ST","BANCROFT DR",528.00,W,N,A,-,N,,,,,,,,,,Y,2,0,1,2,A,-,11,21954,A,N,G,B,D,A,H,-,D,D,0,Y,,,,Y,,N,60,1,0,0,0,1,0,0,0,0,"- ","- ",32.736669999999997,-117.00818,"SAN DIEGO",UNINCORPORATED,-117.00825808,32.736674190000002
6625497,2014,2014-10-16,3711,2014-09-07,0000,7093,,7,5,7,3711,0,0,0,,0,614,"SUNSET CLIFFS BL",VOLTAIRE,0.00,,Y,A,-,N,,,,,,,,,,Y,2,0,1,2,A,-,08,22107,,N,A,C,A,A,H,-,C,A,0,,,,,Y,Y,-,,1,0,0,0,0,0,0,0,0,"- ","- ",,,"SAN DIEGO","SAN DIEGO",-117.24315011,32.749910049999997
6627061,2014,2016-05-21,9680,2014-08-31,1920,019822,,7,2,9,3700,0,1,3,,2,027,"RT 94","MASSACHUSETTS AV",238.00,E,N,A,-,Y,SD,11,94,-,-,8.299,R,2,E,Y,2,0,1,1,A,-,03,22350,,N,E,I,A,A,H,-,C,A,1,,,Y,,Y,,C,02,1,0,0,0,0,0,0,0,1,TO,"- ",32.744399999999999,-117.04195,"SAN DIEGO",UNINCORPORATED,-117.04240837,32.744724169999998
6627271,2014,2015-05-15,3709,2014-09-12,1229,380,"SAN D",5,5,5,3709,0,0,0,,0,020,"NATIONAL CITY BL","EAST 8TH ST",0.00,,Y,A,-,N,,,,,,,,,,N,1,1,0,2,A,-,11,21456,B,N,G,B,B,A,H,-,A,A,0,Y,,,,Y,,N,60,0,0,0,1,0,0,0,0,0,"- ","- ",,,"SAN DIEGO","NATIONAL CITY",-117.10693003,32.675840110000003
6629217,2014,2016-05-28,9645,2014-09-02,1750,017524,,2,2,7,3711,0,1,1,,2,010,"RT 8","COLLEGE AV",1056.00,W,N,A,-,Y,SD,11,8,-,-,8.140,H,-,E,Y,2,0,1,1,A,-,03,22350,,N,F,A,A,A,H,-,A,D,1,,,Y,,Y,,C,02,1,0,0,0,0,0,0,0,1,"- ","- ",32.779559999999996,-117.07729,"SAN DIEGO","SAN DIEGO",-117.06975377000001,32.77917978
6629867,2014,2014-09-30,3711,2014-09-11,2322,6057,,4,5,7,3711,0,0,0,,0,443,"40TH ST","COTTONWOOD ST",72.00,N,N,A,-,N,,,,,,,,,,N,2,0,1,1,A,-,03,22350,,N,H,-,A,A,H,-,C,D,0,,,,,Y,,-,,1,0,0,0,0,0,0,0,0,"- ","- ",,,"SAN DIEGO","SAN DIEGO",-117.10776118,32.685223530000002
6630069,2014,2014-10-02,3711,2014-08-28,0832,6513,,4,5,7,3711,0,0,0,,0,235,"SAN PASQUAL RD","BANDY CANYON RD",3168.00,E,N,A,-,N,,,,,,,,,,Y,2,0,3,3,A,-,03,22350,,N,A,C,A,A,H,-,A,D,0,,,,,Y,,A,01,1,0,2,0,0,0,0,0,0,"- ","- ",,,"SAN DIEGO","SAN DIEGO",-116.94442033999999,33.090614219999999
6631156,2014,2014-10-02,3710,2014-08-15,1035,OC1344,,5,5,6,3710,0,0,0,,0,031,EMERALD,JADE,75.00,S,N,A,-,N,,,,,,,,,,Y,2,0,2,2,A,-,05,21650,,N,A,C,A,A,H,-,A,D,0,,,,,Y,,A,01,2,0,0,0,0,0,0,0,0,"- ","- ",,,"SAN DIEGO",OCEANSIDE,-117.27356459000001,33.180454570000002
6631745,2014,2016-01-05,9650,2014-09-06,1226,016516,,6,1,9,3700,0,3,5,,2,213,"EAST GRADE RD","RT 76",35376.00,N,N,B,-,N,,,,,,,,,,Y,2,0,1,1,A,-,08,22107,,N,E,I,A,A,H,-,A,D,0,,,Y,,Y,,C,02,1,0,0,0,0,0,0,0,1,"- ","- ",,,"SAN DIEGO",UNINCORPORATED,-116.80669235000001,33.288944839999999
6632109,2014,2016-01-05,3700,2014-07-06,1156,SH1912,,7,5,5,3782,0,0,0,,0,221,"RT 101","ENTRANCE TO SWAMIS",625.00,S,N,A,-,N,,,,,,,,,,Y,2,0,1,2,A,-,09,21804,A,N,D,C,A,A,H,-,A,D,0,,,Y,,Y,,A,01,1,0,0,0,0,0,0,0,1,"- ","- ",,,"SAN DIEGO",ENCINITAS,,
6640706,2014,2014-10-09,3706,2014-08-29,1203,ES0328,,5,5,6,3706,0,0,0,,0,042,"ASH ST","VALLEY PKWY",400.00,N,N,A,-,N,,,,,,,,,,Y,2,0,1,2,A,-,05,21650,,N,D,C,A,A,H,-,A,A,0,,,Y,,Y,,C,02,1,0,0,0,0,0,0,0,1,"- ","- ",,,"SAN DIEGO",ESCONDIDO,-117.06744369,33.131514019999997
6644069,2014,2016-06-11,9650,2014-11-15,1233,16103,,6,1,9,3700,0,1,1,,2,003,"RT 5","HARBOR DR",3960.00,N,N,A,-,Y,SD,11,5,-,R,55.150,H,-,S,Y,2,0,1,2,A,-,03,22350,,N,C,C,A,A,H,-,A,D,1,,,Y,,Y,,C,02,1,0,0,0,0,0,0,0,1,"- ","- ",33.228459999999998,-117.39879999999999,"SAN DIEGO",UNINCORPORATED,-117.39179153000001,33.220691709999997
6644816,2014,2014-10-10,3711,2014-09-20,0558,5985,,6,5,7,3711,0,0,0,,0,233,"CARMEL MOUNTAIN RD","STONEY CREEK CT",1253.00,W,N,B,-,N,,,,,,,,,,N,2,0,1,1,A,-,03,22350,,N,F,A,A,A,B,-,D,D,0,,Y,,,Y,,L,04,1,0,0,0,0,0,1,0,0,"- ","- ",,,"SAN DIEGO","SAN DIEGO",-117.10649359,32.96190713
6644840,2014,2014-10-10,3711,2014-09-19,0743,6414,,5,5,7,3711,0,0,0,,0,811,"WILSON AV","ADAMS AV",70.00,S,N,B,-,N,,,,,,,,,,N,2,0,1,1,A,-,21,22106,,N,H,J,A,A,H,-,A,A,0,,,,,Y,,-,,1,0,0,0,0,0,0,0,0,"- ","- ",,,"SAN DIEGO","SAN DIEGO",-117.11622305,32.76310857
6648965,2014,2016-05-21,9680,2014-09-23,1038,015008,,2,1,9,3700,0,1,3,,1,090,"RT 67","RT 78",136.00,S,N,A,-,Y,SD,11,67,-,-,24.350,H,-,N,Y,2,0,1,2,A,-,21,22106,,N,C,C,A,A,H,-,A,D,0,,,Y,,Y,,A,08,1,0,0,0,0,0,0,0,1,"- ","- ",33.041739999999997,-116.86896,"SAN DIEGO",UNINCORPORATED,-116.96227114,32.80334053
6651104,2014,2014-10-10,9650,2014-09-19,0250,014676,,5,3,9,3700,0,3,5,,2,070,"VIA DE LA VALLE","LAS PALOMAS",512.00,E,N,A,-,N,,,,,,,,,,Y,2,0,1,1,A,-,03,22350,,N,E,I,A,A,H,-,D,D,0,,,,,Y,,A,01,1,0,0,0,0,0,0,0,0,"- ","- ",32.995109999999997,-117.21023,"SAN DIEGO",UNINCORPORATED,-117.21617207,32.991138999999997
6651232,2014,2014-10-29,3702,2014-08-23,1915,CV1004,,6,5,6,3702,0,0,0,,0,032,"EASTLAKE PKWY","OTAY LAKES RD",30.00,S,N,A,-,N,,,,,,,,,,Y,2,0,1,2,A,-,08,22107,,N,C,C,A,A,H,-,A,A,0,,,Y,,Y,,A,01,1,0,0,0,0,0,0,0,1,"- ","- ",,,"SAN DIEGO","CHULA VISTA",-116.96552887,32.648182169999998
6658688,2014,2014-12-19,9680,2014-10-05,2324,020343,,7,3,9,3700,0,2,4,,1,013,"WILDCAT CANYON RD","WILLOW RD",565.00,N,N,A,-,N,,,,,,,,,,Y,2,0,1,2,A,-,08,22107,,N,F,A,A,A,H,-,D,D,0,,,Y,,Y,,C,02,1,0,0,0,0,0,0,0,1,"- ","- ",32.876489999999997,-116.90953,"SAN DIEGO",UNINCORPORATED,-116.90950049,32.876564270000003
6659413,2014,2014-11-10,9680,2014-09-20,1658,018672,,6,2,9,3700,0,3,5,,2,007,"BORREGO SPRINGS RD","T ANCHOR DR",0.00,,Y,A,-,N,,,,,,,,,,Y,2,0,4,2,A,-,01,23152,A,N,D,C,A,A,H,-,A,A,0,,,,,Y,Y,A,01,2,1,1,0,0,0,0,0,0,"- ","- ",33.248519999999999,-116.37452,"SAN DIEGO",UNINCORPORATED,-116.37459010000001,33.248790059999997
6666676,2014,2014-11-13,3700,2014-09-21,0024,SH7713,,7,5,3,3783,0,0,0,,0,273,"LOMAS SANTA FE DR","S CEDROS AV",0.00,,Y,A,-,N,,,,,,,,,,Y,2,0,1,2,A,-,01,23152,A,N,G,B,B,A,H,-,C,A,0,Y,,,,Y,Y,-,,1,0,0,0,1,0,0,0,0,"- ","- ",,,"SAN DIEGO","SOLANA BEACH",-117.27063006,32.992050020000001
6666952,2014,2014-10-22,3711,2014-09-30,0636,5925,,2,5,7,3711,0,0,0,,0,231,"POWAY RD","SPRINGHURST DR",0.00,,Y,A,-,N,,,,,,,,,,N,2,0,3,2,A,-,12,21453,A,N,D,C,A,A,H,-,A,A,0,,,,,Y,,A,08,1,0,2,0,0,0,0,0,0,"- ","- ",,,"SAN DIEGO","SAN DIEGO",-117.07830007,32.94695007
6671438,2014,2014-10-29,3705,2014-08-05,1855,EC0301,,2,5,5,3705,0,0,0,,0,009,MOLLISON,MAIN,1.00,N,N,A,-,N,,,,,,,,,,N,2,0,1,2,A,-,10,21950,A,N,G,B,B,A,H,-,A,A,0,Y,,,,Y,,A,01,1,0,0,0,1,0,0,0,0,"- ","- ",,,"SAN DIEGO","EL CAJON",-116.95098002,32.794952739999999
6671533,2014,2016-06-13,9645,2014-10-02,0650,017498,,4,1,7,3711,0,1,3,,2,002,"RT 905","RT 805",2112.00,E,N,A,-,Y,SD,11,905,-,-,5.640,H,-,W,Y,2,0,1,1,A,-,08,22107,,N,E,I,A,A,H,-,A,D,1,,,,,Y,,A,01,1,0,0,0,0,0,0,0,0,"- ","- ",,,"SAN DIEGO","SAN DIEGO",-117.03247397,32.568338689999997
6676764,2014,2014-12-16,9650,2014-10-12,1035,016103,,7,1,9,3700,0,3,5,,1,160,"GOPHER CANYON RD","FAIRVIEW DR",380.00,E,N,A,-,N,,,,,,,,,,Y,2,0,1,1,A,-,08,22107,,N,F,A,A,A,H,-,A,D,0,,,Y,,Y,,C,02,1,0,0,0,0,0,0,0,1,"- ","- ",33.249969999999998,-117.22087000000001,"SAN DIEGO",UNINCORPORATED,-117.22079739,33.249954199999998
6676796,2014,2014-12-16,9650,2014-10-03,1934,016490,,5,2,9,3700,0,1,3,,1,028,"RT 76","ADAMS DR",8448.00,W,N,A,-,Y,,,76,,,,,,,Y,2,0,3,2,A,-,09,21801,A,N,A,C,A,A,H,-,D,D,0,,,,,Y,Y,A,01,3,0,0,0,0,0,0,0,0,"- ","- ",33.355020000000003,-117.0318,"SAN DIEGO",UNINCORPORATED,-117.03178398,33.355078220000003
6678010,2015,2016-01-29,3702,2015-08-27,0130,CV0967,,4,5,6,3702,0,0,0,,0,024,"HERITAGE RD","ENTERTAINMENT CIR",877.00,S,N,A,-,N,,,,,,,,,,N,1,1,0,2,D,-,00,,,F,G,B,E,A,H,-,C,D,0,Y,,,,Y,,-,"- ",0,0,0,1,0,0,0,0,0,"- ","- ",,,"SAN DIEGO","CHULA VISTA",-117.00333612999999,32.587500329999997
6678096,2015,2016-02-22,9645,2015-07-14,1800,14692,,2,2,7,3711,0,1,1,,2,019,"RT 15","CAMINO DEL NORTE",2112.00,S,N,A,-,Y,SD,11,15,-,M,21.720,H,-,N,Y,1,1,1,2,A,-,03,22350,,N,C,C,A,A,H,-,A,D,1,,,Y,,Y,,C,02,0,0,1,0,0,0,0,1,0,"- ","- ",32.994199999999999,-117.0834,"SAN DIEGO","SAN DIEGO",-117.08346491,32.994774649999997
6678214,2017,2019-04-05,3711,2017-11-13,0235,6553,,1,5,7,3711,0,0,0,,0,313,"LIGHTWAVE AV","ARIVA WY",129.00,E,N,A,-,N,,,,,,,,,,N,1,1,0,2,C,-,18,,,N,G,B,E,A,H,-,C,D,0,Y,,,Y,Y,,-,"- ",0,0,0,1,0,0,0,0,0,"- ","- ",,,"SAN DIEGO","SAN DIEGO",-117.1391952,32.829024680000003
6678217,2017,2019-04-05,3711,2017-11-22,2041,4576,,3,5,7,3711,0,0,0,,0,441,"LOGAN AV","SOUTH 47TH ST",53.00,W,N,A,-,N,,,,,,,,,,N,1,1,0,2,A,-,11,21954,A,F,G,B,D,A,H,-,C,A,0,Y,,,,Y,,N,60,0,0,0,1,0,0,0,0,0,"- ","- ",,,"SAN DIEGO","SAN DIEGO",-117.09392167999999,32.69679172
6678234,2017,2019-04-05,3700,2017-12-21,2221,SH4791,,4,5,5,3782,0,0,0,,0,240,"RT 101","CARDIFF STATE BEACH",304.00,N,N,A,-,N,,,,,,,,,,Y,1,1,0,2,A,-,11,21954,A,N,G,B,D,A,H,-,D,D,0,Y,,,,Y,,N,60,0,0,0,1,0,0,0,0,0,"- ","- ",,,"SAN DIEGO",ENCINITAS,-117.27919,33.010931999999997
6678247,2014,2014-10-31,9645,2014-08-10,0010,19257,,7,3,5,3709,0,1,1,,2,009,"RT 805","EAST 16TH ST",180.00,N,N,A,-,Y,SD,11,805,-,-,10.140,H,-,N,N,1,1,0,2,A,-,11,21954,A,F,G,B,D,A,H,-,D,D,1,Y,,,,Y,,N,60,0,0,0,1,0,0,0,0,0,"- ","- ",32.675409999999999,-117.08347000000001,"SAN DIEGO","NATIONAL CITY",-117.0833933,32.67522125
6678272,2014,2015-12-30,3711,2014-09-30,2200,3792,3711,2,5,7,3711,0,0,0,,0,437,"APPIAN DR","WOODMAN ST",134.00,E,N,-,-,N,,,,,,,,,,N,1,1,0,2,D,-,00,,,F,G,B,E,A,H,-,C,D,0,Y,,,,Y,Y,-,"- ",0,0,0,1,0,0,0,0,0,"- ","- ",,,"SAN DIEGO","SAN DIEGO",-117.03966607,32.677338429999999
6678346,2017,2018-01-23,3710,2017-08-09,1515,OC1363,013,3,5,6,3710,0,0,0,,0,005,"OCEANSIDE BL","GARRISON ST",102.00,W,N,A,-,N,,,,,,,,,,Y,1,1,0,1,A,-,08,22107,,N,E,I,A,A,H,-,A,A,0,,,,,Y,,A,01,0,0,0,0,0,0,0,0,0,"- ","- ",,,"SAN DIEGO",OCEANSIDE,-117.33761242999999,33.20176
6679462,2014,2014-11-04,9645,2014-05-27,0748,014909,,2,1,9,3700,0,3,5,,2,018,"SWEETWATER RD","DORAL WY",483.00,E,N,A,-,N,,,,,,,,,,Y,2,0,4,4,A,-,08,22107,,N,C,C,A,A,H,-,A,D,0,,,,,Y,,A,01,1,2,1,0,0,0,0,0,0,"- ","- ",,,"SAN DIEGO",UNINCORPORATED,-117.04122402,32.664174420000002
6690185,2014,2014-11-17,3711,2014-10-22,1029,4823,SANDI,3,5,7,3711,0,0,0,,0,822,"54TH ST","UNIVERSITY AV",0.00,,Y,A,-,N,,,,,,,,,,Y,2,0,3,2,A,-,12,21453,A,N,D,C,A,A,H,-,A,A,0,,,,,Y,Y,D,22,1,0,2,0,0,0,0,0,0,"- ","- ",,,"SAN DIEGO","SAN DIEGO",-117.07948003,32.748790049999997
6690782,2014,2014-12-29,9650,2014-10-17,1720,017328,,5,2,9,3700,0,1,3,,2,065,"RT 76","OLD HWY 395",4646.00,W,N,A,-,Y,,,,,,,,,,Y,2,0,1,1,A,-,08,22107,,N,F,A,A,A,H,-,A,D,0,,,Y,,Y,,C,02,1,0,0,0,0,0,0,0,1,"- ","- ",33.31991,-117.17464,"SAN DIEGO",UNINCORPORATED,-117.17353007,33.319909869999996
6691870,2014,2014-11-21,3700,2014-07-22,0941,SH2659,,2,5,5,3712,0,0,0,,0,358,"SOUTH RANCHO SANTA FE RD","SECURITY PL",195.00,S,N,A,-,N,,,,,,,,,,Y,2,0,2,2,A,-,11,21954,A,N,G,B,D,A,H,-,A,D,0,Y,,Y,,Y,,N,60,1,1,0,0,1,0,0,0,1,"- ","- ",,,"SAN DIEGO","SAN MARCOS",-117.20677662999999,33.13382223
6693039,2014,2014-11-06,3708,2014-08-26,1242,1210,400,2,5,5,3708,0,0,0,,0,001,"UNIVERSITY AV","SPRING ST",16.00,W,N,A,-,N,,,,,,,,,,N,2,0,1,2,A,-,12,22451,B,N,H,F,A,A,H,-,A,A,0,,Y,,,Y,,L,04,1,0,0,0,0,0,1,0,0,"- ","- ",,,"SAN DIEGO","LA MESA",-117.0217811,32.767417520000002
6693225,2014,2014-12-22,3708,2014-10-13,1852,LM1214,,1,5,5,3708,0,0,0,,0,001,"BALTIMORE DR","FLETCHER PY",321.00,S,N,A,-,N,,,,,,,,,,Y,2,0,1,2,A,-,08,22107,,N,E,I,A,A,H,-,C,D,0,,,Y,,Y,,-,,1,0,0,0,0,0,0,0,1,"- ","- ",,,"SAN DIEGO","LA MESA",-117.02733417,32.77315669
6697954,2014,2014-11-25,9680,2014-10-16,1958,018734,,4,2,9,3700,0,1,1,,2,085,"RT 8","RT 79",1056.00,E,N,A,-,Y,,,8,,,,,,,Y,2,0,1,2,A,-,03,22350,,N,C,C,A,A,H,-,D,D,0,,,,Y,Y,,F,26,1,0,0,0,0,0,0,0,0,"- ","- ",32.824530000000003,-116.62244,"SAN DIEGO",UNINCORPORATED,-116.62239787,32.824609479999999
6699486,2014,2016-05-21,3700,2014-09-05,0642,SH7406,,5,5,4,3780,0,0,0,,0,480,"RT 67","MINA DE ORO RD",46.00,N,N,E,-,Y,SD,11,67,-,-,16.224,I,5,N,N,2,0,1,2,A,-,09,21801,A,N,D,G,A,A,H,-,B,D,0,,Y,,,Y,,A,01,1,0,0,0,0,0,1,0,0,"- ","- ",,,"SAN DIEGO",POWAY,-116.96226938,32.803267529999999
6703600,2014,2016-05-21,9645,2014-11-06,1705,017297,,4,2,7,3711,0,1,1,,2,003,"RT 5","COMMERCIAL ST",50.00,N,N,A,-,Y,SD,11,5,-,R,14.480,H,-,N,Y,2,0,1,2,A,-,03,22350,,N,C,C,A,A,H,-,B,D,1,,,Y,,Y,,C,02,1,0,0,0,0,0,0,0,1,"- ","- ",,,"SAN DIEGO","SAN DIEGO",-117.14743185,32.705648719999999
6706121,2014,2014-12-03,3711,2014-10-10,2035,3815,,5,5,7,3711,0,0,0,,0,934,"TORREY HILLS PK","10TH AV",0.00,,-,A,-,N,,,,,,,,,,N,2,0,1,1,A,-,08,22107,,N,E,I,A,A,H,-,C,D,0,,Y,,,Y,,L,04,1,0,0,0,0,0,1,0,0,"- ","- ",,,"SAN DIEGO","SAN DIEGO",,