CASE_ID,ACCIDENT_YEAR,PROC_DATE,JURIS,COLLISION_DATE,COLLISION_TIME,OFFICER_ID,REPORTING_DISTRICT,DAY_OF_WEEK,CHP_SHIFT,POPULATION,CNTY_CITY_LOC,SPECIAL_COND,BEAT_TYPE,CHP_BEAT_TYPE,CITY_DIVISION_LAPD,CHP_BEAT_CLASS,BEAT_NUMBER,PRIMARY_RD,SECONDARY_RD,DISTANCE,DIRECTION,INTERSECTION,WEATHER_1,WEATHER_2,STATE_HWY_IND,CALTRANS_COUNTY,CALTRANS_DISTRICT,STATE_ROUTE,ROUTE_SUFFIX,POSTMILE_PREFIX,POSTMILE,LOCATION_TYPE,RAMP_INTERSECTION,SIDE_OF_HWY,TOW_AWAY,COLLISION_SEVERITY,NUMBER_KILLED,NUMBER_INJURED,PARTY_COUNT,PRIMARY_COLL_FACTOR,PCF_CODE_OF_VIOL,PCF_VIOL_CATEGORY,PCF_VIOLATION,PCF_VIOL_SUBSECTION,HIT_AND_RUN,TYPE_OF_COLLISION,MVIW,PED_ACTION,ROAD_SURFACE,ROAD_COND_1,ROAD_COND_2,LIGHTING,CONTROL_DEVICE,CHP_ROAD_TYPE,PEDESTRIAN_ACCIDENT,BICYCLE_ACCIDENT,MOTORCYCLE_ACCIDENT,TRUCK_ACCIDENT,NOT_PRIVATE_PROPERTY,ALCOHOL_INVOLVED,STWD_VEHTYPE_AT_FAULT,CHP_VEHTYPE_AT_FAULT,COUNT_SEVERE_INJ,COUNT_VISIBLE_INJ,COUNT_COMPLAINT_PAIN,COUNT_PED_KILLED,COUNT_PED_INJURED,COUNT_BICYCLIST_KILLED,COUNT_BICYCLIST_INJURED,COUNT_MC_KILLED,COUNT_MC_INJURED,PRIMARY_RAMP,SECONDARY_RAMP,LATITUDE,LONGITUDE,COUNTY,CITY,POINT_X,POINT_Y
8378610,2017,2017-06-06,3711,2017-05-09,2045,7376,,2,5,7,3711,0,0,0,,0,114,"CLAIREMONT MESA BL","CLAIREMONT MESA BL 3800",0.00,,N,A,-,N,,,,,,,,,,Y,2,0,1,3,A,-,00,21453,,N,A,C,A,A,H,-,C,A,0,,,,,Y,,-,,1,0,0,0,0,0,0,0,0,"- ","- ",,,"SAN DIEGO","SAN DIEGO",-117.20614993,32.827710039999999
8378857,2017,2017-06-22,3705,2017-04-07,1203,EC0281,,5,5,5,3705,0,0,0,,0,006,"FLETCHER PKWY",CUYAMACA,60.00,W,N,A,-,N,,,,,,,,,,N,2,0,1,1,D,-,00,,,F,H,A,A,A,H,-,A,A,0,,,Y,,Y,,-,"- ",1,0,0,0,0,0,0,0,1,"- ","- ",,,"SAN DIEGO","EL CAJON",-116.97984372000001,32.807244500000003
8383464,2017,2017-06-08,3711,2017-05-17,1855,6513,,3,5,7,3711,0,0,0,,0,327,"MONTEZUMA RD","CATOCTIN DR",0.00,,Y,B,-,N,,,,,,,,,,Y,2,0,1,2,A,-,09,21801,A,N,F,-,A,A,H,-,A,A,0,,,Y,,Y,,A,01,1,0,0,0,0,0,0,0,1,"- ","- ",,,"SAN DIEGO","SAN DIEGO",-117.05840000000001,32.769340110000002
8384422,2017,2017-07-17,3711,2017-06-10,1322,7183,CENTR,6,5,7,3711,0,0,0,,0,526,"FRONT ST","WEST ASH ST",21.00,S,N,A,-,N,,,,,,,,,,N,2,0,1,2,A,-,10,21950,A,N,G,B,B,A,H,-,A,A,0,Y,,,,Y,,-,,1,0,0,0,1,0,0,0,0,"- ","- ",,,"SAN DIEGO","SAN DIEGO",-117.16474945,32.719802469999998
8387110,2017,2018-03-20,3701,2017-06-06,1035,CB5500,,2,5,5,3701,0,0,0,,0,008,"LA COSTA AV","GIBRALTAR ST",0.00,,Y,B,-,N,,,,,,,,,,Y,2,0,1,2,A,-,03,22350,,N,C,C,A,A,H,-,A,A,0,,,,,Y,,A,01,1,0,0,0,0,0,0,0,0,"- ","- ",,,"SAN DIEGO",CARLSBAD,-117.2481501,33.084770030000001
8387967,2017,2017-06-15,3710,2017-05-28,1342,OC1311,009,7,5,6,3710,0,0,0,,0,003,"SOUTH COAST HWY","GODFREY ST",0.00,,Y,A,-,N,,,,,,,,,,Y,2,0,1,2,A,-,06,21755,A,N,D,C,A,A,H,-,A,D,0,,,Y,,Y,,C,02,1,0,0,0,0,0,0,0,1,"- ","- ",,,"SAN DIEGO",OCEANSIDE,-117.36855008000001,33.1827501
8390164,2017,2017-06-19,3702,2017-05-09,1819,CV1124,,2,5,6,3702,0,0,0,,0,012,"H ST",BROADWAY,500.00,W,N,A,-,N,,,,,,,,,,Y,2,0,1,2,C,-,18,,,N,A,C,A,A,H,-,A,D,0,,,,,Y,Y,-,"- ",1,0,0,0,0,0,0,0,0,"- ","- ",,,"SAN DIEGO","CHULA VISTA",-117.09099839,32.630534369999999
8391025,2017,2017-06-28,3705,2017-05-15,2118,EC5258,,1,5,5,3705,0,0,0,,0,006,"MAGNOLIA AV","AIRPORT DR",40.00,N,N,B,-,N,,,,,,,,,,N,2,0,1,2,A,-,11,21954,A,N,G,B,D,A,H,-,D,D,0,Y,,,,Y,,N,60,1,0,0,0,1,0,0,0,0,"- ","- ",,,"SAN DIEGO","EL CAJON",-116.96232071999999,32.824589549999999
8395192,2017,2017-07-03,3705,2017-05-20,1537,EC0337,,6,5,5,3705,0,0,0,,0,008,"RENETTE AV","LAUREE ST",72.00,E,N,A,-,N,,,,,,,,,,N,2,0,1,2,A,-,11,21954,A,N,G,B,-,A,H,-,A,D,0,Y,,,,Y,,N,60,1,0,0,0,1,0,0,0,0,"- ","- ",,,"SAN DIEGO","EL CAJON",-116.96792657,32.784030000000001
8400008,2017,2017-07-27,3710,2017-06-23,2232,OC1185,010,5,5,6,3710,0,0,0,,0,004,"MISSION AV","MESA DR",5.00,E,N,A,-,N,,,,,,,,,,N,2,0,1,2,A,-,11,21950,B,N,G,B,B,A,H,-,C,A,0,Y,,,,Y,,N,60,1,0,0,0,1,0,0,0,0,"- ","- ",,,"SAN DIEGO",OCEANSIDE,-117.35925487999999,33.208565120000003
8402222,2017,2017-07-17,3708,2017-06-19,0923,LM8233,,1,5,5,3708,0,0,0,,0,004,"CENTER DR","GROSSMONT CENTER DR",22.00,W,N,A,-,N,,,,,,,,,,N,2,0,1,2,A,-,12,21453,A,N,D,G,A,A,H,-,A,A,0,,Y,,,Y,,L,04,1,0,0,0,0,0,1,0,0,"- ","- ",,,"SAN DIEGO","LA MESA",-117.01078188,32.780940029999996
8403580,2017,2017-07-11,3711,2017-06-11,0818,6252,,7,5,7,3711,0,0,0,,0,243,"MIRAMAR RD","PRODUCTION AV",0.00,,Y,B,-,N,,,,,,,,,,N,2,0,1,1,A,-,08,22107,,N,E,I,A,B,H,-,A,A,0,,,,,Y,,A,01,1,0,0,0,0,0,0,0,0,"- ","- ",,,"SAN DIEGO","SAN DIEGO",-117.16486999999999,32.878730109999999
8404321,2017,2017-07-13,3706,2017-04-01,0940,342,ESCON,6,5,6,3706,0,0,0,,0,041,BROADWAY,"COUNTRY CLUB LN",0.00,,Y,A,-,N,,,,,,,,,,N,1,1,0,2,A,-,12,21453,A,N,D,C,A,A,H,-,A,A,0,,,Y,,Y,,A,01,0,0,0,0,0,0,0,1,0,"- ","- ",33.161000000000001,-117.09287999999999,"SAN DIEGO",ESCONDIDO,-117.09288012,33.160990009999999
8404377,2017,2017-07-28,3711,2017-06-12,1822,5046,,1,5,7,3711,0,0,0,,0,315,"FRIARS RD","MISSION CTR",1000.00,E,N,A,-,N,,,,,,,,,,Y,1,1,0,1,A,-,08,22107,,N,E,I,A,-,H,-,A,D,0,,,Y,,Y,,C,02,0,0,0,0,0,0,0,1,0,"- ","- ",,,"SAN DIEGO","SAN DIEGO",-117.15062359,32.774588039999998
8404379,2017,2017-07-28,3711,2017-06-14,1240,4283,,3,5,7,3711,0,0,0,,0,116,"BURGENER BL","JULY ST",10.00,S,N,A,-,N,,,,,,,,,,N,1,1,0,2,A,-,10,21950,,N,G,-,B,-,H,-,A,A,0,Y,,,,Y,,-,,0,0,0,1,0,0,0,0,0,"- ","- ",,,"SAN DIEGO","SAN DIEGO",-117.1894904,32.783743829999999
8404392,2017,2017-07-28,3711,2017-07-04,0018,4643,,2,5,7,3711,0,0,0,,0,122,"SOLEDAD RD","LOS ALTOS WY",115.00,N,N,A,-,N,,,,,,,,,,Y,1,1,0,2,A,-,08,22107,,N,C,E,A,A,H,-,C,D,0,,,,,Y,,A,01,0,0,0,0,0,0,0,0,0,"- ","- ",,,"SAN DIEGO","SAN DIEGO",-117.24007108000001,32.811347519999998
8404399,2017,2019-04-09,3705,2017-05-05,0414,EC0281,,5,5,5,3705,0,0,0,,0,008,AVOCADO,"HORIZON HILLS",347.00,S,N,A,-,N,,,,,,,,,,Y,1,1,2,2,A,-,01,23152,B,N,A,C,A,A,H,-,D,D,0,,,,,Y,Y,A,01,2,0,0,0,0,0,0,0,0,"- ","- ",,,"SAN DIEGO","EL CAJON",-116.9581,32.769280369999997
8404560,2017,2017-09-20,3711,2017-08-24,2210,6146,,4,5,7,3711,0,0,0,,0,931,"NANCY RIDGE DR","CARROLL RD",1348.00,W,N,A,-,N,,,,,,,,,,Y,1,1,0,2,A,-,03,22350,,N,F,E,A,A,H,-,C,D,0,,,Y,,Y,,C,02,0,0,0,0,0,0,0,1,0,"- ","- ",,,"SAN DIEGO","SAN DIEGO",-117.17758221,32.886429999999997
8404629,2017,2018-05-11,3702,2017-08-12,2337,CV1060,,6,5,6,3702,0,0,0,,0,031,"EAST H ST","PASEO DEL REY",0.00,,Y,A,-,N,,,,,,,,,,Y,1,1,2,2,A,-,01,23152,B,N,D,C,A,A,H,-,C,A,0,,,,,Y,Y,A,01,1,0,1,0,0,0,0,0,0,"- ","- ",,,"SAN DIEGO","CHULA VISTA",-117.02928005,32.636020029999997
8404664,2017,2018-05-25,3709,2017-02-13,1848,0486,"SAN D",1,5,5,3709,0,0,0,,0,021,"EAST 4TH ST","V AV",26.00,E,N,A,-,N,,,,,,,,,,N,1,1,0,2,A,-,11,21954,A,F,G,B,E,A,H,-,D,D,0,Y,,Y,,Y,Y,N,60,0,0,0,1,0,0,0,0,0,"- ","- ",32.685600000000001,-117.0856,"SAN DIEGO","NATIONAL CITY",-117.08566996,32.68564215
8404781,2018,2018-06-09,3702,2018-02-09,1801,CV1060,,5,5,6,3702,0,0,0,,0,031,"EAST H ST","BUENA VISTA WY",0.00,,Y,A,-,N,,,,,,,,,,Y,1,1,0,3,A,-,11,21456,B,N,G,B,B,A,H,-,C,A,0,Y,,,,Y,,N,60,0,0,0,1,0,0,0,0,0,"- ","- ",,,"SAN DIEGO","CHULA VISTA",-117.00581359863281,32.64141845703125
8404796,2018,2018-06-14,3711,2018-02-02,2021,6372,,5,5,7,3711,0,0,0,,0,931,"MIRAMAR RD","RT 805",217.00,W,N,A,-,Y,SD,11,805,-,-,26.107,R,4,N,Y,1,1,5,3,A,-,08,22107,,N,A,C,A,A,H,-,C,A,0,,,,,Y,,A,01,1,4,0,0,0,0,0,0,0,"- ",EF,,,"SAN DIEGO","SAN DIEGO",-117.20012664794922,32.877586364746094
8404798,2018,2020-05-22,3711,2018-04-27,2300,6553,,5,5,7,3711,0,0,0,,0,627,"NORMAL ST","HARVEY MILK ST",181.00,N,N,B,-,N,,,,,,,,,,N,1,1,0,4,A,-,08,22107,,F,C,E,A,A,H,-,C,D,0,,,,,Y,,A,01,0,0,0,0,0,0,0,0,0,"- ","- ",,,"SAN DIEGO","SAN DIEGO",-117.14905858,32.749789479999997
8404853,2018,2020-05-21,3711,2018-02-03,1824,5972,,6,5,7,3711,0,0,0,,0,438,"PARKSIDE AV","BEATRICE ST",29.00,E,N,A,-,N,,,,,,,,,,Y,1,1,1,3,A,-,08,22107,,F,G,B,F,A,H,-,B,D,0,Y,,,,Y,,D,22,1,0,0,1,1,0,0,0,0,"- ","- ",,,"SAN DIEGO","SAN DIEGO",-117.0491943359375,32.669803619384766
8404864,2018,2020-05-26,3701,2018-02-04,2213,CB5363,,7,5,5,3701,0,0,0,,0,004,"PENINSULA DR","COLLEGE AV",131.00,E,N,A,-,N,,,,,,,,,,Y,1,1,0,2,A,-,01,23153,A,N,E,I,A,A,H,-,C,A,0,,,,,Y,Y,D,22,0,0,0,0,0,0,0,0,0,"- ","- ",,,"SAN DIEGO",CARLSBAD,-117.29517364501953,33.167797088623047
8404929,2018,2018-10-02,3706,2018-03-25,2327,322,ESCON,7,5,6,3706,0,0,0,,0,041,"ASH ST","EL NORTE PKWY",0.00,,Y,A,-,N,,,,,,,,,,Y,1,2,2,4,A,-,01,23152,F,N,D,C,A,A,H,-,C,A,0,,,,,Y,Y,A,01,1,0,1,0,0,0,0,0,0,"- ","- ",33.143909454345703,-117.07801818847656,"SAN DIEGO",ESCONDIDO,-117.07803344726562,33.143878936767578
8404952,2018,2018-07-10,3711,2018-06-06,1417,5600,,3,5,7,3711,0,0,0,,0,811,"ADAMS AV","CHEROKEE AV",0.00,,Y,A,-,N,,,,,,,,,,N,1,1,0,2,A,-,10,21950,A,N,G,B,B,A,H,-,A,A,0,Y,,,,Y,,A,07,0,0,0,1,0,0,0,0,0,"- ","- ",,,"SAN DIEGO","SAN DIEGO",-117.11412048339844,32.763320922851562
8405605,2017,2017-08-23,3702,2017-05-20,1427,CV0736,,6,5,6,3702,0,0,0,,0,042,"OTAY LAKES RD","WUESTE RD",0.00,,Y,A,-,N,,,,,,,,,,Y,2,0,1,2,A,-,08,22107,,N,A,B,E,A,H,-,A,A,0,Y,,,,Y,,D,22,1,0,0,0,1,0,0,0,0,"- ","- ",,,"SAN DIEGO","CHULA VISTA",-116.93593001000001,32.643300089999997
8406477,2017,2017-08-04,3706,2017-06-28,0316,450,ESCON,3,5,6,3706,0,0,0,,0,042,"LINCOLN AV","BROADWAY N",58.00,W,N,A,-,N,,,,,,,,,,Y,2,0,2,2,A,-,12,21453,A,N,D,C,A,A,H,-,C,A,0,,,,,Y,,A,01,1,0,1,0,0,0,0,0,0,"- ","- ",33.133870000000002,-117.08691,"SAN DIEGO",ESCONDIDO,-117.0868,33.133749999999999
8408575,2017,2017-07-31,3711,2017-07-14,2142,7591,,5,5,7,3711,0,0,0,,0,111,"CLAIREMONT MESA BL","LIMERICK AV",184.00,W,N,A,-,N,,,,,,,,,,Y,2,0,2,1,A,-,08,22107,,N,E,I,A,A,H,-,C,A,0,,,,,Y,Y,-,,1,0,1,0,0,0,0,0,0,"- ","- ",,,"SAN DIEGO","SAN DIEGO",-117.17934472,32.834350000000001
8410355,2017,2017-08-03,3700,2017-03-26,0621,SH2558,,7,5,5,3712,0,0,0,,0,357,"EAST MISSION RD","WOODLAND PKWY",0.00,,Y,A,-,N,,,,,,,,,,N,2,0,1,2,A,-,10,21950,A,N,G,B,B,A,H,-,B,A,0,Y,,,,Y,,D,22,1,0,0,0,1,0,0,0,0,"- ","- ",,,"SAN DIEGO","SAN MARCOS",-117.13915009999999,33.141570039999998
8413174,2017,2018-03-20,3711,2017-06-19,1835,6764,3711,1,5,7,3711,0,0,0,,0,315,"CAMINO DEL RIO S","RT 15",821.00,W,N,A,-,N,,,,,,,,,,Y,2,0,1,1,A,-,08,22107,,N,A,I,A,A,H,-,A,D,0,,,,,Y,,A,07,1,0,0,0,0,0,0,0,0,"- ","- ",,,"SAN DIEGO","SAN DIEGO",-117.1143194,32.778254879999999
8413860,2017,2017-08-09,3700,2017-05-20,1708,SH1725,,6,5,5,3712,0,0,0,,0,349,"SAN ELIJO RD","LEDGE ST",425.00,W,N,A,-,N,,,,,,,,,,Y,2,0,1,1,A,-,01,23152,A,N,E,I,A,A,H,-,A,D,0,,,Y,,Y,Y,C,02,1,0,0,0,0,0,0,0,1,"- ","- ",,,"SAN DIEGO","SAN MARCOS",-117.17316998,33.107202270000002
8415688,2017,2017-07-24,3711,2017-07-01,0156,6553,,6,5,7,3711,0,0,0,,0,826,"EL CAJON BL","WINONA AV",135.00,E,N,A,-,N,,,,,,,,,,Y,2,0,1,2,C,-,18,,,N,G,-,A,A,H,-,C,D,0,,,,,Y,Y,-,"- ",1,0,0,0,0,0,0,0,0,"- ","- ",,,"SAN DIEGO","SAN DIEGO",-117.08745763,32.756707110000001
8415689,2017,2017-07-25,3711,2017-07-11,1545,7236,,2,5,7,3711,0,0,0,,0,312,"SANTO RD","SNOOK ST",270.00,N,N,A,-,N,,,,,,,,,,Y,2,0,1,1,A,-,08,22107,,N,E,I,A,A,H,-,A,D,0,,,,,Y,Y,A,01,1,0,0,0,0,0,0,0,0,"- ","- ",,,"SAN DIEGO","SAN DIEGO",-117.10619905,32.813340519999997
8415913,2017,2017-12-05,3711,2017-10-26,0718,6686,,4,5,7,3711,0,0,0,,0,445,"MARKET ST","45TH ST",26.00,E,N,A,-,N,,,,,,,,,,N,2,0,1,2,A,-,00,21453,,N,G,B,B,A,H,-,B,A,0,Y,,,,Y,,A,01,1,0,0,0,1,0,0,0,0,"- ","- ",,,"SAN DIEGO","SAN DIEGO",-117.09778577,32.711458970000002
8415917,2017,2017-12-20,3711,2017-10-23,1920,6146,,1,5,7,3711,0,0,0,,0,711,"SUNSET AV","HOLLISTER ST",1895.00,E,N,A,-,N,,,,,,,,,,Y,2,0,1,3,A,-,03,22350,,N,B,E,E,A,H,-,D,D,0,Y,,,,Y,,A,01,1,0,0,0,1,0,0,0,0,"- ","- ",,,"SAN DIEGO","SAN DIEGO",-117.07800103,32.558213209999998
8417044,2017,2017-07-31,3700,2017-07-10,1627,SH0236,,1,5,5,3713,0,0,0,,0,308,"WEST VISTA WY","HILL DR",0.00,,Y,A,-,N,,,,,,,,,,Y,2,0,1,2,A,-,09,21801,A,N,D,C,A,A,H,-,A,D,0,,,Y,,Y,,A,01,1,0,0,0,0,0,0,0,1,"- ","- ",,,"SAN DIEGO",VISTA,-117.27084001999999,33.192330089999999
8417964,2017,2017-08-02,3711,2017-06-29,1716,6000,,4,5,7,3711,0,0,0,,0,621,"GENESEE AV","LINDA VISTA RD",0.00,,Y,A,-,N,,,,,,,,,,Y,2,0,1,2,A,-,09,21453,C,N,A,C,A,A,H,-,A,A,0,,,Y,,Y,,A,01,1,0,0,0,0,0,0,0,1,"- ","- ",,,"SAN DIEGO","SAN DIEGO",-117.16598012,32.791560050000001
8418042,2017,2017-08-04,3711,2017-07-12,0600,6252,,3,5,7,3711,0,0,0,,0,615,"NIMITZ BL","ROSECRANS ST",0.00,,Y,A,-,N,,,,,,,,,,N,2,0,1,2,D,-,00,,,F,G,B,B,A,H,-,A,A,0,Y,,,,Y,,-,"- ",1,0,0,0,1,0,0,0,0,"- ","- ",,,"SAN DIEGO","SAN DIEGO",-117.22582013,32.72860008
8423587,2017,2018-07-09,3710,2017-07-05,0045,OC1439,009,3,5,6,3710,0,0,0,,0,009,"RT 76","OLD GROVE",0.00,,Y,A,-,Y,SD,11,76,-,R,4.899,I,5,W,Y,2,0,1,2,A,-,11,21456,B,N,G,B,B,A,H,-,C,A,0,Y,,,,Y,Y,A,01,1,0,0,0,1,0,0,0,0,"- ","- ",,,"SAN DIEGO",OCEANSIDE,-117.30810977,33.232993649999997
8424304,2017,2017-08-10,3702,2017-07-05,0015,CV1077,,3,5,6,3702,0,0,0,,0,014,"3RD AV","D ST",50.00,N,N,A,-,N,,,,,,,,,,Y,2,0,1,2,A,-,00,21451,,N,G,B,A,A,H,-,C,D,0,,,,,Y,,A,01,1,0,0,0,0,0,0,0,0,"- ","- ",,,"SAN DIEGO","CHULA VISTA",-117.08258958,32.648320380000001
8424453,2017,2017-08-11,3702,2017-07-08,0016,CV1193,,6,5,6,3702,0,0,0,,0,042,"EASTLAKE PKWY","OLYMPIC PKWY",0.00,,Y,A,-,N,,,,,,,,,,Y,2,0,4,2,A,-,01,23152,A,N,D,C,A,A,H,-,C,A,0,,,,,Y,Y,-,,2,0,2,0,0,0,0,0,0,"- ","- ",,,"SAN DIEGO","CHULA VISTA",-116.96467011,32.62779003
8424906,2017,2017-08-16,3711,2017-08-06,2030,7250,SUPER,7,5,7,3711,0,0,0,,0,,"FAIRMOUNT AV","44TH ST",300.00,N,N,A,-,N,,,,,,,,,,N,2,0,1,2,A,-,11,21950,B,N,G,B,D,A,H,-,D,D,0,Y,,,,Y,,N,60,1,0,0,0,1,0,0,0,0,"- ","- ",,,"SAN DIEGO","SAN DIEGO",-117.10099527,32.730526300000001
8425685,2017,2017-08-23,3702,2017-06-25,2120,CV1137,,7,5,6,3702,0,0,0,,0,022,"TWIN OAKS AV","EMERSON ST",12.00,N,N,A,-,N,,,,,,,,,,Y,2,0,2,2,A,-,12,22450,A,F,D,C,A,A,H,-,C,D,0,,,Y,,Y,Y,A,01,1,1,0,0,0,0,0,0,2,"- ","- ",,,"SAN DIEGO","CHULA VISTA",-117.06569236,32.612731160000003
8432646,2017,2017-08-22,3711,2017-08-03,0529,7602,,4,5,7,3711,0,0,0,,0,821,"EL CAJON BL","COLLEGE AV",10.00,W,N,A,-,N,,,,,,,,,,N,2,0,1,2,A,-,11,21456,B,N,G,B,B,A,H,-,A,A,0,Y,,,,Y,,N,60,1,0,0,0,1,0,0,0,0,"- ","- ",,,"SAN DIEGO","SAN DIEGO",-117.06705819,32.761336470000003
84376099,2024,2024-08-30,3706,2024-08-24,1156,583,,6,5,6,3706,0,0,0,,0,055,"09TH AV","UPAS ST (W)",0.00,,Y,A,-,N,,,,,,,,,,Y,2,0,3,2,A,-,09,21802,A,N,D,C,A,A,H,-,A,D,0,,,,,Y,,A,01,1,1,1,0,0,0,0,0,0,"- ","- ",33.108180999755859,-117.08924102783203,"SAN DIEGO",ESCONDIDO,,
8438480,2017,2017-08-29,3711,2017-08-01,0826,5600,,2,5,7,3711,0,0,0,,0,621,"LINDA VISTA RD","FULTON ST",87.00,N,N,A,-,N,,,,,,,,,,N,2,0,1,2,A,-,11,21954,A,N,G,B,D,A,H,-,A,D,0,Y,,,,Y,,N,60,1,0,0,0,1,0,0,0,0,"- ","- ",,,"SAN DIEGO","SAN DIEGO",-117.16738017,32.790123649999998
84387662,2024,2024-09-10,3701,2024-08-15,2002,CB5434,,4,5,5,3701,0,0,0,,0,007,"BATIQUITOS DR","DAISY AV",0.00,,Y,A,-,N,,,,,,,,,,Y,2,0,1,2,A,-,09,21801,A,N,D,C,A,A,H,-,C,D,0,,,Y,,Y,,A,07,1,0,0,0,0,0,0,0,1,"- ","- ",33.1026611328125,-117.30490875244141,"SAN DIEGO",CARLSBAD,-117.30510711669922,33.102664947509766
84415614,2024,2024-10-02,3706,2024-09-18,1345,559,,3,5,6,3706,0,0,0,,0,056,"VALLEY PY","FALCONER RD",218.00,E,N,A,-,N,,,,,,,,,,Y,2,0,2,2,A,-,03,22350,,N,C,C,A,A,H,-,A,A,0,,,,,Y,,A,01,1,1,0,0,0,0,0,0,0,"- ","- ",33.144580841064453,-117.03662109375,"SAN DIEGO",ESCONDIDO,-117.03624725341797,33.145046234130859
8442773,2017,2017-08-31,3710,2017-08-21,2255,OC1438,036,1,5,6,3710,0,0,0,,0,007,"OCEANSIDE BL","CATALINA CR",8.00,W,N,A,-,N,,,,,,,,,,Y,2,0,4,1,A,-,01,23152,A,N,E,I,A,A,H,-,C,D,0,,,,,Y,Y,A,01,2,1,1,0,0,0,0,0,0,"- ","- ",,,"SAN DIEGO",OCEANSIDE,-117.26636585,33.219197129999998
84462810,2024,2024-11-08,3706,2024-11-04,1746,577,,1,5,6,3706,0,0,0,,0,046,"VALLEY CENTER RD","LAKE WOHLFORD RD",1700.00,N,N,A,-,N,,,,,,,,,,N,2,0,1,1,C,-,18,,,N,E,J,A,A,H,-,C,D,0,,,,,Y,,-,"- ",1,0,0,0,0,0,0,0,0,"- ","- ",33.160400390625,-117.03037261962891,"SAN DIEGO",ESCONDIDO,-117.02984619140625,33.162750244140625
84471959,2024,2024-11-18,3706,2024-11-12,1312,445,,2,5,6,3706,0,0,0,,0,043,"EL NORTE PY","I-15 SB",0.00,,Y,A,-,Y,SD,,15," ",R,32.873,H,,L,Y,2,0,2,2,A,-,01,23152,F,N,D,C,A,A,H,-,A,A,0,,,,,Y,,A,07,2,0,0,0,0,0,0,0,0,"- ","- ",33.146728515625,-117.10468292236328,"SAN DIEGO",ESCONDIDO,-117.10462951660156,33.146728515625
84477753,2024,2024-11-21,3706,2024-11-13,1855,605,,3,5,6,3706,0,0,0,,0,043,"EL NORTE PY","CENTRE CITY PY",16.00,N,N,A,-,N,,,,,,,,,,N,2,0,1,2,A,-,11,21950,B,N,G,B,B,A,H,-,C,A,0,Y,,,,Y,Y,N,60,1,0,0,0,1,0,0,0,0,"- ","- ",33.1397705078125,-117.09332275390625,"SAN DIEGO",ESCONDIDO,-117.09333801269531,33.139602661132812
84502477,2024,2024-12-13,3701,2024-11-23,"53  ",CB5604,,6,5,5,3701,0,0,0,,0,001,"STATE ST","GRAND AV",45.00,N,N,A,-,N,,,,,,,,,,N,2,0,1,2,A,-,03,22350,,F,C,C,A,A,H,-,C,D,0,,,Y,,Y,,-,99,1,0,0,0,0,0,0,0,1,"- ","- ",33.16162109375,-117.34844207763672,"SAN DIEGO",CARLSBAD,-117.34970092773438,33.160781860351562
84515856,2024,2024-12-25,3706,2024-11-28,2007,445,,4,5,6,3706,0,0,0,,0,045,"MISSION RD","NORDAHL RD.",0.00,,Y,A,-,N,,,,,,,,,,N,1,1,0,2,D,-,00,,,N,D,G,A,A,H,-,C,A,0,,Y,,,Y,,-,"- ",0,0,0,0,0,1,0,0,0,"- ","- ",33.130561828613281,-117.12277984619141,"SAN DIEGO",ESCONDIDO,,
8452474,2017,2017-09-25,3711,2017-09-03,1315,7510,,7,5,7,3711,0,0,0,,0,934,"EL CAMINIO REAL","DERBY DOWNS RD",0.00,,Y,B,-,N,,,,,,,,,,Y,2,0,2,2,A,-,12,21453,A,N,-,C,A,A,H,-,A,A,0,,,,,Y,,-,,1,0,1,0,0,0,0,0,0,"- ","- ",,,"SAN DIEGO","SAN DIEGO",-117.2347601,32.965110070000001
8455767,2017,2017-09-20,3711,2017-08-24,0537,6774,,4,5,7,3711,0,0,0,,0,242,"MIRA MESA BL","PARKDALE AV",9.00,W,N,B,-,N,,,,,,,,,,Y,2,0,2,2,A,-,12,21453,A,N,D,G,A,A,H,-,C,A,0,,Y,Y,,Y,,L,04,2,0,0,0,0,0,1,0,1,"- ","- ",,,"SAN DIEGO","SAN DIEGO",-117.15562562,32.91062814
8463740,2017,2017-11-08,3709,2017-10-15,1113,NC0495,,7,5,5,3709,0,0,0,,0,021,"DIVISION ST","HIGHLAND AV",0.00,,Y,A,-,N,,,,,,,,,,N,2,0,4,3,A,-,12,21453,A,N,D,C,A,A,H,-,A,A,0,,,,Y,Y,,F,26,1,1,2,0,0,0,0,0,0,"- ","- ",,,"SAN DIEGO","NATIONAL CITY",-117.10141007999999,32.685010040000002
8465319,2017,2018-03-30,3705,2017-02-03,2056,EC0278,,5,5,5,3705,0,0,0,,0,009,"E MAIN","N 3RD",989.00,E,N,A,-,N,,,,,,,,,,Y,1,1,0,2,A,-,00,21945,A,N,G,B,D,A,H,-,C,D,0,Y,,,,Y,,N,60,0,0,0,1,0,0,0,0,0,"- ","- ",,,"SAN DIEGO","EL CAJON",-116.92471507,32.805692960000002
8465538,2018,2019-01-03,3701,2018-10-14,1635,CB5363,38,7,5,5,3701,0,0,0,,0,002,"CARLSBAD BL","CANNON RD",208.00,N,N,A,-,N,,,,,,,,,,N,1,1,0,2,A,-,03,22350,,N,D,C,A,A,H,-,A,D,0,,,Y,,Y,,C,02,0,0,0,0,0,0,0,1,0,"- ","- ",,,"SAN DIEGO",CARLSBAD,-117.33580780029297,33.132980346679688
8465577,2018,2020-05-21,3709,2018-10-11,0658,NC0508,,4,5,5,3709,0,0,0,,0,024,"MILE OF CARS WY","TRANSPORTATION AV",0.00,,Y,B,-,N,,,,,,,,,,Y,1,1,0,2,A,-,09,21801,A,N,D,C,A,A,H,-,A,D,0,,,Y,,Y,,A,08,0,0,0,0,0,0,0,1,0,"- ","- ",,,"SAN DIEGO","NATIONAL CITY",-117.10284993,32.661670030000003
8465812,2018,2019-05-28,3700,2018-11-01,1840,SH0236,,4,5,5,3782,0,0,0,,0,223,"MOUNTAIN VISTA DR","NORTH EL CAMINO REAL",200.00,E,N,A,-,N,,,,,,,,,,Y,1,1,0,2,A,-,11,21954,A,N,G,B,D,A,H,-,C,D,0,Y,,,,Y,,N,60,0,0,0,1,0,0,0,0,0,"- ","- ",,,"SAN DIEGO",ENCINITAS,-117.26032257080078,33.051902770996094