CASE_ID,ACCIDENT_YEAR,PROC_DATE,JURIS,COLLISION_DATE,COLLISION_TIME,OFFICER_ID,REPORTING_DISTRICT,DAY_OF_WEEK,CHP_SHIFT,POPULATION,CNTY_CITY_LOC,SPECIAL_COND,BEAT_TYPE,CHP_BEAT_TYPE,CITY_DIVISION_LAPD,CHP_BEAT_CLASS,BEAT_NUMBER,PRIMARY_RD,SECONDARY_RD,DISTANCE,DIRECTION,INTERSECTION,WEATHER_1,WEATHER_2,STATE_HWY_IND,CALTRANS_COUNTY,CALTRANS_DISTRICT,STATE_ROUTE,ROUTE_SUFFIX,POSTMILE_PREFIX,POSTMILE,LOCATION_TYPE,RAMP_INTERSECTION,SIDE_OF_HWY,TOW_AWAY,COLLISION_SEVERITY,NUMBER_KILLED,NUMBER_INJURED,PARTY_COUNT,PRIMARY_COLL_FACTOR,PCF_CODE_OF_VIOL,PCF_VIOL_CATEGORY,PCF_VIOLATION,PCF_VIOL_SUBSECTION,HIT_AND_RUN,TYPE_OF_COLLISION,MVIW,PED_ACTION,ROAD_SURFACE,ROAD_COND_1,ROAD_COND_2,LIGHTING,CONTROL_DEVICE,CHP_ROAD_TYPE,PEDESTRIAN_ACCIDENT,BICYCLE_ACCIDENT,MOTORCYCLE_ACCIDENT,TRUCK_ACCIDENT,NOT_PRIVATE_PROPERTY,ALCOHOL_INVOLVED,STWD_VEHTYPE_AT_FAULT,CHP_VEHTYPE_AT_FAULT,COUNT_SEVERE_INJ,COUNT_VISIBLE_INJ,COUNT_COMPLAINT_PAIN,COUNT_PED_KILLED,COUNT_PED_INJURED,COUNT_BICYCLIST_KILLED,COUNT_BICYCLIST_INJURED,COUNT_MC_KILLED,COUNT_MC_INJURED,PRIMARY_RAMP,SECONDARY_RAMP,LATITUDE,LONGITUDE,COUNTY,CITY,POINT_X,POINT_Y
8465822,2019,2019-05-29,3711,2019-03-28,0539,SD6753,,4,5,7,3711,0,0,0,,0,233,"RANCHO PENASQUITOS","PASEO MONTRIL",38.00,S,N,A,-,N,,,,,,,,,,N,1,1,0,2,A,-,11,21954,A,N,G,B,E,A,H,-,B,A,0,Y,,,,Y,,N,60,0,0,0,1,0,0,0,0,0,"- ","- ",,,"SAN DIEGO","SAN DIEGO",-117.10780334472656,32.951580047607422
8465920,2019,2019-07-18,3700,2019-05-03,1813,SH0051,,5,5,4,3720,0,0,0,,0,604,"SAN MIGUEL  AV","CORNELIUS PL",365.00,W,N,A,-,N,,,,,,,,,,Y,1,1,0,2,A,-,11,21954,A,N,G,B,E,A,B,-,A,D,0,Y,,,,Y,,N,60,0,0,0,1,0,0,0,0,0,"- ","- ",,,"SAN DIEGO","LEMON GROVE",-117.04732513427734,32.735153198242188
8465921,2019,2021-05-20,3706,2019-04-27,2103,374,ESCON,6,5,6,3706,0,0,0,,0,043,"CENTRE CITY PKWY","DECATUR WY",106.00,S,N,B,-,Y,SD,11,78,-,R,1.734,R,4,W,Y,1,1,1,2,A,-,11,21954,A,N,G,B,D,A,H,-,C,D,0,Y,,,,Y,Y,N,60,0,1,0,1,0,0,0,0,0,"- ","- ",33.135608673095703,-117.09339141845703,"SAN DIEGO",ESCONDIDO,-117.093461,33.133875000000003
8466336,2017,2017-10-10,3711,2017-09-26,1810,6684,,2,5,7,3711,0,0,0,,0,327,"COLLEGE AV","MESITA DR",40.00,N,N,A,-,N,,,,,,,,,,Y,2,0,1,1,A,-,03,22350,,N,F,A,A,A,H,-,A,D,0,,,Y,,Y,,C,02,1,0,0,0,0,0,0,0,1,"- ","- ",,,"SAN DIEGO","SAN DIEGO",-117.06739211,32.766746179999998
84663372,2025,2025-04-29,3701,2025-04-02,"457 ",CB5427,,3,5,5,3701,0,0,0,,0,006,"CARLSBAD BL","ISLAND WY (E)",885.00,N,N,A,-,N,,,,,,,,,,Y,1,1,0,2,A,-,11,21956,A,N,G,B,E,A,H,-,D,D,0,Y,,,,Y,,N,60,0,0,0,1,0,0,0,0,0,"- ","- ",33.112518310546875,-117.32180786132812,"SAN DIEGO",CARLSBAD,-117.32402801513672,33.113842010498047
84663373,2025,2025-04-28,3701,2025-04-09,1249,CB5521,,3,5,5,3701,0,0,0,,0,007,"BATIQUITOS DR","KESTREL DR",123.00,S,N,A,-,N,,,,,,,,,,N,2,0,1,2,A,-,03,22350,,N,-,G,A,A,H,-,A,D,0,,Y,,,Y,,M,91,1,0,0,0,0,0,1,0,0,"- ","- ",33.097461700439453,-117.29680633544922,"SAN DIEGO",CARLSBAD,-117.29645538330078,33.097118377685547
84699389,2025,2025-05-26,3701,2025-05-10,1811,CB5574,,6,5,5,3701,0,0,0,,0,001,"STATE ST","CARLSBAD VILLAGE DR",189.00,N,N,A,-,N,,,,,,,,,,Y,2,0,3,4,A,-,03,22350,,N,G,B,F,A,H,-,A,D,0,Y,,,,Y,,A,01,1,2,0,0,3,0,0,0,0,"- ","- ",33.159500122070312,-117.34868621826172,"SAN DIEGO",CARLSBAD,-117.34908294677734,33.160026550292969
8471180,2017,2017-11-01,3706,2017-09-29,1448,267,ESCON,5,5,6,3706,0,0,0,,0,042,"WASHINGTON AV","JUNIPER ST",95.00,W,N,A,-,N,,,78,,,,,,,N,2,0,1,2,A,-,11,21954,A,N,G,B,D,A,H,-,A,D,0,Y,,,,Y,,N,60,1,0,0,0,1,0,0,0,0,"- ","- ",33.127589999999998,-117.08179,"SAN DIEGO",ESCONDIDO,-117.08179471,33.127605789999997
8472166,2017,2018-06-14,3702,2017-08-16,0548,CV0986,,3,5,6,3702,0,0,0,,0,024,"MAIN ST","RT 805",0.00,,Y,A,-,Y,SD,11,805,-,-,3.865,R,4,S,Y,2,0,1,3,A,-,03,22350,,N,G,B,E,A,H,-,C,A,0,Y,,,,Y,,A,07,1,0,0,0,1,0,0,0,0,"- ",SF,,,"SAN DIEGO","CHULA VISTA",-117.03647855,32.59776342
8475557,2017,2018-06-05,3701,2017-10-22,1336,CB5506,,7,5,5,3701,0,0,0,,0,007,"CARLSBAD BL","PONTO DR",0.00,,Y,A,-,N,,,,,,,,,,Y,2,0,1,1,C,-,18,,,N,F,-,A,A,H,-,A,D,0,,,Y,,Y,,-,"- ",1,0,0,0,0,0,0,0,1,"- ","- ",,,"SAN DIEGO",CARLSBAD,-117.31694011,33.098370019999997
8475693,2017,2017-12-02,3711,2017-11-02,0604,7533,SANDI,4,5,7,3711,0,0,0,,0,622,"FRIARS RD",FRESNO,20.00,W,N,A,-,N,,,,,,,,,,N,2,0,1,2,A,-,09,21801,A,N,B,C,A,A,H,-,B,D,0,,,Y,,Y,,A,01,1,0,0,0,0,0,0,0,1,"- ","- ",,,"SAN DIEGO","SAN DIEGO",-117.18739909999999,32.765587459999999
8475943,2017,2017-10-26,3711,2017-10-06,2246,4643,,5,5,7,3711,0,0,0,,0,231,"SABRE SPRINGS PKWY","WIMBERLY SQ",608.00,N,N,A,-,N,,,,,,,,,,Y,2,0,1,1,A,-,08,22107,,N,E,I,A,A,H,-,D,D,0,,,,,Y,,A,07,1,0,0,0,0,0,0,0,0,"- ","- ",,,"SAN DIEGO","SAN DIEGO",-117.09420081,32.955969099999997
8478408,2017,2017-11-16,3711,2017-10-09,1644,6000,,1,5,7,3711,0,0,0,,0,436,"IMPERIAL AV","68TH ST",84.00,W,N,A,-,N,,,,,,,,,,Y,2,0,3,1,A,-,03,22350,,N,E,I,A,A,H,-,A,D,0,,,,,Y,,A,01,1,1,1,0,0,0,0,0,0,"- ","- ",,,"SAN DIEGO","SAN DIEGO",-117.05121714000001,32.711396090000001
84805055,2025,2025-08-18,3706,2025-05-28,1943,455,,3,5,6,3706,0,0,0,,0,041,"CENTRE CITY PY","NUTMEG ST",0.00,,Y,A,-,N,,,,,,,,,,Y,1,1,0,2,A,-,03,22350,,N,B,C,A,A,H,-,A,A,0,,,Y,,Y,Y,C,02,0,0,0,0,0,0,0,1,0,"- ","- ",33.166881561279297,-117.10514831542969,"SAN DIEGO",ESCONDIDO,-117.10523986816406,33.166908264160156
8481297,2017,2017-12-01,3711,2017-10-26,1658,4243,3711,4,5,7,3711,0,0,0,,0,437,"BRIARWOOD RD","ALTA VIEW DR",4.00,S,N,A,-,N,,,,,,,,,,N,2,0,1,2,A,-,09,21453,C,N,D,G,A,A,H,-,A,A,0,,Y,,,Y,,L,04,1,0,0,0,0,0,1,0,0,"- ","- ",,,"SAN DIEGO","SAN DIEGO",-117.03181993,32.682823110000001
8481301,2017,2017-12-01,3711,2017-10-18,0746,5600,,3,5,7,3711,0,0,0,,0,122,"ARCHER ST","EVERTS ST",0.00,,Y,A,-,N,,,,,,,,,,N,2,0,1,2,A,-,09,21802,A,N,D,G,A,A,H,-,A,A,0,,Y,,,Y,,A,07,1,0,0,0,0,0,1,0,0,"- ","- ",,,"SAN DIEGO","SAN DIEGO",-117.25268011999999,32.812090009999999
8481356,2017,2017-11-09,3711,2017-09-11,0653,6366,,1,5,7,3711,0,0,0,,0,512,"OCEAN VIEW BL","SOUTH 32ND ST",7.00,E,N,A,-,N,,,,,,,,,,N,2,0,1,2,A,-,12,21453,A,N,G,B,B,A,H,-,B,A,0,Y,,,,Y,,A,08,1,0,0,0,1,0,0,0,0,"- ","- ",,,"SAN DIEGO","SAN DIEGO",-117.12516732,32.701189999999997
8484684,2017,2017-12-05,3705,2017-10-26,0956,EC0366,,4,5,5,3705,0,0,0,,0,009,"EAST MADISON AV",WALTER,480.00,E,N,A,-,N,,,,,,,,,,Y,2,0,1,2,A,-,09,21804,A,N,D,C,A,A,H,-,A,D,0,,,Y,,Y,,C,02,1,0,0,0,0,0,0,0,1,"- ","- ",,,"SAN DIEGO","EL CAJON",-116.9330236,32.800163670000003
8485287,2017,2017-12-19,3701,2017-11-04,0942,5506,,6,5,5,3701,0,0,0,,0,006,"CARLSBAD BL","SOLAMAR DR",1516.00,S,N,A,-,N,,,,,,,,,,N,2,0,1,2,A,-,04,21703,,N,C,G,A,A,D,-,A,D,0,,,,,Y,,-,,1,0,0,0,0,0,0,0,0,"- ","- ",,,"SAN DIEGO",CARLSBAD,-117.32545336,33.116814290000001
8490165,2017,2017-11-29,3711,2017-10-15,1300,6252,,7,5,7,3711,0,0,0,,0,1300,"EL CAMINIO REAL","CARMEL CREEK RD",13.00,N,N,A,-,N,,,,,,,,,,Y,2,0,2,2,A,-,09,21802,A,N,D,C,A,A,H,-,A,B,0,,,Y,,Y,,A,01,2,0,0,0,0,0,0,0,2,"- ","- ",,,"SAN DIEGO","SAN DIEGO",-117.22847249,32.92239275
8491042,2017,2017-11-29,3711,2017-10-28,0819,6774,,6,5,7,3711,0,0,0,,0,935,"EL CAMINIO REAL","SAN DIEGUITO RD",32.00,S,N,A,-,N,,,,,,,,,,N,2,0,1,1,C,-,18,,,N,F,A,A,A,H,-,A,A,0,,Y,,,Y,,-,"- ",1,0,0,0,0,0,1,0,0,"- ","- ",,,"SAN DIEGO","SAN DIEGO",-117.23120167,32.97570151
8492456,2017,2018-06-08,3700,2017-10-13,1705,SH4791,,5,5,5,3782,0,0,0,,0,214,"N COAST HWY 101","A ST",0.00,,Y,A,-,N,,,,,,,,,,Y,2,0,1,2,A,-,09,21804,A,N,D,C,A,A,H,-,B,A,0,,,Y,,Y,,A,07,1,0,0,0,0,0,0,0,1,"- ","- ",,,"SAN DIEGO",ENCINITAS,-117.2943401,33.049940079999999
8494097,2017,2017-12-19,3711,2017-06-22,2356,7175,,4,5,7,3711,0,0,0,,0,524,"5TH AV",BROADWAY,0.00,,Y,A,-,N,,,,,,,,,,Y,2,0,2,3,A,-,12,21453,A,M,B,C,A,A,H,-,C,A,0,,Y,,,Y,,-,,1,0,1,0,0,0,1,0,0,"- ","- ",,,"SAN DIEGO","SAN DIEGO",-117.16015007,32.715710090000002
8498546,2017,2017-12-11,3705,2017-11-22,1540,EC0163,,3,5,5,3705,0,0,0,,0,007,MOLLISON,SPINEL,113.00,S,N,A,-,N,,,,,,,,,,Y,2,0,1,2,A,-,03,22350,,N,C,C,A,A,H,-,A,D,0,,,Y,,Y,,C,03,1,0,0,0,0,0,0,0,1,"- ","- ",,,"SAN DIEGO","EL CAJON",-116.94966649,32.816180850000002
8499716,2017,2017-12-07,3711,2017-11-19,0855,7132,242,7,5,7,3711,0,0,0,,0,,"CAMINO RUIZ","ZAPATA AV",0.00,N,N,A,-,N,,,,,,,,,,N,2,0,1,2,A,-,09,21802,A,N,D,G,A,A,H,-,A,A,0,,Y,,,Y,,-,,1,0,0,0,0,0,1,0,0,"- ","- ",,,"SAN DIEGO","SAN DIEGO",-117.14402002,32.927290030000002
8502906,2017,2017-12-19,3711,2017-11-02,1818,5985,,4,5,7,3711,0,0,0,,0,122,"INGRAHAM ST","DIAMOND ST",0.00,,Y,B,-,N,,,,,,,,,,Y,2,0,1,2,A,-,09,21801,A,N,D,C,A,A,H,-,C,A,0,,,Y,,Y,,A,01,1,0,0,0,0,0,0,0,1,"- ","- ",,,"SAN DIEGO","SAN DIEGO",-117.24174013,32.802530009999998
8504912,2017,2018-07-05,3710,2017-12-01,2045,OC0835,032,5,5,6,3710,0,0,0,,0,006,"RT 76","OLD GROVE RD",259.00,W,N,A,-,Y,SD,11,76,-,R,4.850,H,-,E,Y,2,0,1,3,A,-,01,23152,A,N,C,C,A,A,H,-,C,A,0,,,,,Y,Y,A,01,1,0,0,0,0,0,0,0,0,"- ","- ",33.232689999999998,-117.30802,"SAN DIEGO",OCEANSIDE,-117.30869093,33.232400990000002
8505242,2017,2018-06-29,3703,2017-11-07,2131,1328,,2,5,3,3703,0,0,0,,0,003,"SILVER STRAND BL","SILVER STRAND BL 6000",0.00,,N,B,-,Y,SD,11,75,-,-,13.250,H,-,S,Y,2,0,1,2,A,-,08,22107,,N,B,C,A,A,H,-,C,D,0,,,Y,,Y,,C,02,1,0,0,0,0,0,0,0,1,"- ","- ",,,"SAN DIEGO",CORONADO,-117.13500016,32.614649739999997
8509148,2017,2017-12-18,3711,2017-11-13,0605,5600,,1,5,7,3711,0,0,0,,0,113,"CLAIREMONT MESA BL","LUNA AV",0.00,,Y,A,-,N,,,,,,,,,,N,2,0,1,2,A,-,11,21456,B,N,G,B,B,A,H,-,C,A,0,Y,,,,Y,Y,N,60,1,0,0,0,1,0,0,0,0,"- ","- ",,,"SAN DIEGO","SAN DIEGO",-117.21586010999999,32.831260039999997
8510819,2017,2017-12-20,3711,2017-11-24,0354,4310,,5,5,7,3711,0,0,0,,0,325,"GOLFCREST DR","GOLFCREST PL",68.00,S,N,A,-,N,,,,,,,,,,Y,2,0,2,3,A,-,08,22107,,N,E,I,A,A,H,-,C,D,0,,,,,Y,Y,A,01,1,1,0,0,0,0,0,0,0,"- ","- ",,,"SAN DIEGO","SAN DIEGO",-117.03915375,32.80215192
8510867,2017,2017-12-21,3711,2017-12-01,0754,6774,,5,5,7,3711,0,0,0,,0,122,"EMERALD ST","DAWES ST",14.00,E,N,A,-,N,,,,,,,,,,N,2,0,1,2,A,-,10,21950,A,N,G,B,C,A,H,-,A,A,0,Y,,,,Y,,A,01,1,0,0,0,1,0,0,0,0,"- ","- ",,,"SAN DIEGO","SAN DIEGO",-117.25054568,32.799648380000001
8512680,2017,2018-01-11,3710,2017-11-21,1740,OC1351,024,2,5,6,3710,0,0,0,,0,006,"SOUTH EL CAMINO REAL","VISTA REY",38.00,N,N,A,-,N,,,,,,,,,,Y,2,0,1,2,D,-,00,,,F,D,C,A,A,H,-,C,D,0,,,Y,,Y,,-,"- ",1,0,0,0,0,0,0,0,1,"- ","- ",,,"SAN DIEGO",OCEANSIDE,-117.33203388,33.218493989999999
8516226,2017,2017-12-28,3705,2017-10-07,1230,EC0371,,6,5,5,3705,0,0,0,,0,006,"N MARSHALL","BILLY MITCHELL DR",1202.00,N,N,A,-,N,,,,,,,,,,Y,2,0,2,2,A,-,09,21804,A,N,D,C,A,A,H,-,A,A,0,,,Y,,Y,,A,01,1,1,0,0,0,0,0,0,2,"- ","- ",,,"SAN DIEGO","EL CAJON",-116.97560415,32.824430640000003
8516231,2017,2017-12-28,3705,2017-11-10,2208,EC0365,,5,5,5,3705,0,0,0,,0,008,WASHINGTON,"VAN HOUTEN",0.00,,Y,A,-,N,,,,,,,,,,Y,2,0,2,2,A,-,12,22450,A,N,D,C,A,A,H,-,C,A,0,,,,Y,Y,,A,01,1,0,1,0,0,0,0,0,0,"- ","- ",,,"SAN DIEGO","EL CAJON",-116.96615006,32.787670110000001
8519113,2017,2017-12-28,3702,2017-10-21,0102,CV0986,,6,5,6,3702,0,0,0,,0,041,"MAIN ST","HERITAGE RD",966.00,W,N,A,-,N,,,,,,,,,,Y,2,0,1,2,A,-,11,21956,A,N,G,B,E,A,H,-,D,D,0,Y,,,,Y,,N,60,1,0,0,0,1,0,0,0,0,"- ","- ",,,"SAN DIEGO","CHULA VISTA",-117.00878228000001,32.593391070000003
8519731,2017,2018-01-02,3700,2017-11-17,1656,SH0029,,5,5,5,3713,0,0,0,,0,312,"SOUTH MELROSE DR","LAS PALMAS DR",130.00,N,N,A,-,N,,,,,,,,,,Y,2,0,1,2,A,-,09,21804,A,N,D,C,A,A,H,-,B,D,0,,,Y,,Y,,A,01,1,0,0,0,0,0,0,0,1,"- ","- ",,,"SAN DIEGO",VISTA,-117.25337192000001,33.186103459999998
8522436,2017,2018-01-08,3711,2017-12-13,1812,7640,,3,5,7,3711,0,0,0,,0,627,"6TH AV","UPAS ST",186.00,N,N,A,-,N,,,,,,,,,,,2,0,1,2,A,-,09,21801,A,N,-,G,A,A,H,-,C,-,0,,Y,,,Y,,-,,1,0,0,0,0,0,1,0,0,"- ","- ",,,"SAN DIEGO","SAN DIEGO",-117.15952,32.74151853
8524285,2017,2018-06-08,3700,2017-11-08,1149,SH2573,,3,5,5,3782,0,0,0,,0,211,"LA COSTA AV","RT 5",0.00,,Y,A,-,N,,,,,,,,,,N,2,0,1,2,A,-,03,22350,,N,C,C,A,A,H,-,A,A,0,,,,,Y,,A,01,1,0,0,0,0,0,0,0,0,"- ","- ",,,"SAN DIEGO",ENCINITAS,-117.29830003000001,33.08420005
8527477,2017,2018-01-17,3705,2017-12-15,1643,EC0337,,5,5,5,3705,0,0,0,,0,008,JAMACHA,"E MAIN",394.00,S,N,A,-,N,,,,,,,,,,Y,2,0,1,2,D,-,00,,,N,B,C,A,A,H,-,B,D,0,,,Y,,Y,,-,"- ",1,0,0,0,0,0,0,0,1,"- ","- ",,,"SAN DIEGO","EL CAJON",-116.93561619,32.794345649999997
8535630,2017,2018-01-26,3708,2017-12-02,1704,LM1225,,6,5,5,3708,0,0,0,,0,002,"LA MESA BL","LA MESA BL  8200 BLOCK",0.00,,N,A,-,N,,,,,,,,,,N,2,0,1,1,A,-,03,22350,,N,F,A,A,A,H,-,A,D,0,,Y,,,Y,,L,04,1,0,0,0,0,0,1,0,0,"- ","- ",,,"SAN DIEGO","LA MESA",,
8536002,2017,2018-01-17,3701,2017-12-29,1721,CB5458,,5,5,5,3701,0,0,0,,0,008,"RANCHO SANTA FE","CAMINO JUNIPERO",380.00,S,N,A,-,N,,,,,,,,,,Y,2,0,1,2,A,-,03,22350,,F,C,C,A,A,H,-,C,A,0,,,Y,,Y,,A,01,1,0,0,0,0,0,0,0,1,"- ","- ",,,"SAN DIEGO",CARLSBAD,-117.22655807,33.086638950000001
8538402,2018,2018-01-30,3701,2018-01-13,2234,CB5503,,6,5,5,3701,0,0,0,,0,008,"TORREJON PL","FIRE HYDRANT B1600820",41.00,E,N,A,-,N,,,,,,,,,,N,2,0,1,2,A,-,17,23116,A,F,G,B,F,A,H,-,C,D,0,Y,,,,Y,Y,-,,1,0,0,0,1,0,0,0,0,"- ","- ",,,"SAN DIEGO",CARLSBAD,,
8538412,2017,2018-01-29,3701,2017-12-28,1104,CB5342,,4,5,5,3701,0,0,0,,0,006,"MELROSE DR","PALOMAR AIRPORT RD",508.00,N,N,A,-,N,,,,,,,,,,N,2,0,2,3,A,-,08,22107,,N,C,G,A,A,H,-,A,D,0,,Y,,,Y,,A,07,2,0,0,0,0,0,2,0,0,"- ","- ",,,"SAN DIEGO",CARLSBAD,-117.2451198,33.131450510000001
8541545,2017,2018-02-05,3710,2017-12-20,0730,OC1274,,3,5,6,3710,0,0,0,,0,,"OLD GROVE RD","OCEAN RANCH BL",0.00,,Y,A,-,N,,,,,,,,,,Y,2,0,1,2,D,-,00,,,N,D,C,A,A,H,-,A,A,0,,,Y,,Y,,-,"- ",1,0,0,0,0,0,0,0,1,"- ","- ",33.21893,-117.29661,"SAN DIEGO",OCEANSIDE,-117.29684007,33.218780070000001
8542425,2017,2018-02-06,3706,2017-12-30,0133,493,ESCON,6,5,6,3706,0,0,0,,0,,"ASH ST","LINCOLN AV",0.00,,Y,A,-,N,,,,,,,,,,Y,2,0,1,2,A,-,01,23152,A,N,D,C,A,A,H,-,C,A,0,,,Y,,Y,Y,C,02,1,0,0,0,0,0,0,0,1,"- ","- ",33.139060000000001,-117.07295999999999,"SAN DIEGO",ESCONDIDO,-117.07293013,33.139050109999999
8544401,2018,2018-02-02,3711,2018-01-11,0916,4626,,4,5,7,3711,0,0,0,,0,315,"TEXAS ST","CAMINO DEL RIO S",846.00,S,N,A,-,N,,,,,,,,,,N,2,0,1,1,A,-,03,22350,,N,F,I,A,A,H,-,A,D,0,,Y,,,Y,,L,04,1,0,0,0,0,0,1,0,0,"- ","- ",,,"SAN DIEGO","SAN DIEGO",-117.13909912109375,32.765029907226562
8544437,2018,2018-02-02,3711,2018-01-20,2032,4617,,6,5,7,3711,0,0,0,,0,242,"MIRA MESA",GREENFORD,0.00,,Y,A,-,N,,,,,,,,,,N,2,0,1,2,A,-,11,21456,B,N,G,B,B,A,H,-,C,A,0,Y,,,,Y,,N,60,1,0,0,0,1,0,0,0,0,"- ","- ",,,"SAN DIEGO","SAN DIEGO",-117.13297271728516,32.913871765136719
8544910,2017,2018-02-21,3711,2017-12-10,1824,5958,,7,5,7,3711,0,0,0,,0,246,"ANGELIQUE ST","ANGELIQUE ST 11730",0.00,,N,A,-,N,,,,,,,,,,N,2,0,1,2,A,-,21,22106,,N,G,B,E,A,H,-,C,D,0,Y,,,,Y,,A,01,1,0,0,0,1,0,0,0,0,"- ","- ",,,"SAN DIEGO","SAN DIEGO",-117.07276046,32.931790509999999
8545798,2018,2018-02-09,3711,2018-01-15,1644,5600,,1,5,7,3711,0,0,0,,0,813,"PERSHING AV","UNIVERSITY AV",0.00,,Y,A,-,N,,,,,,,,,,Y,2,0,1,2,A,-,09,21802,A,N,D,C,A,A,H,-,B,D,0,,,Y,,Y,,A,01,1,0,0,0,0,0,0,0,1,"- ","- ",,,"SAN DIEGO","SAN DIEGO",-117.1346435546875,32.748458862304688
8547996,2017,2018-02-09,3710,2017-12-14,1734,OC1185,037,4,5,6,3710,0,0,0,,0,007,"COLLEGE BL","LAKE BL",311.00,S,N,A,-,N,,,,,,,,,,N,2,0,1,1,D,-,00,,,N,F,G,A,A,A,-,C,D,0,,Y,,,Y,,-,"- ",1,0,0,0,0,0,1,0,0,"- ","- ",33.178600000000003,-117.29401,"SAN DIEGO",OCEANSIDE,-117.29375673,33.177791419999998
8548689,2018,2018-02-20,3711,2018-01-20,2234,6146,,6,5,7,3711,0,0,0,,0,122,"GRAND AV","OLNEY ST",0.00,,Y,A,-,N,,,,,,,,,,Y,2,0,1,2,A,-,12,21453,A,N,D,C,A,A,H,-,C,A,0,,,Y,,Y,Y,C,02,1,0,0,0,0,0,0,0,1,"- ","- ",,,"SAN DIEGO","SAN DIEGO",-117.22928619384766,32.800350189208984
8549555,2017,2018-02-20,3710,2017-12-30,1314,OC1185,011,6,5,6,3710,0,0,0,,0,004,"BROOKS ST","COUNTRY CLUB LN",280.00,N,N,A,-,N,,,,,,,,,,Y,2,0,1,2,A,-,11,21954,A,N,G,B,D,A,H,-,A,D,0,Y,,,,Y,,N,60,1,0,0,0,1,0,0,0,0,"- ","- ",33.196669999999997,-117.36718999999999,"SAN DIEGO",OCEANSIDE,-117.36752629,33.19733592
8549674,2018,2018-02-13,3711,2018-01-20,1645,4897,,6,5,7,3711,0,0,0,,0,822,"58TH ST","ANDROS CT",94.00,N,N,A,-,N,,,,,,,,,,N,2,0,1,2,A,-,11,21954,A,F,G,B,D,A,H,-,A,D,0,Y,,,,Y,,N,60,1,0,0,0,1,0,0,0,0,"- ","- ",,,"SAN DIEGO","SAN DIEGO",-117.07285308837891,32.750782012939453
8551097,2018,2018-02-12,3710,2018-01-06,1710,OC1421,,6,5,6,3710,0,0,0,,0,,"COLLEGE BL","HAYMAR DR",200.00,S,N,A,-,N,,,,,,,,,,N,2,0,1,1,A,-,03,22350,,N,E,I,A,A,H,-,B,A,0,,,,,Y,,-,,1,0,0,0,0,0,0,0,0,"- ","- ",33.182060241699219,-117.29634094238281,"SAN DIEGO",OCEANSIDE,-117.29642486572266,33.181503295898438
8559154,2018,2018-02-26,3711,2018-02-01,1828,4576,,4,5,7,3711,0,0,0,,0,114,"CLAIREMONT MESA BL","GENESEE AV",357.00,W,N,A,-,N,,,,,,,,,,N,2,0,2,2,A,-,11,21954,A,N,G,B,D,A,H,-,C,D,0,Y,,,,Y,,N,60,1,0,1,0,1,0,0,0,0,"- ","- ",,,"SAN DIEGO","SAN DIEGO",-117.19606018066406,32.834480285644531
8560763,2018,2018-02-27,3711,2018-01-28,0222,6372,,7,5,7,3711,0,0,0,,0,529,"1ST AV","IVY ST",97.00,N,N,A,-,N,,,,,,,,,,N,2,0,1,2,A,-,08,22107,,F,G,B,E,A,H,-,C,D,0,Y,,,,Y,Y,A,01,1,0,0,0,1,0,0,0,0,"- ","- ",,,"SAN DIEGO","SAN DIEGO",-117.16390991210938,32.728473663330078
8560844,2018,2018-03-07,3711,2018-02-06,0004,6146,,2,5,7,3711,0,0,0,,0,315,"CAMINO DE LA REINA","QUALCOMM WY",69.50,W,N,A,-,N,,,,,,,,,,Y,2,0,1,1,A,-,08,22100,B,N,E,I,A,A,H,-,C,A,0,,,Y,,Y,,C,02,1,0,0,0,0,0,0,0,1,"- ","- ",,,"SAN DIEGO","SAN DIEGO",-117.14040374755859,32.771968841552734
8563095,2018,2018-03-08,3711,2018-02-07,1627,5600,,3,5,7,3711,0,0,0,,0,113,"REGENTS RD","LUNA AV",1670.00,N,N,A,-,N,,,,,,,,,,Y,2,0,1,2,A,-,08,22107,,N,B,I,A,A,H,-,A,A,0,,,,,Y,,A,01,1,0,0,0,0,0,0,0,0,"- ","- ",,,"SAN DIEGO","SAN DIEGO",-117.21620941162109,32.83575439453125
8564242,2018,2018-03-08,3708,2018-01-25,1641,LM1259,,4,5,5,3708,0,0,0,,0,003,"LAIRD ST","JEANETTE AV",282.00,W,N,A,-,N,,,,,,,,,,N,2,0,1,2,A,-,21,22106,,N,G,B,F,A,H,-,A,D,0,Y,,,,Y,,A,01,1,0,0,0,1,0,0,0,0,"- ","- ",,,"SAN DIEGO","LA MESA",-117.02414703369141,32.784130096435547
8565039,2018,2018-03-01,3711,2018-01-28,1240,6764,,7,5,7,3711,0,0,0,,0,826,"TROJAN AV","50TH ST",153.00,E,N,A,-,N,,,,,,,,,,N,2,0,1,2,A,-,09,21804,A,N,D,G,A,A,H,-,A,D,0,,Y,,,Y,,L,04,1,0,0,0,0,0,1,0,0,"- ","- ",,,"SAN DIEGO","SAN DIEGO",-117.08636474609375,32.754901885986328
8571462,2018,2018-03-14,3711,2018-02-25,1410,7555,,7,5,7,3711,0,0,0,,0,932,"13000 NORTH TORREY PINES RD","NORTH TORREY PINES RD",7.00,E,N,A,-,N,,,,,,,,,,N,2,0,1,2,A,-,05,21651,A,N,D,G,A,A,H,-,A,D,0,,Y,,,Y,,A,01,1,0,0,0,0,0,1,0,0,"- ","- ",32.937900543212891,-117.26129913330078,"SAN DIEGO","SAN DIEGO",-117.26121520996094,32.937904357910156
8572091,2018,2018-03-15,3702,2018-02-07,1700,CV1007,,3,5,6,3702,0,0,0,,0,042,"EASTLAKE PKWY","OTAY LAKES RD",0.00,,Y,A,-,N,,,,,,,,,,N,2,0,1,2,A,-,10,21950,A,N,G,B,B,A,H,-,A,A,0,Y,,,,Y,,A,01,1,0,0,0,1,0,0,0,0,"- ","- ",,,"SAN DIEGO","CHULA VISTA",-116.96556091308594,32.648262023925781