CASE_ID,ACCIDENT_YEAR,PROC_DATE,JURIS,COLLISION_DATE,COLLISION_TIME,OFFICER_ID,REPORTING_DISTRICT,DAY_OF_WEEK,CHP_SHIFT,POPULATION,CNTY_CITY_LOC,SPECIAL_COND,BEAT_TYPE,CHP_BEAT_TYPE,CITY_DIVISION_LAPD,CHP_BEAT_CLASS,BEAT_NUMBER,PRIMARY_RD,SECONDARY_RD,DISTANCE,DIRECTION,INTERSECTION,WEATHER_1,WEATHER_2,STATE_HWY_IND,CALTRANS_COUNTY,CALTRANS_DISTRICT,STATE_ROUTE,ROUTE_SUFFIX,POSTMILE_PREFIX,POSTMILE,LOCATION_TYPE,RAMP_INTERSECTION,SIDE_OF_HWY,TOW_AWAY,COLLISION_SEVERITY,NUMBER_KILLED,NUMBER_INJURED,PARTY_COUNT,PRIMARY_COLL_FACTOR,PCF_CODE_OF_VIOL,PCF_VIOL_CATEGORY,PCF_VIOLATION,PCF_VIOL_SUBSECTION,HIT_AND_RUN,TYPE_OF_COLLISION,MVIW,PED_ACTION,ROAD_SURFACE,ROAD_COND_1,ROAD_COND_2,LIGHTING,CONTROL_DEVICE,CHP_ROAD_TYPE,PEDESTRIAN_ACCIDENT,BICYCLE_ACCIDENT,MOTORCYCLE_ACCIDENT,TRUCK_ACCIDENT,NOT_PRIVATE_PROPERTY,ALCOHOL_INVOLVED,STWD_VEHTYPE_AT_FAULT,CHP_VEHTYPE_AT_FAULT,COUNT_SEVERE_INJ,COUNT_VISIBLE_INJ,COUNT_COMPLAINT_PAIN,COUNT_PED_KILLED,COUNT_PED_INJURED,COUNT_BICYCLIST_KILLED,COUNT_BICYCLIST_INJURED,COUNT_MC_KILLED,COUNT_MC_INJURED,PRIMARY_RAMP,SECONDARY_RAMP,LATITUDE,LONGITUDE,COUNTY,CITY,POINT_X,POINT_Y
90248894,2016,2016-08-22,9645,2016-08-17,1720,018393,,3,2,7,3711,0,1,1,,2,009,"I-805 N/B","OCEANVIEW BLVD O/C",70.00,N,N,A,-,Y,,,805,,,,,,N,Y,2,0,1,1,A,-,08,22107,,N,F,A,A,A,H,-,A,D,0,,,Y,,Y,,C,02,1,0,0,0,0,0,0,0,1,"- ","- ",32.70288,-117.09457,"SAN DIEGO","SAN DIEGO",-117.09476466,32.702865090000003
90251199,2016,2016-08-23,9645,2016-08-13,1255,018095,,6,1,7,3711,0,1,1,,2,010,"I-8 W/B","PRESIDIO PARK O/C",230.00,W,N,A,-,Y,,,8,,,,,,W,Y,2,0,1,3,A,-,03,22350,,N,C,C,A,A,H,-,A,D,0,,,Y,,Y,,C,02,1,0,0,0,0,0,0,0,1,"- ","- ",32.759999999999998,-117.18911,"SAN DIEGO","SAN DIEGO",-117.18911310999999,32.759978220000001
90255031,2016,2016-08-29,9650,2016-08-15,1513,018386,,1,2,9,3700,0,1,3,,2,065,"SR-76 W/B","OLIVE HILL RD",0.00,,Y,A,-,Y,,,76,,,,,,W,Y,2,0,2,2,A,-,01,23152,A,N,A,C,A,A,H,-,A,A,0,,,,,Y,Y,A,07,1,0,1,0,0,0,0,0,0,"- ","- ",33.288910000000001,-117.22555,"SAN DIEGO",UNINCORPORATED,-117.22559262999999,33.288900939999998
90255037,2016,2016-08-29,9650,2016-08-20,0005,020254,,6,3,5,3713,0,1,3,,2,017,"SR-78 E/B","CIVIC CENTER DR",38.00,W,N,A,-,Y,,,78,,,,,,E,Y,2,0,4,2,A,-,01,23152,A,N,C,C,A,A,H,-,D,D,0,,,,,Y,Y,A,08,1,3,0,0,0,0,0,0,0,"- ","- ",33.189259999999997,-117.23971,"SAN DIEGO",VISTA,-117.23974016,33.189209069999997
90255115,2016,2016-08-29,9645,2016-08-19,1000,017025,,5,1,7,3711,0,1,3,,2,006,"SR-94 W/B","FEDERAL BLVD U/C",200.00,W,N,A,-,Y,,,94,,,,,,W,Y,2,0,1,2,A,-,08,22107,,N,B,C,A,A,H,-,A,D,0,,,Y,,Y,,C,02,1,0,0,0,0,0,0,0,1,"- ","- ",32.725529999999999,-117.07379,"SAN DIEGO","SAN DIEGO",-117.07382072999999,32.725571459999998
90255214,2016,2016-08-29,9650,2016-08-25,0845,014615,,4,1,6,3706,0,1,3,,2,019,"SR-78 E/B TO I-15 S/B",I-15,1400.00,W,N,A,-,Y,,,,,,,,,,Y,2,0,1,2,A,-,07,21658,A,N,B,C,A,A,H,-,A,D,0,,,Y,,Y,,A,01,1,0,0,0,0,0,0,0,0,"- ","- ",,,"SAN DIEGO",ESCONDIDO,-117.10939686,33.127048539999997
90259126,2016,2016-09-01,9680,2016-08-22,0710,018104,,1,1,5,3781,0,1,3,,2,015,"SR-52 W/B","FANITA DR",642.00,E,N,A,-,Y,,,52,,,,,,W,Y,2,0,1,4,A,-,03,22350,,N,C,C,A,A,H,-,A,D,0,,,,,Y,,D,22,1,0,0,0,0,0,0,0,0,"- ","- ",32.836599999999997,-116.99516,"SAN DIEGO",SANTEE,-116.99515898,32.836795170000002
90259415,2016,2016-09-01,9645,2016-08-27,1110,014804,,6,1,7,3711,0,1,1,,2,019,"I-15 (N/B)","CARMEL MOUNTAIN ROAD O/C",2275.00,N,N,A,-,Y,,,15,,,,,,,Y,2,0,1,1,A,-,08,22107,,N,E,I,A,A,H,-,A,D,0,,,,,Y,,A,01,1,0,0,0,0,0,0,0,0,"- ","- ",32.984699999999997,-117.08279,"SAN DIEGO","SAN DIEGO",-117.08292854,32.984740090000003
90262778,2016,2016-09-07,9680,2016-08-27,2017,019910,,6,2,9,3700,0,2,4,,1,014,"WINTER GARDENS BLVD","GOLDEN RIDGE RD",295.00,S,N,A,-,N,,,,,,,,,,Y,2,0,1,1,A,-,08,22107,,N,E,I,A,A,H,-,C,D,0,,,,,Y,,A,01,1,0,0,0,0,0,0,0,0,"- ","- ",32.828560000000003,-116.93347,"SAN DIEGO",UNINCORPORATED,-116.93337357999999,32.828529680000003
90264467,2016,2016-09-09,9645,2016-07-13,1920,017529,,3,2,7,3711,0,1,3,,2,006,"SR-94 WESTBOUND","KELTON RD",2500.00,E,N,A,-,Y,,,94,,,,,,W,Y,2,0,2,1,A,-,08,22107,,N,E,I,A,A,H,-,A,D,0,,,,,Y,,A,01,2,0,0,0,0,0,0,0,0,"- ","- ",32.730879999999999,-117.06274000000001,"SAN DIEGO","SAN DIEGO",-117.06274001,32.73088001
90264897,2016,2016-09-09,9650,2016-08-26,1545,018321,,5,2,9,3700,0,3,5,,2,006,"CLEMMENS LN","S. MISSION RD",46.00,W,N,A,-,N,,,,,,,,,,N,2,0,1,2,A,-,12,21453,A,N,D,C,A,A,H,-,A,A,0,,Y,,,Y,,L,04,1,0,0,0,0,0,1,0,0,"- ","- ",33.369349999999997,-117.25136000000001,"SAN DIEGO",UNINCORPORATED,-117.25104,33.369329999999998
90265109,2016,2016-09-12,9650,2016-09-02,1650,015276,,5,2,9,3700,0,1,1,,2,021,"I-15 N/B","DULIN RD",312.00,N,N,A,-,Y,,,15,,,,,,N,Y,2,0,1,2,A,-,03,22350,,N,B,C,A,A,H,-,A,D,0,,,Y,,Y,,C,02,1,0,0,0,0,0,0,0,1,"- ","- ",33.323970000000003,-117.15803,"SAN DIEGO",UNINCORPORATED,-117.15806240000001,33.32396069
90266791,2016,2016-09-13,9645,2016-09-01,0747,015270,,4,1,7,3711,0,1,3,,2,023,"SR-163 SOUTHBOUND","FRIARS ROAD",702.00,S,N,A,-,Y,,,163,,,,,,S,Y,2,0,1,2,A,-,03,22350,,N,C,C,A,A,H,-,A,D,0,,,Y,,Y,,C,02,1,0,0,0,0,0,0,0,1,"- ","- ",32.834069999999997,-117.13951,"SAN DIEGO","SAN DIEGO",-117.1397568,32.834269200000001
90267010,2016,2016-09-13,9680,2016-09-03,0010,016435,,6,3,9,3700,0,2,4,,1,095,"WILDCAT CANYON RD","SAN VICENTE RD",0.00,,Y,A,-,N,,,,,,,,,,Y,2,0,1,1,A,-,03,22350,,N,E,I,A,A,H,-,C,A,0,,,,,Y,,A,01,1,0,0,0,0,0,0,0,0,"- ","- ",32.997970000000002,-116.84443,"SAN DIEGO",UNINCORPORATED,-116.84458012,32.997940040000003
90268054,2016,2016-09-15,9650,2016-09-12,1455,016516,,1,2,9,3700,0,3,5,,2,006,"KNOLL PARK LN","E. MISSION RD",500.00,N,N,A,-,N,,,,,,,,,,Y,2,0,1,1,A,-,01,23152,A,N,E,J,A,A,H,-,A,D,0,,,,,Y,Y,A,01,1,0,0,0,0,0,0,0,0,"- ","- ",33.389319999999998,-117.23535,"SAN DIEGO",UNINCORPORATED,-117.23526373,33.388839750000002
90269281,2016,2016-09-16,9645,2016-09-02,2257,020301,,5,3,6,3702,0,1,1,,2,009,"I-805 N/B","BONITA RD",550.00,S,N,A,-,Y,,,805,,,,,,N,Y,2,0,1,2,A,-,07,21658,A,F,B,C,A,A,H,-,C,D,0,,,Y,,Y,,-,99,1,0,0,0,0,0,0,0,1,"- ","- ",32.643140000000002,-117.05736,"SAN DIEGO","CHULA VISTA",-117.05712075,32.643270979999997
90272659,2016,2016-09-21,9650,2016-09-11,2204,016103,,7,3,9,3700,0,3,5,,2,006,"S. PASADENA AVE","ALVARADO ST",64.00,S,N,A,-,N,,,,,,,,,,N,2,0,1,2,A,-,21,22106,,N,C,E,A,A,H,-,D,D,0,,,,,Y,,A,01,1,0,0,0,0,0,0,0,0,"- ","- ",33.38185,-117.25472000000001,"SAN DIEGO",UNINCORPORATED,-117.2546439,33.3819047
90274509,2016,2016-09-23,9680,2016-09-15,0800,015766,,4,1,9,3700,0,1,1,,2,086,"INTERSTATE 8, W/B","CRESTWOOD ROAD",2112.00,W,N,A,-,Y,,,8,,,,,,W,Y,2,0,3,2,A,-,03,22350,,N,C,C,A,A,H,-,A,A,0,,,Y,,Y,,C,02,1,0,2,0,0,0,0,0,3,"- ","- ",32.707700000000003,-116.36802,"SAN DIEGO",UNINCORPORATED,-116.36803753,32.707638959999997
90274798,2016,2016-09-23,9680,2016-09-19,1120,016822,,1,1,9,3700,0,2,4,,1,094,"WILDCAT CANYON ROAD","SAN VICENTE ROAD",12672.00,S,N,B,-,N,,,,,,,,,,Y,2,0,1,1,A,-,05,21650,,N,E,I,A,A,H,-,A,D,0,,,,,Y,,A,01,1,0,0,0,0,0,0,0,0,"- ","- ",32.978659999999998,-116.82401,"SAN DIEGO",UNINCORPORATED,-116.82468797999999,32.979318980000002
90275172,2016,2016-09-26,9650,2016-07-31,0550,017905,,7,3,5,3701,0,1,1,,2,005,"I-5 S/B","TAMARACK AVE",500.00,N,N,A,-,Y,,,5,,,,,,S,Y,2,0,3,3,A,-,03,22350,,N,C,C,A,A,H,-,A,D,0,,,,,Y,,A,07,2,0,1,0,0,0,0,0,0,"- ","- ",33.156770000000002,-117.339,"SAN DIEGO",CARLSBAD,-117.33908769,33.156726480000003
90275420,2016,2016-09-26,9645,2016-09-13,0735,015494,,2,1,7,3711,0,1,1,,2,011,"I-805 N/B","RALENE ST",300.00,S,N,A,-,Y,,,805,,,,,,N,Y,2,0,1,2,A,-,03,22350,,N,C,C,A,A,H,-,A,D,0,,,Y,,Y,,C,02,1,0,0,0,0,0,0,0,1,"- ","- ",32.729669999999999,-117.10735,"SAN DIEGO","SAN DIEGO",-117.10729033,32.729784240000001
90276043,2016,2016-09-26,9680,2016-09-17,1025,014949,,6,1,9,3700,0,1,3,,1,040,SR-94,"EMERY RD",1584.00,E,N,A,-,Y,,,94,,,,,,,Y,2,0,1,1,A,-,08,22107,,N,E,I,A,A,H,-,A,D,0,,,Y,,Y,,C,02,1,0,0,0,0,0,0,0,1,"- ","- ",32.60127,-116.63366000000001,"SAN DIEGO",UNINCORPORATED,-116.63371161000001,32.601382180000002
90282236,2016,2016-10-03,9680,2016-09-23,2255,020049,,5,3,9,3700,0,1,3,,2,028,"SR-125 S/B","SR-94 E/B",1584.00,S,N,A,-,Y,,,125,,,,,,S,Y,2,0,1,1,A,-,01,23152,A,N,E,I,A,A,H,-,C,D,0,,,,,Y,Y,A,01,1,0,0,0,0,0,0,0,0,"- ","- ",32.73977,-117.01600000000001,"SAN DIEGO",UNINCORPORATED,-117.01592795000001,32.739778440000002
90282725,2016,2016-10-03,9650,2016-09-13,1800,019126,,2,2,9,3700,0,3,5,,2,211,"WOODS VALLEY RD","COOL WATER RANCH RD",1056.00,W,N,A,-,N,,,,,,,,,,N,2,0,1,2,A,-,03,22350,,N,D,C,A,A,H,-,A,D,0,,,Y,,Y,,C,02,1,0,0,0,0,0,0,0,1,"- ","- ",33.121540000000003,-116.59408999999999,"SAN DIEGO",UNINCORPORATED,-116.99459628,33.204163000000001
90282819,2016,2016-10-04,9645,2016-07-27,0217,017667,,3,3,7,3711,0,1,1,,2,003,"I-5 S/B","CORONADO BAY BRIDGE",40.00,S,N,B,-,Y,,,5,,,,,,S,Y,2,0,1,1,A,-,01,23152,A,N,E,I,A,A,H,-,C,D,0,,,,,Y,Y,A,01,1,0,0,0,0,0,0,0,0,"- ","- ",32.699570000000001,-117.1405,"SAN DIEGO","SAN DIEGO",-117.14048756,32.69958767
90285053,2016,2016-10-06,9650,2016-09-27,0635,013696,,2,1,5,3701,0,1,1,,2,005,"I-5 S/B","LAS FLORES DR",300.00,N,N,B,-,Y,,,5,,,,,,S,Y,2,0,1,2,A,-,07,21658,A,N,B,C,A,A,H,-,A,D,0,,,Y,,Y,,A,01,1,0,0,0,0,0,0,0,1,"- ","- ",33.171300000000002,-117.34702,"SAN DIEGO",CARLSBAD,-117.34711285,33.17123033
90285186,2016,2016-10-06,9645,2016-09-26,0622,016766,,1,1,7,3711,0,1,1,,2,009,"I-805 N/B","47TH ST",1320.00,S,N,A,-,Y,,,805,,,,,,N,Y,2,0,2,4,A,-,03,22350,,N,C,C,A,A,H,-,B,D,0,,,Y,,Y,,C,02,1,0,1,0,0,0,0,0,2,"- ","- ",32.686920000000001,-117.09211000000001,"SAN DIEGO","SAN DIEGO",-117.09205812,32.686980009999999
90286316,2016,2016-10-07,9650,2016-10-02,0220,015080,,7,3,5,3713,0,1,3,,2,017,"SR-78 E/B","SYCAMORE AVE",2000.00,E,N,A,-,Y,,,78,,,,,,E,Y,2,0,1,1,A,-,08,22107,,N,E,I,A,A,H,-,C,D,0,,,,,Y,,A,01,1,0,0,0,0,0,0,0,0,"- ","- ",33.163589999999999,-117.21159,"SAN DIEGO",VISTA,-117.21177593,33.163440950000002
90286714,2016,2016-10-07,9645,2016-10-06,0310,016138,,4,3,7,3711,0,1,1,,2,015,"I-805 NORTHBOUND","EASTGATE MALL O/C",79.00,N,N,A,-,Y,,,,,,,,,,Y,2,0,1,1,A,-,01,23152,A,N,E,I,A,A,H,-,D,D,0,,,,,Y,Y,A,01,1,0,0,0,0,0,0,0,0,"- ","- ",32.529859999999999,-117.12112999999999,"SAN DIEGO","SAN DIEGO",-117.20117234999999,32.881137629999998
90287722,2016,2016-10-10,9650,2016-09-14,1000,015295,,3,1,9,3700,0,1,3,,2,065,"STATE ROUTE 76 EASTBOUND","EAST VISTA WAY",720.00,E,N,A,-,Y,,,76,,,,,,E,Y,2,0,1,1,A,-,08,22107,,N,E,I,A,A,H,-,A,D,0,,,,,Y,,A,01,1,0,0,0,0,0,0,0,0,"- ","- ",33.259540000000001,-117.23605000000001,"SAN DIEGO",UNINCORPORATED,-117.23639430999999,33.259630250000001
90291077,2016,2016-10-13,9680,2016-07-16,1520,019490,,6,2,9,3700,0,1,3,,1,040,"SR-94 W/B",SR-188,1584.00,W,N,A,-,Y,,,94,,,,,,W,Y,1,1,1,3,A,-,05,21460,A,N,B,C,A,A,H,-,A,D,0,,,Y,,Y,,-,"- ",0,1,0,0,0,0,0,1,0,"- ","- ",32.597580000000001,-116.64816999999999,"SAN DIEGO",UNINCORPORATED,-116.64816698999999,32.597591680000001
90292305,2016,2016-10-14,9650,2016-04-12,2320,017905,,2,3,9,3700,0,1,1,,2,001,"INTERSTATE 5 NORTHBOUND","LAS PULGAS RD",6888.00,N,N,A,-,Y,,,5,,,,,,N,Y,1,1,0,1,A,-,08,22107,,N,E,I,A,A,H,-,D,D,0,,,,,Y,,D,22,0,0,0,0,0,0,0,0,0,"- ","- ",33.312390000000001,-117.48052,"SAN DIEGO",UNINCORPORATED,-117.48059691,33.312325909999998
90293421,2016,2016-10-17,9650,2016-09-29,0110,019549,,4,3,5,3712,0,1,3,,2,019,"SR-78 E/B TO TWIN OAKS VALLEY RD","TWIN OAKS VALLEY RD",250.00,W,N,A,-,Y,,,78,,,,R,,E,Y,2,0,1,1,A,-,01,23152,A,N,E,I,A,A,H,-,D,D,0,,,,,Y,Y,A,01,1,0,0,0,0,0,0,0,0,"- ","- ",33.13673,-117.16476,"SAN DIEGO","SAN MARCOS",-117.16476,33.13673
9029505,2020,2020-03-18,3711,2020-01-03,2251,SD6366,,5,5,7,3711,0,0,0,,0,832,"ORANGE AV","CENTRAL AV",3.00,E,N,A,-,N,,,,,,,,,,N,2,0,1,2,A,-,10,21950,A,N,G,B,B,A,H,-,C,D,0,Y,,,,Y,Y,D,22,1,0,0,0,1,0,0,0,0,"- ","- ",,,"SAN DIEGO","SAN DIEGO",-117.10823059082031,32.753208160400391
90298804,2016,2016-10-24,9650,2016-05-01,1956,016485,,7,2,9,3700,0,3,5,,2,170,"BUENA CREEK RD","COUNTRY CREEK RD",1194.00,W,N,A,-,N,,,,,,,,,,Y,1,1,3,4,A,-,01,23152,A,N,A,C,A,A,H,-,D,D,0,,,,,Y,Y,A,01,1,2,0,0,0,0,0,0,0,"- ","- ",33.183059999999998,-117.16321000000001,"SAN DIEGO",UNINCORPORATED,-117.16365854,33.183033969999997
90299004,2016,2016-10-24,9650,2016-08-15,0730,015273,,1,1,6,3706,0,1,1,,2,023,"INTERSTATE 15 SOUTHBOUND","WEST WASHINGTON AVE.",12.00,N,N,A,-,Y,,,15,,,,,,S,Y,1,1,0,2,A,-,03,22350,,N,B,C,A,A,H,-,A,D,0,,,Y,,Y,,C,02,0,0,0,0,0,0,0,1,0,"- ","- ",33.12332,-117.10363,"SAN DIEGO",ESCONDIDO,-117.10367352,33.123300659999998
90303325,2016,2016-10-27,9650,2016-10-20,0745,015273,,4,1,9,3700,0,1,3,,2,025,"SR-78 (SAN PASQUAL VALLEY ROAD)","BEAR VALLEY PARKWAY",0.00,,Y,A,-,Y,,,78,,,,,,,Y,2,0,2,2,A,-,12,21457,A,N,D,C,A,A,H,-,A,B,0,,,,,Y,,A,01,1,0,1,0,0,0,0,0,0,"- ","- ",33.109319999999997,-117.04988,"SAN DIEGO",UNINCORPORATED,-117.04989585,33.109242780000002
90310093,2016,2016-11-03,9645,2016-09-05,2323,020301,,1,3,5,3709,0,1,3,,2,008,"SR-54 W/B TO I-805 S/B","SWEETWATER ROAD O/C",600.00,W,N,A,-,Y,,,54,,,,R,,W,Y,1,1,0,1,A,-,08,22107,,N,E,I,A,A,H,-,C,D,0,,,,,Y,,A,01,0,0,0,0,0,0,0,0,0,"- ","- ",32.659750000000003,-117.07088,"SAN DIEGO","NATIONAL CITY",-117.07088,32.659750000000003
90320953,2016,2016-11-16,9645,2016-11-02,0900,015494,,3,1,7,3711,0,1,1,,2,003,"I-5 S/B","OLD TOWN AVE OVER CROSSING",3000.00,S,N,A,-,Y,,,5,,,,,,S,Y,2,0,2,4,A,-,03,22350,,N,C,C,A,A,H,-,A,D,0,,,Y,,Y,,A,01,1,1,0,0,0,0,0,0,1,"- ","- ",32.743600000000001,-117.18489,"SAN DIEGO","SAN DIEGO",-117.18492289,32.74352786
90321391,2016,2016-11-17,9645,2016-08-17,2040,017678,,3,2,7,3711,0,1,3,,2,006,"STATE ROUTE 94 WESTBOUND","FEDERAL BOULEVARD U/C",1000.00,E,N,A,-,Y,,,94,,,,,,W,Y,1,1,0,2,A,-,01,23152,F,N,C,E,A,A,H,-,C,D,0,,,,,Y,Y,A,01,0,0,0,0,0,0,0,0,0,"- ","- ",32.728409999999997,-117.06869,"SAN DIEGO","SAN DIEGO",-117.06866152000001,32.728330329999999
90322068,2016,2016-11-17,9680,2016-11-10,0647,015972,,4,1,9,3700,0,1,3,,2,016,"MAPLEVIEW STREET",SR-67,254.00,W,N,A,-,N,,,,,,,,,,Y,2,0,1,2,A,-,09,21801,A,N,D,C,A,A,H,-,A,A,0,,,Y,,Y,,A,07,1,0,0,0,0,0,0,0,1,"- ","- ",32.862769999999998,-116.92404000000001,"SAN DIEGO",UNINCORPORATED,-116.92392221999999,32.862721909999998
90327266,2016,2016-12-08,9650,2016-10-26,2045,014772,,3,2,9,3700,0,3,5,,2,010,"EL CAMINO REAL","CRISTIANITOS RD",525.00,N,N,B,-,N,,,,,,,,,,Y,2,0,2,3,A,-,08,22107,,F,E,C,A,A,H,-,C,D,0,,,,,Y,,A,01,1,0,1,0,0,0,0,0,0,"- ","- ",33.396979999999999,-117.59329,"SAN DIEGO",UNINCORPORATED,-117.59311536,33.396990199999998
90328841,2016,2016-11-23,9645,2016-11-09,0139,016138,,3,3,7,3711,0,1,1,,2,007,"I-5 SOUTHBOUND","NOBEL DR. O/C",550.00,N,N,A,-,Y,,,5,,,,,,S,N,2,0,1,2,A,-,11,21954,A,N,G,B,E,A,H,-,D,D,0,Y,,,,Y,,N,60,1,0,0,0,1,0,0,0,0,"- ","- ",32.869950000000003,-117.22949,"SAN DIEGO","SAN DIEGO",-117.22955810000001,32.869956760000001
90328971,2016,2016-11-23,9680,2016-11-14,1745,020771,,1,2,9,3700,0,3,5,,2,002,"SKYLINE TRUCK TRAIL","OCEAN BREEZE WAY",1000.00,W,N,A,-,N,,,,,,,,,,Y,2,0,1,1,A,-,01,23152,A,N,F,A,A,A,H,-,D,D,0,,,,,Y,Y,A,01,1,0,0,0,0,0,0,0,0,"- ","- ",32.73565,-116.84518,"SAN DIEGO",UNINCORPORATED,-116.84731941,32.73542793
90336258,2016,2016-12-05,9645,2016-11-10,0115,017671,,4,3,5,3709,0,1,3,,2,008,"I-805 N/B FROM SR-54","EUCLID AVENUE U/C",175.00,N,N,A,-,Y,,,805,,,,R,,N,Y,2,0,1,1,A,-,08,22107,,N,F,A,A,A,H,-,C,D,0,,,,,Y,,A,01,1,0,0,0,0,0,0,0,0,"- ","- ",32.663359999999997,-117.07832999999999,"SAN DIEGO","NATIONAL CITY",-117.07832999999999,32.663359999999997
9033798,2019,2020-02-11,3702,2019-12-29,1651,CV1164,,7,5,6,3702,0,0,0,,0,023,"MELROSE AV","EAST L ST",0.00,,Y,A,-,N,,,,,,,,,,Y,2,0,2,2,D,-,00,,,N,D,C,A,A,H,-,B,D,0,,,,,Y,,-,"- ",1,0,1,0,0,0,0,0,0,"- ","- ",,,"SAN DIEGO","CHULA VISTA",-117.04937744140625,32.626949310302734
90345025,2016,2016-12-14,9650,2016-12-04,0633,015295,,7,1,9,3700,0,1,3,,1,028,"STATE ROUTE 76","PANKEY RD",6336.00,E,N,A,-,Y,,,76,,,,,,,Y,2,0,1,2,A,-,08,22107,,N,B,C,A,A,H,-,A,D,0,,,Y,,Y,,C,02,1,0,0,0,0,0,0,0,1,"- ","- ",33.341180000000001,-117.13711000000001,"SAN DIEGO",UNINCORPORATED,-117.13711123,33.341173789999999
90345308,2016,2016-12-15,9680,2016-11-15,1436,015070,,2,2,9,3700,0,3,5,,2,003,"JAPATUL ROAD","HIDDEN GLEN ROAD",6864.00,W,N,B,-,N,,,,,,,,,,Y,1,1,0,1,C,-,18,,,N,F,A,A,A,H,-,A,A,0,,,Y,,Y,,-,"- ",0,0,0,0,0,0,0,1,0,"- ","- ",32.790790000000001,-116.73275,"SAN DIEGO",UNINCORPORATED,-116.71418,32.789560000000002
90345699,2016,2016-12-16,9650,2016-07-06,1223,017994,,3,1,9,3700,0,1,3,,1,028,"STATE ROUTE 76","NATE HARRISON GRD",1584.00,E,N,A,-,Y,,,,,,,,,,Y,1,2,2,3,A,-,08,22107,,N,A,C,A,A,H,-,A,D,0,,,Y,,Y,,A,01,2,0,0,0,0,0,0,1,1,"- ","- ",33.318910000000002,-116.92885,"SAN DIEGO",UNINCORPORATED,,
90346366,2016,2016-12-16,9650,2016-12-08,0210,016487,,4,3,9,3700,0,1,1,,2,003,"I-5 S/B","ALISO CREEK VISTA POINT",3696.00,N,N,A,-,Y,,,5,,,,,,S,Y,2,0,3,2,A,-,03,22350,,N,C,C,A,A,H,-,D,D,0,,,,Y,Y,,A,01,1,1,1,0,0,0,0,0,0,"- ","- ",33.3245,-117.48674,"SAN DIEGO",UNINCORPORATED,-117.48672863,33.324515359999999
90348273,2016,2016-12-19,9645,2016-10-05,0127,015698,,3,3,7,3711,0,1,1,,2,010,"INTERSTATE 8 (I-8) EASTBOUND (E/B)","I-15 S/B TO CAMINO DEL RIO SOUTH O/C",1292.00,W,N,B,-,Y,,,8,,,,,,E,Y,1,1,0,1,A,-,01,23152,A,N,E,I,A,A,H,-,D,D,0,,,,,Y,Y,D,22,0,0,0,0,0,0,0,0,0,"- ","- ",32.778129999999997,-117.11722,"SAN DIEGO","SAN DIEGO",-117.11723554,32.778228259999999
90350351,2016,2016-12-21,9650,2016-09-25,1826,017994,,7,2,9,3700,0,3,5,,1,212,"GOPHER CANYON RD","I-15 N/B FROM GOPHER CANYON ROAD",0.00,,Y,A,-,Y,,,15,,,,,,,Y,1,1,2,2,A,-,03,22350,,N,D,C,A,A,H,-,A,D,0,,,Y,,Y,,C,02,0,1,1,0,0,0,0,1,0,"- ","- ",33.25226,-117.15485,"SAN DIEGO",UNINCORPORATED,-117.15528614999999,33.252072869999999
90352759,2016,2016-12-27,9650,2016-12-14,0557,017012,,3,3,9,3700,0,1,1,,2,022,"I-15 N/B","MISSION RD",3696.00,N,N,A,-,Y,,,15,,,,,,N,Y,2,0,1,2,A,-,03,22350,,N,C,C,A,A,H,-,D,D,0,,,,Y,Y,,A,07,1,0,0,0,0,0,0,0,0,"- ","- ",33.397970000000001,-117.17112,"SAN DIEGO",UNINCORPORATED,-117.17123538,33.398038489999998
90352778,2016,2017-09-28,9680,2016-12-15,1750,017224,,4,2,9,3700,0,3,5,,2,003,"PECAN PARK LN","OLDE HIGHWAY 80",0.00,,Y,B,-,N,,,,,,,,,,Y,2,0,2,2,A,-,09,21802,A,N,D,C,A,A,H,-,D,A,0,,,Y,,Y,,A,07,1,1,0,0,0,0,0,0,1,"- ","- ",32.845010000000002,-116.87581,"SAN DIEGO",UNINCORPORATED,-116.88043,32.843580000000003
90352852,2016,2016-12-27,9650,2016-12-15,0942,017012,,4,1,9,3700,0,3,5,,2,006,"GREEN CANYON RD","S. MISSION RD",0.00,,Y,A,-,N,,,,,,,,,,Y,1,1,3,3,A,-,09,21802,A,N,D,C,A,A,H,-,A,A,0,,,,,Y,,D,22,0,0,3,0,0,0,0,0,0,"- ","- ",33.332999999999998,-117.23584,"SAN DIEGO",UNINCORPORATED,-117.23587012,33.333020050000002
90352903,2016,2016-12-27,9645,2016-11-28,1830,013648,,1,2,7,3711,0,1,3,,2,014,"SR-52 WESTBOUND","CONVOY ST O/C",2640.00,W,N,C,-,Y,,,52,,,,,,W,Y,2,0,3,3,A,-,03,22350,,N,C,C,A,B,H,-,D,D,0,,,,,Y,,A,01,1,0,2,0,0,0,0,0,0,"- ","- ",32.847589999999997,-117.17485000000001,"SAN DIEGO","SAN DIEGO",-117.17489424,32.847289920000001