CASE_ID,ACCIDENT_YEAR,PROC_DATE,JURIS,COLLISION_DATE,COLLISION_TIME,OFFICER_ID,REPORTING_DISTRICT,DAY_OF_WEEK,CHP_SHIFT,POPULATION,CNTY_CITY_LOC,SPECIAL_COND,BEAT_TYPE,CHP_BEAT_TYPE,CITY_DIVISION_LAPD,CHP_BEAT_CLASS,BEAT_NUMBER,PRIMARY_RD,SECONDARY_RD,DISTANCE,DIRECTION,INTERSECTION,WEATHER_1,WEATHER_2,STATE_HWY_IND,CALTRANS_COUNTY,CALTRANS_DISTRICT,STATE_ROUTE,ROUTE_SUFFIX,POSTMILE_PREFIX,POSTMILE,LOCATION_TYPE,RAMP_INTERSECTION,SIDE_OF_HWY,TOW_AWAY,COLLISION_SEVERITY,NUMBER_KILLED,NUMBER_INJURED,PARTY_COUNT,PRIMARY_COLL_FACTOR,PCF_CODE_OF_VIOL,PCF_VIOL_CATEGORY,PCF_VIOLATION,PCF_VIOL_SUBSECTION,HIT_AND_RUN,TYPE_OF_COLLISION,MVIW,PED_ACTION,ROAD_SURFACE,ROAD_COND_1,ROAD_COND_2,LIGHTING,CONTROL_DEVICE,CHP_ROAD_TYPE,PEDESTRIAN_ACCIDENT,BICYCLE_ACCIDENT,MOTORCYCLE_ACCIDENT,TRUCK_ACCIDENT,NOT_PRIVATE_PROPERTY,ALCOHOL_INVOLVED,STWD_VEHTYPE_AT_FAULT,CHP_VEHTYPE_AT_FAULT,COUNT_SEVERE_INJ,COUNT_VISIBLE_INJ,COUNT_COMPLAINT_PAIN,COUNT_PED_KILLED,COUNT_PED_INJURED,COUNT_BICYCLIST_KILLED,COUNT_BICYCLIST_INJURED,COUNT_MC_KILLED,COUNT_MC_INJURED,PRIMARY_RAMP,SECONDARY_RAMP,LATITUDE,LONGITUDE,COUNTY,CITY,POINT_X,POINT_Y
90451023,2017,2017-05-08,9680,2017-04-28,1450,019729,,5,2,9,3700,0,3,5,,2,007,"SR-78 E/B","78 MM 73.0",500.00,E,N,A,-,Y,,,,,,,,,,Y,2,0,1,1,A,-,08,22107,,N,E,I,A,A,H,-,A,D,0,,,,,Y,,D,22,1,0,0,0,0,0,0,0,0,"- ","- ",33.136429999999997,-116.38066999999999,"SAN DIEGO",UNINCORPORATED,,
90454274,2017,2017-05-11,9680,2017-05-07,2306,018907,,7,3,9,3700,0,2,4,,1,011,"HIGHWAY 8 BUSINESS","LOS COCHES RD",2112.00,E,N,B,C,N,,,,,,,,,,Y,2,0,2,2,A,-,01,23152,A,N,A,C,A,B,H,-,C,D,0,,,,,Y,Y,D,22,2,0,0,0,0,0,0,0,0,"- ","- ",32.836030000000001,-116.90076999999999,"SAN DIEGO",UNINCORPORATED,-116.89830130999999,32.830553049999999
90456795,2017,2017-05-16,9680,2017-05-07,0800,021574,,7,1,9,3700,0,1,1,,2,085,"I-8 W/B","E WILLOWS RD",1056.00,W,N,C,-,Y,,,,,,,,,,Y,2,0,2,1,A,-,03,22350,,N,F,A,A,B,H,-,A,D,0,,,,,Y,,A,01,1,1,0,0,0,0,0,0,0,"- ","- ",32.502000000000002,-116.41871,"SAN DIEGO",UNINCORPORATED,-116.73457505,32.834488589999999
90459939,2017,2017-05-22,9645,2017-04-01,1309,019291,,6,1,7,3711,0,1,3,,2,006,"SR-94 E/B",I-805,1056.00,W,N,A,-,Y,,,94,,,,,,E,Y,2,0,1,2,A,-,07,21658,A,N,F,I,A,A,H,-,A,D,0,,,,,Y,,-,"- ",1,0,0,0,0,0,0,0,0,"- ","- ",32.718330000000002,-117.10617000000001,"SAN DIEGO","SAN DIEGO",-117.10616902,32.718325829999998
90462917,2017,2017-05-24,9650,2017-04-07,1701,015531,,5,2,5,3782,0,1,1,,2,007,"I-5 S/B","REQUEZA ST",482.00,N,N,A,-,Y,,,,,,,,,,Y,1,1,0,3,A,-,01,23152,F,F,C,C,A,A,H,-,A,D,0,,,Y,Y,Y,,C,02,0,0,0,0,0,0,0,1,0,"- ","- ",33.244149999999998,-117.17111,"SAN DIEGO",ENCINITAS,-117.28626677,33.044793919999996
9046371,2020,2020-02-26,3702,2020-01-14,0620,CV1294,,2,5,6,3702,0,0,0,,0,014,"E ST","4TH AV",0.00,,Y,A,-,N,,,,,,,,,,Y,2,0,1,2,A,-,09,21801,A,F,D,C,A,A,H,-,B,A,0,,,,,Y,,A,07,1,0,0,0,0,0,0,0,0,"- ","- ",,,"SAN DIEGO","CHULA VISTA",-117.08531951904297,32.643619537353516
90463943,2017,2017-05-25,9680,2017-04-14,1100,015962,,5,1,9,3700,0,2,4,,1,031,"SUNRISE HIGHWAY","OLD HIGHWAY 80",11616.00,N,N,A,-,N,,,,,,,,,,Y,1,1,0,1,A,-,08,22107,,N,E,I,A,A,H,-,A,D,0,,,Y,,Y,,C,02,0,0,0,0,0,0,0,1,0,"- ","- ",32.835360000000001,-116.49638,"SAN DIEGO",UNINCORPORATED,-116.51081000000001,32.810879999999997
90465934,2017,2017-05-29,9650,2017-05-20,1354,020673,,6,1,5,3713,0,1,3,,2,017,"SR-78 WESTBOUND","MAR VISTA DR.",2900.00,W,N,A,-,Y,,,78,,,,,,W,Y,2,0,1,1,A,-,08,22107,,N,E,I,A,A,H,-,A,D,0,,,Y,,Y,,C,02,1,0,0,0,0,0,0,0,1,"- ","- ",33.175370000000001,-117.22644,"SAN DIEGO",VISTA,-117.22635662,33.175425969999999
90466030,2017,2017-05-29,9650,2017-05-21,0154,018406,,7,3,9,3700,0,1,1,,2,023,"I-15 N/B","9TH AVE",470.00,S,N,A,-,Y,,,15,,,,,,N,Y,2,0,1,2,A,-,01,23152,A,N,C,C,A,A,H,-,C,D,0,,,,,Y,Y,A,07,1,0,0,0,0,0,0,0,0,"- ","- ",33.107149999999997,-117.09394,"SAN DIEGO",UNINCORPORATED,-117.0939846,33.107123829999999
90468951,2017,2017-06-01,9680,2017-05-12,1845,019729,,5,2,9,3700,0,3,5,,2,009,"MONTECITO RD","DAVIS ST",0.00,,Y,A,-,N,,,,,,,,,,Y,2,0,1,2,A,-,09,21802,A,F,E,I,A,A,H,-,A,A,0,,,,,Y,,A,01,1,0,0,0,0,0,0,0,0,"- ","- ",33.040390000000002,-116.88614,"SAN DIEGO",UNINCORPORATED,-116.88619002999999,33.040320080000001
90470010,2017,2017-06-02,9645,2017-05-10,1723,017667,,3,2,7,3711,0,1,3,,2,014,"SR-52 E/B","SANTO RD.",150.00,E,N,B,-,Y,,,52,,,,,,E,N,2,0,1,1,A,-,08,22107,,N,F,A,A,A,H,-,A,D,0,,,Y,,Y,,C,02,1,0,0,0,0,0,0,0,1,"- ","- ",32.842489999999998,-117.08869,"SAN DIEGO","SAN DIEGO",-117.08870114,32.842539940000002
90471396,2017,2017-06-06,9680,2017-05-25,2125,021584,,4,2,9,3700,0,1,3,,1,040,"STATE ROUTE 94","BOWMANS ROAD",183.00,W,N,B,-,Y,,,94,,,,,,,Y,2,0,1,1,A,-,03,22350,,N,E,I,A,A,H,-,D,A,0,,,Y,,Y,,C,02,1,0,0,0,0,0,0,0,1,"- ","- ",32.594160000000002,-116.66273,"SAN DIEGO",UNINCORPORATED,-116.66268556999999,32.594069359999999
90471751,2017,2017-06-06,9645,2017-05-07,0620,015494,,7,1,7,3711,0,1,1,,2,015,"I-805 N/B","GOVERNOR DR",1500.00,N,N,C,-,Y,,,805,,,,,,N,Y,2,0,3,2,A,-,03,22350,,N,E,I,A,B,H,-,A,D,0,,,,,Y,,A,01,2,0,1,0,0,0,0,0,0,"- ","- ",32.861730000000001,-117.18691,"SAN DIEGO","SAN DIEGO",-117.18702749000001,32.86161886
90471789,2017,2017-06-06,9645,2017-05-24,0825,015494,,3,1,7,3711,0,1,1,,2,010,"I-8 E/B TO MISSION GORGE RD",I-15,400.00,E,N,A,-,Y,,,,,,,,,,Y,2,0,1,2,A,-,01,23152,A,N,B,C,A,A,H,-,A,D,0,,,Y,,Y,Y,C,02,1,0,0,0,0,0,0,0,1,"- ","- ",32.745640000000002,-117.15633,"SAN DIEGO","SAN DIEGO",-117.11100784999999,32.77824682
90475008,2017,2017-07-17,9650,2017-06-09,1055,014615,,5,1,5,3782,0,1,1,,2,007,"I-5 N/B","ENCINITAS BLVD",50.00,N,N,A,-,Y,,,,,,,,,,Y,2,0,2,2,A,-,03,22350,,N,C,C,A,A,H,-,A,D,0,,,Y,,Y,,C,02,1,0,1,0,0,0,0,0,1,"- ","- ",,,"SAN DIEGO",ENCINITAS,-117.28712055,33.04851266
90475081,2017,2017-06-12,9650,2017-06-04,0828,015503,,7,1,6,3710,0,1,1,,2,005,"I-5 N/B FROM OCEANSIDE BLVD.","OCEANSIDE BLVD.",585.00,N,N,B,-,Y,,,,,,,,,,Y,2,0,1,2,A,-,03,22350,,F,D,C,A,A,H,-,A,D,0,,,,,Y,,A,01,1,0,0,0,0,0,0,0,0,"- ","- ",33.113199999999999,-117.21460999999999,"SAN DIEGO",OCEANSIDE,-117.36329589,33.191701569999999
9047732,2020,2020-06-09,3711,2020-02-03,1618,1125,,1,5,7,3711,0,0,0,,0,324,"HUDSON DR","MISSION GORGE R D",0.00,,N,A,-,N,,,,,,,,,,N,2,0,1,2,C,-,18,,,N,-,B,D,A,H,-,A,D,0,Y,,,,Y,,-,"- ",1,0,0,0,1,0,0,0,0,"- ","- ",,,"SAN DIEGO","SAN DIEGO",,
90477766,2017,2017-06-14,9645,2017-06-01,1517,021601,,4,2,7,3711,0,1,3,,2,006,"SR-94 E/B","SR-15 N/B",36.00,W,N,A,-,Y,,,94,,,,,,E,Y,2,0,1,2,A,-,03,22350,,N,C,C,A,A,H,-,A,D,0,,,Y,,Y,,C,02,1,0,0,0,0,0,0,0,1,"- ","- ",32.716299999999997,-117.11763000000001,"SAN DIEGO","SAN DIEGO",-117.1176471,32.716380139999998
90483090,2017,2017-06-21,9680,2017-06-11,1231,019729,,7,1,9,3700,0,3,5,,2,009,"SR-78 E/B","MAGNOLIA AVE",6336.00,E,N,A,-,Y,,,78,,,,,,E,Y,2,0,1,1,A,-,03,22350,,N,E,I,A,A,H,-,A,D,0,,,Y,,Y,,C,02,1,0,0,0,0,0,0,0,1,"- ","- ",33.047049999999999,-116.82505999999999,"SAN DIEGO",UNINCORPORATED,-116.82507841,33.047103059999998
90483101,2017,2017-09-11,9645,2017-02-17,1713,017667,,5,2,7,3711,0,1,1,,2,017,"I-15 S/B","MIRA MESA BLVD. U/C",285.00,N,N,B,C,Y,,,15,,,,,,S,Y,1,1,3,4,A,-,03,22350,,N,D,C,A,B,H,-,C,D,0,,,,,Y,,A,01,0,1,2,0,0,0,0,0,0,"- ","- ",32.917459999999998,-117.11606999999999,"SAN DIEGO","SAN DIEGO",-117.1162569,32.917490819999998
90486834,2017,2017-06-23,9650,2017-06-18,1445,020488,,7,2,9,3700,0,3,5,,2,213,"SOUTH GRADE RD.","CANFIELD RD.",10560.00,S,N,A,-,N,,,,,,,,,,Y,2,0,1,1,A,-,08,22107,,N,E,I,A,A,H,-,A,D,0,,,,,Y,,A,01,1,0,0,0,0,0,0,0,0,"- ","- ",33.352960000000003,-116.87146,"SAN DIEGO",UNINCORPORATED,-116.8717307,33.304128609999999
90487618,2017,2017-07-12,9680,2017-06-24,1457,021501,,6,2,9,3700,0,3,5,,2,007,"GREAT SOUTHERN OVERLAND STAGE RTE","GREAT SANDY TRL",42240.00,S,N,A,-,N,,,,,,,,,,Y,1,1,0,1,A,-,01,23152,A,N,E,I,A,A,H,-,A,A,0,,,Y,,Y,Y,C,02,0,0,0,0,0,0,0,1,0,"- ","- ",32.997369999999997,-116.44763,"SAN DIEGO",UNINCORPORATED,-116.44396399,32.988798199999998
90488613,2017,2017-06-27,9680,2017-06-16,2110,019936,,5,2,9,3700,0,3,5,,2,002,"JAMUL DR","LYONS VALLEY RD",0.00,,Y,A,-,N,,,,,,,,,,Y,2,0,4,2,A,-,09,21802,A,N,D,C,A,A,H,-,C,A,0,,,,,Y,Y,A,07,3,0,1,0,0,0,0,0,0,"- ","- ",32.725270000000002,-116.86954,"SAN DIEGO",UNINCORPORATED,-116.86955003999999,32.725320060000001
90490047,2017,2017-06-28,9650,2017-06-20,1939,016485,,2,2,5,3712,0,1,3,,2,019,"SR-78 E/B","WOODLAND PKWY",1450.00,W,N,A,-,Y,,,78,,,,,,E,Y,2,0,1,1,A,-,03,22350,,N,F,A,A,A,H,-,B,D,0,,,Y,,Y,,C,02,1,0,0,0,0,0,0,0,1,"- ","- ",33.139400000000002,-117.14709999999999,"SAN DIEGO","SAN MARCOS",-117.14709975,33.139409890000003
90491303,2017,2017-06-30,9650,2017-04-16,0750,016275,,7,1,9,3700,0,3,5,,2,211,"CHAMPAGNE BLVD","MOUNTAIN MEADOW RD",5597.00,N,N,A,-,N,,,,,,,,,,N,1,1,0,1,A,-,08,22107,,N,F,A,A,A,H,-,A,D,0,,Y,,,Y,,L,04,0,0,0,0,0,1,0,0,0,"- ","- ",33.211620000000003,-117.13409,"SAN DIEGO",UNINCORPORATED,-117.13343657,33.210951620000003
90492542,2017,2017-07-03,9645,2017-06-16,1630,020939,,5,2,7,3711,0,1,1,,2,007,"I-5 S/B","CARMEL MOUNTAIN RD",0.00,,N,A,-,Y,,,5,,,,,,S,Y,2,0,1,2,A,-,03,22350,,N,F,A,A,A,H,-,A,D,0,,,Y,,Y,,C,02,1,0,0,0,0,0,0,0,1,"- ","- ",32.911499999999997,-117.2286,"SAN DIEGO","SAN DIEGO",-117.22871588,32.911426710000001
90493808,2017,2017-07-05,9645,2017-06-21,0440,021617,,3,3,7,3711,0,1,1,,2,007,"I-5 N/B","CARMEL VALLEY RD U/C",1267.00,S,N,A,-,Y,,,5,,,,,,N,Y,2,0,3,8,A,-,03,22350,,N,C,C,A,A,H,-,B,D,0,,,Y,,Y,,A,01,1,1,1,0,0,0,0,0,1,"- ","- ",32.931350000000002,-117.24083,"SAN DIEGO","SAN DIEGO",-117.24092131,32.93133349
90495374,2017,2017-07-06,9650,2017-06-29,1545,015830,,4,2,9,3700,0,3,5,,2,213,"RAINBOW GLEN RD","OLD HIGHWAY 395",0.00,,Y,A,-,N,,,,,,,,,,Y,2,0,3,2,A,-,09,21802,A,N,D,C,A,A,H,-,A,A,0,,,,,Y,,A,01,1,0,2,0,0,0,0,0,0,"- ","- ",33.406959999999998,-117.16382,"SAN DIEGO",UNINCORPORATED,-117.16373012,33.406850050000003
90496043,2017,2017-07-21,9645,2017-02-23,1708,017667,,4,2,7,3711,0,1,3,,2,016,"SR-52 E/B","SANTO ROAD",7431.00,E,N,A,-,Y,,,52,,,,,,E,N,1,1,0,3,A,-,01,23152,A,F,G,B,E,A,H,-,A,D,0,Y,,,Y,Y,Y,A,07,0,0,0,1,0,0,0,0,0,"- ","- ",32.849249999999998,-117.07407000000001,"SAN DIEGO","SAN DIEGO",-117.0742588,32.849493010000003
90498503,2017,2017-07-11,9680,2017-06-30,1155,017389,,5,1,5,3708,0,1,1,,2,081,"I-8 W/B","JACKSON DR",528.00,W,N,A,-,Y,,,8,,,,,,W,Y,2,0,2,3,A,-,03,22350,,N,C,C,A,A,H,-,A,D,0,,,Y,,Y,,C,02,1,0,1,0,0,0,0,0,1,"- ","- ",32.774810000000002,-117.01152,"SAN DIEGO","LA MESA",-117.01155039,32.774893730000002
90498917,2017,2017-07-12,9680,2017-06-24,1215,015983,,6,1,9,3700,0,3,5,,2,003,"OLDE HIGHWAY 80","FLINN SPRINGS RD",1056.00,W,N,A,-,N,,,,,,,,,,N,2,0,1,2,A,-,03,22350,,F,H,G,A,A,H,-,A,A,0,,Y,,,Y,,-,99,1,0,0,0,0,0,1,0,0,"- ","- ",32.849510000000002,-116.85959,"SAN DIEGO",UNINCORPORATED,-116.85545609,32.85253479
90500803,2017,2017-07-14,9680,2017-07-03,0300,019946,,1,3,9,3700,0,2,4,,1,026,"BANCROFT DRIVE","GOLF DRIVE",27.00,N,N,A,-,N,,,,,,,,,,Y,2,0,3,3,A,-,01,23152,A,N,E,I,A,A,H,-,C,D,0,,,,,Y,Y,D,22,2,1,0,0,0,0,0,0,0,"- ","- ",32.746780000000001,-117.00318,"SAN DIEGO",UNINCORPORATED,-117.00316124,32.746629839999997
90502943,2017,2017-07-18,9650,2017-07-09,0945,019227,,7,1,9,3700,0,3,5,,2,213,"S. GRADE RD.",SR-76,2112.00,N,N,A,-,N,,,,,,,,,,Y,2,0,1,2,A,-,03,22350,,N,D,C,A,A,H,-,A,D,0,,,Y,,Y,,C,02,1,0,0,0,0,0,0,0,1,"- ","- ",33.294580000000003,-116.89412,"SAN DIEGO",UNINCORPORATED,-116.89436184,33.294618939999999
9050324,2020,2020-05-27,3702,2020-02-08,2000,CV1289,,6,5,6,3702,0,0,0,,0,042,"OLYMPIC PKWY","OLYMPIC TRAINING CENTER",33.00,E,N,A,-,N,,,,,,,,,,Y,2,0,1,1,D,-,00,,,N,E,I,A,A,H,-,C,A,0,,,Y,,Y,,-,"- ",1,0,0,0,0,0,0,0,1,"- ","- ",,,"SAN DIEGO","CHULA VISTA",-116.93710327148438,32.631866455078125
90503338,2017,2017-07-18,9680,2017-07-09,1345,014949,,7,1,9,3700,0,1,3,,1,060,SR-94,"LA POSTA RD",11616.00,E,N,B,-,Y,,,94,,,,,,,Y,2,0,1,1,A,-,03,22350,,N,F,A,A,A,H,-,A,A,0,,,Y,,Y,,C,02,1,0,0,0,0,0,0,0,1,"- ","- ",32.651499999999999,-116.3974,"SAN DIEGO",UNINCORPORATED,-116.3973431,32.651524039999998
90503493,2017,2017-07-19,9645,2017-04-24,2005,018095,,1,2,7,3711,0,1,3,,2,014,"SR-52 W/B","CONVOY ST. O/C",3670.00,W,N,A,-,Y,,,52,,,,,,W,Y,1,1,1,2,A,-,01,23152,A,N,C,C,A,A,H,-,D,D,0,,,Y,,Y,Y,C,02,1,0,0,0,0,0,0,1,1,"- ","- ",32.840229999999998,-117.16217,"SAN DIEGO","SAN DIEGO",-117.16220758,32.840180859999997
90503501,2017,2017-07-19,9645,2017-06-02,1420,020180,,5,2,7,3711,0,1,1,,2,003,"I-5 S/B",BROADWAY,25.00,N,N,A,-,Y,,,5,,,,,,S,Y,1,1,0,2,A,-,21,22106,,N,C,C,A,A,H,-,A,D,0,,,Y,,Y,,A,07,0,0,0,0,0,0,0,1,0,"- ","- ",32.715739999999997,-117.14787,"SAN DIEGO","SAN DIEGO",-117.14778018,32.715740949999997
90510125,2017,2017-07-27,9650,2017-07-14,1716,017392,,5,2,9,3700,0,3,5,,2,006,"S. MAIN AVE","FALLBROOK ST",50.00,N,N,A,-,N,,,,,,,,,,N,2,0,1,2,A,-,09,21804,A,F,D,C,A,A,H,-,A,D,0,,,Y,,Y,,A,01,1,0,0,0,0,0,0,0,1,"- ","- ",33.376100000000001,-117.2514,"SAN DIEGO",UNINCORPORATED,-117.25142913000001,33.376766670000002
90512827,2017,2017-07-31,9680,2017-06-03,2052,020884,,6,2,9,3700,0,2,4,,1,014,"WINTER GARDENS BLVD","CREEKFORD DR",1056.00,S,N,A,-,N,,,,,,,,,,Y,1,1,2,3,A,-,08,22107,,N,C,C,A,A,H,-,C,D,0,,,Y,,Y,,A,01,1,1,0,0,0,0,0,1,1,"- ","- ",32.835349999999998,-116.93275,"SAN DIEGO",UNINCORPORATED,-116.93289516999999,32.835518049999997
9051333,2020,2020-03-23,3706,2020-01-27,0858,531,ESCON,1,5,6,3706,0,0,0,,0,055,"9TH AV","QUINCE ST",19.00,E,N,A,-,N,,,,,,,,,,N,2,0,1,2,A,-,10,21950,A,N,G,B,B,A,A,-,A,A,0,Y,,,,Y,,A,01,1,0,0,0,1,0,0,0,0,"- ","- ",33.111099243164062,-117.08319091796875,"SAN DIEGO",ESCONDIDO,-117.08307647705078,33.111106872558594
90513700,2017,2017-08-01,9645,2017-07-12,0905,016061,,3,1,7,3711,0,1,1,,2,019,"I-15 S/B","TED WILLIAMS PARKWAY",2336.00,N,N,A,-,Y,,,15,,,,,,S,Y,2,0,3,3,A,-,03,22350,,N,C,C,A,A,H,-,A,D,0,,,,,Y,,A,08,1,0,2,0,0,0,0,0,0,"- ","- ",32.97466,-117.08866999999999,"SAN DIEGO","SAN DIEGO",-117.08914234,32.974954330000003
90513956,2017,2017-08-01,9650,2017-07-25,1630,018383,,2,2,6,3706,0,1,1,,2,023,"I-15 N/B","VIA RANCHO PKY",383.00,S,N,A,-,Y,,,15,,,,,,N,Y,2,0,1,2,A,-,03,22350,,N,C,C,A,A,H,-,A,D,0,,,Y,,Y,,C,02,1,0,0,0,0,0,0,0,1,"- ","- ",33.068449999999999,-117.06903,"SAN DIEGO",ESCONDIDO,-117.06912938000001,33.06843585
90517159,2017,2017-08-07,9645,2017-06-03,2222,020165,,6,3,7,3711,0,1,1,,2,021,"SR-15 NORTHBOUND",SR-94,1584.00,N,N,A,-,Y,,,15,,,,,,N,Y,2,0,1,2,A,-,01,23152,A,N,C,C,A,A,H,-,C,D,0,,,Y,,Y,Y,C,02,1,0,0,0,0,0,0,0,1,"- ","- ",32.720700000000001,-117.117,"SAN DIEGO","SAN DIEGO",-117.11702225000001,32.720714630000003
90517969,2017,2017-09-13,9645,2017-07-26,1630,018149,,3,2,7,3711,0,1,3,,2,016,"SR-52 E/B","MAST BLVD. U/C",2640.00,W,N,A,-,Y,,,52,,,,,,E,Y,2,0,1,2,A,-,07,21658,A,N,B,C,A,A,H,-,A,D,0,,,Y,,Y,,A,01,1,0,0,0,0,0,0,0,1,"- ","- ",32.849710000000002,-117.03111,"SAN DIEGO","SAN DIEGO",-117.03128784,32.849367780000001
90518376,2017,2017-08-08,9650,2017-07-26,1600,015531,,3,2,5,3712,0,1,3,,2,019,"SR-78 W/B","LAS POSAS RD",1214.00,W,N,A,-,Y,,,,,,,,,,Y,2,0,3,3,A,-,03,22350,,N,C,C,A,A,H,-,A,D,0,,,,Y,Y,,A,01,2,0,1,0,0,0,0,0,0,"- ","- ",33.842109999999998,-117.11311000000001,"SAN DIEGO","SAN MARCOS",-117.19391369,33.146519380000001
90520089,2017,2017-08-09,9650,2017-07-30,1305,019126,,7,1,9,3700,0,3,5,,2,006,"OLD HIGHWAY 395","VIA ALTAMIRA",0.00,,Y,A,-,Y,,,,,,,,,,Y,2,0,1,2,A,-,08,22105,,N,D,C,A,A,H,-,A,D,0,,,Y,,Y,,D,22,1,0,0,0,0,0,0,0,1,"- ","- ",33.331000000000003,-117.16200000000001,"SAN DIEGO",UNINCORPORATED,-117.16207008000001,33.330850069999997
90522710,2017,2017-08-14,9650,2017-06-19,2200,019549,,1,3,9,3700,0,2,4,,2,063,"RECHE RD","GIRD RD",1674.00,E,N,A,-,N,,,,,,,,,,Y,1,1,0,1,A,-,01,23152,A,N,E,I,A,A,H,-,D,D,0,,,,,Y,Y,A,01,0,0,0,0,0,0,0,0,0,"- ","- ",33.361330000000002,-117.19914,"SAN DIEGO",UNINCORPORATED,-117.19845982,33.361393390000003
90525119,2017,2017-08-17,9650,2017-08-11,0335,018406,,5,3,5,3782,0,1,1,,2,007,"I-5 N/B","SANTA FE DR",766.00,S,N,B,-,Y,,,5,,,,,,N,Y,2,0,1,1,A,-,01,23152,A,N,E,I,A,A,H,-,D,D,0,,,,,Y,Y,A,01,1,0,0,0,0,0,0,0,0,"- ","- ",33.034289999999999,-117.2801,"SAN DIEGO",ENCINITAS,-117.28002872,33.034337010000002
90526380,2017,2017-08-18,9650,2017-08-08,0825,013570,,2,1,9,3700,0,3,5,,2,191,"ELFIN FOREST RD","HARMONY GROVE RD",116.00,N,N,A,-,N,,,,,,,,,,Y,2,0,9,2,A,-,03,22350,,N,D,C,A,A,H,-,A,D,0,,,,,Y,,A,07,3,1,5,0,0,0,0,0,0,"- ","- ",33.073279999999997,-117.16515,"SAN DIEGO",UNINCORPORATED,-117.16399,33.073680000000003
90527819,2017,2017-08-21,9650,2017-08-11,1650,021805,,5,2,5,3782,0,1,1,,2,007,"I-5 S/B","ENCINITAS BLVD",2112.00,S,N,A,-,Y,,,5,,,,,,S,Y,2,0,1,2,A,-,03,22350,,N,C,C,A,A,H,-,A,D,0,,,Y,,Y,,C,02,1,0,0,0,0,0,0,0,1,"- ","- ",33.044110000000003,-117.28532,"SAN DIEGO",ENCINITAS,-117.28601955000001,33.043893730000001
90528045,2017,2017-08-22,9680,2017-08-15,0700,015708,,2,1,9,3700,0,2,4,,1,026,"BANCROFT DRIVE","KENWOOD DRIVE",120.00,S,N,B,-,N,,,,,,,,,,N,2,0,1,2,A,-,11,21954,A,F,G,B,D,A,H,-,A,D,0,Y,,,,Y,,N,60,1,0,0,0,1,0,0,0,0,"- ","- ",32.744070000000001,-117.00391,"SAN DIEGO",UNINCORPORATED,-117.0035827,32.744228249999999
90534470,2017,2017-08-28,9650,2017-08-17,2334,019191,,4,3,5,3782,0,1,1,,2,007,"I-5 N/B","BIRMINGHAM DR",500.00,N,N,A,-,Y,,,5,,,,,,N,Y,2,0,1,1,A,-,01,23152,A,N,F,A,A,A,H,-,D,D,0,,,,,Y,Y,A,01,1,0,0,0,0,0,0,0,0,"- ","- ",33.026940000000003,-117.27509999999999,"SAN DIEGO",ENCINITAS,-117.27506657000001,33.026962380000001
90539016,2017,2017-09-01,9680,2017-08-23,1555,018801,,3,2,9,3700,0,3,5,,2,002,"AUSTIN DR","MONTEMAR DR.",0.00,,Y,A,-,N,,,,,,,,,,N,2,0,1,2,A,-,11,21954,A,N,A,B,E,A,H,-,A,A,0,Y,,,,Y,,N,60,1,0,0,0,1,0,0,0,0,"- ","- ",32.733289999999997,-116.9893,"SAN DIEGO",UNINCORPORATED,-116.98926007,32.73328008
90539157,2017,2017-09-01,9680,2017-08-23,1043,016435,,3,1,9,3700,0,1,3,,1,091,SR-78,"WEEKEND VILLA RD",3168.00,W,N,A,-,Y,,,78,,,,,,,Y,2,0,1,3,A,-,03,22350,,N,C,C,A,A,H,-,A,D,0,,,Y,,Y,,C,02,1,0,0,0,0,0,0,0,1,"- ","- ",33.070959999999999,-116.89593000000001,"SAN DIEGO",UNINCORPORATED,-116.89601637,33.070761949999998
90539505,2017,2017-10-09,9650,2017-08-28,0649,019126,,1,1,9,3700,0,1,1,,2,022,"I-15 N/B","E. MISSION RD",1056.00,N,N,A,-,Y,,,15,,,,,,N,Y,2,0,4,2,A,-,03,22350,,N,C,C,A,A,H,-,A,D,0,,,,,Y,,A,01,1,2,1,0,0,0,0,0,0,"- ","- ",33.390430000000002,-117.17385,"SAN DIEGO",UNINCORPORATED,-117.17423246,33.390490890000002
90540131,2017,2017-09-05,9650,2017-08-21,1135,013452,,1,1,9,3700,0,1,1,,2,003,"I-5 N/B","HARBOR DRIVE",5280.00,N,N,A,-,Y,,,5,,,,,,N,Y,2,0,1,3,A,-,08,22107,,N,B,C,A,A,H,-,A,D,0,,,Y,,Y,,A,01,1,0,0,0,0,0,0,0,1,"- ","- ",33.224139999999998,-117.39299,"SAN DIEGO",UNINCORPORATED,-117.39304466,33.224096469999999
90540343,2017,2017-09-05,9645,2017-06-12,2312,014625,,1,3,7,3711,0,1,1,,2,011,"INTERSTATE 805 NORTHBOUND","ADAMS AVENUE O/C",725.00,S,N,A,-,Y,,,805,,,,,,N,Y,1,1,0,2,A,-,01,23152,A,N,C,C,A,A,H,-,D,D,0,,,Y,,Y,Y,C,02,0,0,0,0,0,0,0,1,0,"- ","- ",32.761119999999998,-117.12676,"SAN DIEGO","SAN DIEGO",-117.12669384,32.761136049999998
90541573,2017,2017-09-06,9650,2017-08-25,0020,019549,,5,3,9,3700,0,1,3,,2,065,SR-76,"S. MISSION RD",115.00,W,N,A,-,Y,,,76,,,,,,,Y,2,0,1,2,A,-,01,23152,A,N,D,C,A,A,H,-,C,A,0,,,,,Y,Y,A,07,1,0,0,0,0,0,0,0,0,"- ","- ",33.2941,-117.22216,"SAN DIEGO",UNINCORPORATED,-117.22226309,33.294328720000003