CASE_ID,ACCIDENT_YEAR,PROC_DATE,JURIS,COLLISION_DATE,COLLISION_TIME,OFFICER_ID,REPORTING_DISTRICT,DAY_OF_WEEK,CHP_SHIFT,POPULATION,CNTY_CITY_LOC,SPECIAL_COND,BEAT_TYPE,CHP_BEAT_TYPE,CITY_DIVISION_LAPD,CHP_BEAT_CLASS,BEAT_NUMBER,PRIMARY_RD,SECONDARY_RD,DISTANCE,DIRECTION,INTERSECTION,WEATHER_1,WEATHER_2,STATE_HWY_IND,CALTRANS_COUNTY,CALTRANS_DISTRICT,STATE_ROUTE,ROUTE_SUFFIX,POSTMILE_PREFIX,POSTMILE,LOCATION_TYPE,RAMP_INTERSECTION,SIDE_OF_HWY,TOW_AWAY,COLLISION_SEVERITY,NUMBER_KILLED,NUMBER_INJURED,PARTY_COUNT,PRIMARY_COLL_FACTOR,PCF_CODE_OF_VIOL,PCF_VIOL_CATEGORY,PCF_VIOLATION,PCF_VIOL_SUBSECTION,HIT_AND_RUN,TYPE_OF_COLLISION,MVIW,PED_ACTION,ROAD_SURFACE,ROAD_COND_1,ROAD_COND_2,LIGHTING,CONTROL_DEVICE,CHP_ROAD_TYPE,PEDESTRIAN_ACCIDENT,BICYCLE_ACCIDENT,MOTORCYCLE_ACCIDENT,TRUCK_ACCIDENT,NOT_PRIVATE_PROPERTY,ALCOHOL_INVOLVED,STWD_VEHTYPE_AT_FAULT,CHP_VEHTYPE_AT_FAULT,COUNT_SEVERE_INJ,COUNT_VISIBLE_INJ,COUNT_COMPLAINT_PAIN,COUNT_PED_KILLED,COUNT_PED_INJURED,COUNT_BICYCLIST_KILLED,COUNT_BICYCLIST_INJURED,COUNT_MC_KILLED,COUNT_MC_INJURED,PRIMARY_RAMP,SECONDARY_RAMP,LATITUDE,LONGITUDE,COUNTY,CITY,POINT_X,POINT_Y
90542041,2017,2017-09-06,9645,2017-07-10,0530,016047,,1,3,7,3711,0,1,3,,2,023,"SR-163 SOUTHBOUND",I-8,1530.00,S,N,A,-,Y,,,163,,,,,,S,N,2,0,1,2,A,-,11,21954,A,F,G,B,D,A,H,-,D,D,0,Y,,,,Y,,N,60,1,0,0,0,1,0,0,0,0,"- ","- ",32.758620000000001,-117.16133000000001,"SAN DIEGO","SAN DIEGO",-117.16137121,32.758573149999997
9054362,2020,2020-03-09,3711,2020-01-26,1010,SD5985,,7,5,7,3711,0,0,0,,0,241,"POMERADO RD","SCRIPPS RANCH ROW",1056.00,E,N,B,-,N,,,,,,,,,,Y,2,0,4,3,A,-,05,21651,B,N,B,C,A,A,H,-,A,D,0,,,,,Y,Y,A,01,1,1,2,0,0,0,0,0,0,"- ","- ",,,"SAN DIEGO","SAN DIEGO",-117.09590911865234,32.900928497314453
9054405,2020,2020-05-28,3711,2020-02-07,1522,SD6564,,5,5,7,3711,0,0,0,,0,627,"UNIVERSITY AV","7TH AV",12.00,E,N,A,-,N,,,,,,,,,,Y,2,0,3,4,A,-,09,21801,A,N,D,C,A,A,H,-,A,A,0,,,Y,,Y,,A,01,1,2,0,0,0,0,0,0,2,"- ","- ",,,"SAN DIEGO","SAN DIEGO",-117.15833282470703,32.748378753662109
90544486,2017,2017-09-11,9645,2017-08-29,1145,015494,,2,1,7,3711,0,1,1,,2,011,"I-805 S/B","HOME AVE",500.00,N,N,A,-,Y,,,805,,,,,,S,N,2,0,1,1,A,-,08,22107,,N,F,A,A,A,H,-,A,D,0,,,Y,,Y,,C,02,1,0,0,0,0,0,0,0,1,"- ","- ",32.725999999999999,-117.10379,"SAN DIEGO","SAN DIEGO",-117.10372270000001,32.726030049999999
90544673,2017,2017-09-11,9680,2017-08-11,1225,020500,,5,1,9,3700,0,1,3,,1,051,"STATE ROUTE 79","LOOKOUT ROAD",2112.00,N,N,A,-,Y,,,79,,,,,,,Y,1,1,0,1,A,-,03,22350,,N,E,I,A,A,H,-,A,A,0,,,Y,,Y,,C,02,0,0,0,0,0,0,0,1,0,"- ","- ",32.964559999999999,-116.57961,"SAN DIEGO",UNINCORPORATED,-116.57968821999999,32.964559999999999
90545175,2017,2017-09-12,9650,2017-06-26,2257,017743,,1,3,5,3712,0,1,3,,2,019,"SR-78 W/B","LAS POSAS ROAD",898.00,W,N,B,-,Y,,,78,,,,,,W,Y,1,1,0,2,A,-,11,21954,A,N,G,B,E,A,H,-,D,D,0,Y,,,,Y,,N,60,0,0,0,1,0,0,0,0,0,"- ","- ",33.145940000000003,-117.19328,"SAN DIEGO","SAN MARCOS",-117.19324994,33.145974729999999
9054521,2019,2020-05-22,3700,2019-12-12,1600,SH0141,,4,5,5,3712,0,0,0,,0,.23,"CASA LINDA WY","CASA LINDA WY 2739",0.00,,-,A,-,N,,,,,,,,,,N,2,0,1,2,A,-,11,21954,A,N,G,B,A,A,H,-,A,D,0,,,,,Y,,-,,1,0,0,0,0,0,0,0,0,"- ","- ",,,"SAN DIEGO","SAN MARCOS",-117.20518199999999,33.159430999999998
90545415,2017,2017-09-12,9645,2017-05-09,2348,019410,,2,3,6,3702,0,1,1,,2,009,"I-805 S/B","E. ORANGE AVE.",928.00,S,N,B,-,Y,,,805,,,,,,S,Y,1,1,0,1,A,-,08,22107,,N,E,I,A,A,H,-,C,D,0,,,,,Y,,D,22,0,0,0,0,0,0,0,0,0,"- ","- ",32.602440000000001,-117.03667,"SAN DIEGO","CHULA VISTA",-117.03647832,32.602438450000001
90546734,2017,2017-09-13,9680,2017-07-23,0428,019946,,7,3,9,3700,0,2,4,,1,032,"LA CRESTA ROAD","COYOTE RIDGE (PRIVATE)",1584.00,E,N,A,-,N,,,,,,,,,,Y,1,1,0,1,A,-,01,23152,A,N,E,I,A,A,H,-,D,D,0,,,Y,,Y,Y,C,02,0,0,0,0,0,0,0,1,0,"- ","- ",32.809600000000003,-116.8955,"SAN DIEGO",UNINCORPORATED,-116.89550131999999,32.809499879999997
90549072,2017,2017-09-15,9680,2017-09-01,2035,016102,,5,2,9,3700,0,1,1,,2,086,"INTERSTATE 8 EASTBOUND","MCCAIN VALLEY ROAD",1056.00,W,N,A,-,Y,,,8,,,,,,E,Y,1,1,0,1,A,-,08,22107,,N,F,A,A,A,H,-,D,D,0,,,,,Y,,A,01,0,0,0,0,0,0,0,0,0,"- ","- ",32.668259999999997,-116.26193000000001,"SAN DIEGO",UNINCORPORATED,-116.26191205000001,32.668323299999997
90549337,2017,2017-09-18,9650,2017-09-09,2250,019191,,6,3,6,3710,0,1,3,,2,015,"I-5 S/B FROM SR-78 W/B","SR-78 W/B",24.00,S,N,A,-,Y,,,5,,,,R,,S,N,2,0,1,1,A,-,01,23152,A,N,F,A,A,A,H,-,C,D,0,,,Y,,Y,Y,C,02,1,0,0,0,0,0,0,0,1,"- ","- ",33.17633,-117.35194,"SAN DIEGO",OCEANSIDE,-117.35194,33.17633
90549464,2017,2017-09-18,9650,2017-09-10,1907,018383,,7,2,5,3712,0,1,3,,2,019,"SR-78 W/B","RANCHO SANTA FE RD.",1000.00,E,N,B,-,Y,,,78,,,,,,W,Y,2,0,1,1,A,-,03,22350,,N,E,J,A,A,H,-,B,D,0,,,Y,,Y,,C,02,1,0,0,0,0,0,0,0,1,"- ","- ",33.147860000000001,-117.19538,"SAN DIEGO","SAN MARCOS",-117.19540062,33.147836159999997
90549661,2017,2017-09-18,9645,2017-08-19,2233,021494,,6,3,7,3711,0,3,5,,2,111,"I-5 N/B","CAMINO DE LA PLAZA",355.00,S,N,A,-,Y,,,,,,,,,,Y,2,0,1,2,A,-,09,21801,A,N,D,C,A,A,H,-,C,A,0,,,Y,,Y,,A,01,1,0,0,0,0,0,0,0,1,"- ","- ",32.54374,-117.03149999999999,"SAN DIEGO","SAN DIEGO",-117.03155861,32.5438574
90549766,2017,2017-09-18,9645,2017-09-02,0045,021494,,6,3,5,3709,0,1,1,,2,009,"I-805 S/B","PROSPECT ST.",520.00,N,N,A,-,Y,,,805,,,,,,S,Y,2,0,3,2,A,-,03,22350,,N,C,C,A,A,H,-,C,D,0,,,,,Y,Y,D,22,1,1,1,0,0,0,0,0,0,"- ","- ",32.669089999999997,-117.08122,"SAN DIEGO","NATIONAL CITY",-117.08127767000001,32.66906805
90551632,2017,2017-09-19,9645,2017-09-10,0815,019563,,7,1,7,3711,0,1,1,,2,010,"I-8 E/B TO SR-163 N/B",I-8,535.00,N,N,A,-,Y,,,8,,,,R,,E,Y,2,0,1,1,A,-,03,22350,,N,F,A,A,A,H,-,A,D,0,,,Y,,Y,,C,02,1,0,0,0,0,0,0,0,1,"- ","- ",32.764879999999998,-117.16189,"SAN DIEGO","SAN DIEGO",-117.16189,32.764879999999998
90552648,2017,2017-09-20,9650,2017-06-25,0342,018496,,7,3,9,3700,0,1,3,,2,065,"SR-76 W/B","E. VISTA WAY",0.00,,Y,A,-,Y,,,76,,,,,,W,Y,1,1,2,2,A,-,01,23152,A,N,D,C,A,A,H,-,C,A,0,,,,,Y,Y,D,22,1,1,0,0,0,0,0,0,0,"- ","- ",33.25797,-117.23743,"SAN DIEGO",UNINCORPORATED,-117.23746233999999,33.257998010000001
90553358,2017,2017-09-21,9645,2017-09-01,0212,020997,,5,3,7,3711,0,1,1,,2,015,"I-805 S/B","SORRENTO VALLEY ROAD",170.00,S,N,A,-,Y,,,805,,,,,,S,Y,2,0,1,2,A,-,03,22350,,N,A,C,A,A,H,-,D,D,0,,,,,Y,,A,01,1,0,0,0,0,0,0,0,0,"- ","- ",32.888719999999999,-117.20477,"SAN DIEGO","SAN DIEGO",-117.20461134999999,32.888861769999998
90557578,2017,2017-09-27,9680,2017-09-22,1810,020116,,5,2,9,3700,0,3,5,,2,002,"LEMON AVE","ALTO DR",110.00,W,N,A,-,N,,,,,,,,,,Y,2,0,2,1,A,-,01,23152,A,N,E,I,A,A,H,-,A,A,0,,,,,Y,Y,A,07,1,0,1,0,0,0,0,0,0,"- ","- ",32.76885,-116.99386,"SAN DIEGO",UNINCORPORATED,-116.99411678,32.768740800000003
90557807,2017,2018-09-27,9645,2017-09-18,2305,021768,,1,3,7,3711,0,1,1,,2,003,"I-5 N/B","PARK BOULEVARD O/C",50.00,S,N,A,-,Y,,,5,,,,,,N,Y,2,0,3,2,A,-,01,23152,A,F,B,C,A,A,H,-,C,D,0,,,,,Y,Y,A,01,1,0,2,0,0,0,0,0,0,"- ","- ",32.724110000000003,-117.15088,"SAN DIEGO","SAN DIEGO",-117.15092584999999,32.724016159999998
90559664,2017,2017-09-29,9650,2017-09-22,2235,019191,,5,3,9,3700,0,3,5,,2,150,"E. VISTA WAY","EVERGREEN LN",172.00,N,N,A,-,N,,,,,,,,,,Y,2,0,1,1,A,-,01,23152,A,N,E,I,A,A,H,-,D,D,0,,,,,Y,Y,A,01,1,0,0,0,0,0,0,0,0,"- ","- ",33.255040000000001,-117.23441,"SAN DIEGO",UNINCORPORATED,-117.23435837,33.254879270000004
90560196,2017,2017-09-29,9680,2017-09-23,1030,021501,,6,1,9,3700,0,1,3,,1,071,SR-78,"SAN FELIPE RD",12144.00,E,N,A,-,Y,,,78,,,,,,,Y,2,0,1,1,A,-,03,22350,,N,F,I,A,A,H,-,A,D,0,,,Y,,Y,,C,02,1,0,0,0,0,0,0,0,1,"- ","- ",33.115380000000002,-116.44046,"SAN DIEGO",UNINCORPORATED,-116.44047725999999,33.115408219999999
90560296,2017,2017-09-29,9645,2017-08-14,1135,014692,,1,1,7,3711,0,1,1,,2,019,"INTERSTATE 15 SOUTHBOUND","WEST BERNARDO DRIVE",1901.00,N,N,A,-,Y,,,15,,,,,,S,Y,2,0,1,1,A,-,08,22107,,N,E,I,A,A,H,-,A,D,0,,,,,Y,,A,01,1,0,0,0,0,0,0,0,0,"- ","- ",33.060899999999997,-117.06950000000001,"SAN DIEGO","SAN DIEGO",-117.06950276000001,33.060900750000002
90571076,2017,2017-10-16,9645,2017-10-04,0700,015494,,3,1,7,3711,0,1,1,,2,011,"I-805 N/B",I-8,1000.00,N,N,A,-,Y,,,805,,,,,,N,Y,2,0,1,3,A,-,03,22350,,N,B,C,A,A,H,-,A,D,0,,,Y,,Y,,C,02,1,0,0,0,0,0,0,0,1,"- ","- ",32.77478,-117.1339,"SAN DIEGO","SAN DIEGO",-117.13395432,32.774740610000002
90573915,2017,2017-10-19,9645,2017-10-06,1610,017270,,5,2,7,3711,0,1,1,,2,015,"I-805 S/B","GOVERNOR DRIVE",150.00,S,N,A,-,Y,,,805,,,,,,S,Y,2,0,1,3,A,-,03,22350,,F,C,C,A,A,H,-,A,D,0,,,Y,,Y,,C,02,1,0,0,0,0,0,0,0,1,"- ","- ",32.8566,-117.18389999999999,"SAN DIEGO","SAN DIEGO",-117.18384184999999,32.85663529
90574572,2017,2017-10-19,9650,2017-10-12,1205,015503,,4,1,9,3700,0,3,5,,2,006,"DE LUZ RD","SANDIA CREEK RD",39600.00,N,N,A,-,N,,,,,,,,,,Y,2,0,1,1,A,-,03,22350,,N,F,A,A,A,H,-,A,D,0,,,Y,,Y,,C,02,1,0,0,0,0,0,0,0,1,"- ","- ",33.259630000000001,-117.19977,"SAN DIEGO",UNINCORPORATED,-117.32313942,33.432794270000002
90575425,2017,2017-10-23,9645,2017-05-29,1810,021680,,1,2,7,3711,0,1,1,,2,001,"I-5 SOUTHBOUND","US MEXICO BORDERLINE",615.00,N,N,A,-,Y,,,,,,,,,,Y,2,0,1,1,A,-,03,22350,,N,E,I,A,A,H,-,A,D,0,,,,,Y,,A,01,1,0,0,0,0,0,0,0,0,"- ","- ",32.543140000000001,-117.03085,"SAN DIEGO","SAN DIEGO",,
90575652,2017,2017-10-23,9650,2017-10-10,0747,016485,,2,1,6,3706,0,1,1,,2,023,"I-15 S/B","WASHINGTON AVE",52.00,N,N,A,-,Y,,,,,,,,,,Y,2,0,1,3,A,-,07,21658,A,N,B,C,A,A,H,-,A,D,0,,,Y,,Y,,A,01,1,0,0,0,0,0,0,0,1,"- ","- ",33.723059999999997,-117.61271000000001,"SAN DIEGO",ESCONDIDO,-117.10355224,33.123052459999997
90576573,2017,2018-01-30,9650,2017-10-17,0825,016485,,2,1,6,3706,0,1,3,,2,019,"SR-78 W/B","I-15 N/B",126.00,E,N,A,-,Y,,,,,,,,,,Y,2,0,4,4,A,-,03,22350,,N,C,C,A,A,H,-,A,D,0,,,,,Y,,A,01,1,0,3,0,0,0,0,0,0,"- ","- ",33.73836,-117.61527,"SAN DIEGO",ESCONDIDO,-117.10484862,33.129384440000003
90578791,2017,2017-10-26,9645,2017-09-13,1545,013648,,3,2,7,3711,0,1,3,,2,022,"S.R. 56 EASTBOUND","CAMINO DEL SUR U/C",245.00,E,N,A,-,Y,,,,,,,,,,Y,2,0,1,2,A,-,08,22107,,F,D,C,A,A,H,-,A,D,0,,,Y,,Y,,D,22,1,0,0,0,0,0,0,0,1,"- ","- ",32.9589,-117.11582,"SAN DIEGO","SAN DIEGO",,
90581054,2017,2017-10-27,9650,2017-10-14,1215,016936,,6,1,9,3700,0,3,5,,2,213,"RICE CANYON RD",SR-76,1056.00,N,N,A,-,N,,,,,,,,,,N,2,0,1,1,A,-,03,22350,,N,F,A,A,A,C,-,A,D,0,,Y,,,Y,,L,04,1,0,0,0,0,0,1,0,0,"- ","- ",33.345480000000002,-117.13500000000001,"SAN DIEGO",UNINCORPORATED,-117.13495791,33.345286690000002
90581633,2017,2017-10-30,9645,2017-10-20,0915,018223,,5,1,7,3711,0,1,3,,2,022,"SR-56 WB",I-15,1400.00,W,N,B,-,Y,,,56,,,,,,W,Y,2,0,1,1,A,-,08,22107,,N,E,I,A,B,H,-,A,D,0,,,,,Y,,A,01,1,0,0,0,0,0,0,0,0,"- ","- ",32.963340000000002,-117.1003,"SAN DIEGO","SAN DIEGO",-117.10026105,32.963238259999997
90581805,2017,2017-10-30,9650,2017-10-25,1515,019227,,3,2,9,3700,0,3,5,,1,212,"FRUITVALE RD","FOX RUN LN",265.00,E,N,A,-,N,,,,,,,,,,Y,2,0,3,2,A,-,09,21804,A,N,D,C,A,A,H,-,A,D,0,,,,,Y,,A,08,2,0,1,0,0,0,0,0,0,"- ","- ",33.242510000000003,-116.99896,"SAN DIEGO",UNINCORPORATED,-116.99904687999999,33.242496389999999
90584141,2017,2017-10-31,9680,2017-10-21,0450,021859,,6,3,9,3700,0,1,1,,2,084,"I-8 E/B","TAVERN RD.",1584.00,E,N,A,-,Y,,,8,,,,,,E,Y,2,0,1,1,A,-,08,22107,,N,E,I,A,A,H,-,D,D,0,,,,,Y,,A,01,1,0,0,0,0,0,0,0,0,"- ","- ",32.839869999999998,-116.77421,"SAN DIEGO",UNINCORPORATED,-116.77420395,32.839912419999997
90584810,2017,2017-11-01,9645,2017-07-15,2345,020939,,6,3,7,3711,0,1,1,,2,021,"STATE ROUTE 15 SOUTHBOUND","INTERSTATE 805 (O/C)",62.00,N,N,A,-,Y,,,15,,,,,,S,Y,1,1,0,1,A,-,01,23152,A,N,E,I,A,A,H,-,D,D,0,,,,,Y,Y,D,22,0,0,0,0,0,0,0,0,0,"- ","- ",32.732900000000001,-117.11190000000001,"SAN DIEGO","SAN DIEGO",-117.11195821,32.732885719999999
90584947,2017,2017-11-01,9680,2017-10-22,1440,021237,,7,2,9,3700,0,3,5,,2,002,"OTAY LAKES RD",SR-94,3696.00,W,N,A,-,N,,,,,,,,,,N,2,0,1,1,A,-,08,22107,,N,E,I,A,A,H,-,A,D,0,,,Y,,Y,,C,02,1,0,0,0,0,0,0,0,1,"- ","- ",32.663420000000002,-116.83763,"SAN DIEGO",UNINCORPORATED,-116.83481527000001,32.666166570000001
90585689,2017,2017-11-02,9645,2017-10-24,1725,017480,,2,2,7,3711,0,1,3,,2,025,"STATE ROUTE 163 SOUTHBOUND","INTERSTATE 805",750.00,S,N,A,-,Y,,,163,,,,,,S,Y,2,0,1,2,A,-,03,22350,,N,C,C,A,A,H,-,A,D,0,,,Y,,Y,,C,02,1,0,0,0,0,0,0,0,1,"- ","- ",32.806150000000002,-117.15381000000001,"SAN DIEGO","SAN DIEGO",-117.15391829000001,32.806188599999999
9059053,2020,2020-05-21,3711,2020-02-19,1141,SD5600,,3,5,7,3711,0,0,0,,0,246,"SCRIPPS POWAY PKWY","SCRIPPS HIGHLAND DR",880.00,E,N,A,-,N,,,,,,,,,,Y,2,0,1,1,A,-,08,22107,,N,F,I,A,A,H,-,A,D,0,,,,,Y,,A,07,1,0,0,0,0,0,0,0,0,"- ","- ",,,"SAN DIEGO","SAN DIEGO",-117.10500335693359,32.937427520751953
90592866,2017,2017-11-13,9645,2017-09-26,1430,019563,,2,2,7,3711,0,1,3,,2,002,"SR-905 W/B","DEL SUR BLVD",66.00,E,N,A,-,Y,,,905,,,,,,W,Y,1,1,2,3,A,-,03,22350,,N,B,C,A,A,H,-,A,D,0,,,,Y,Y,,A,01,0,0,2,0,0,0,0,0,0,"- ","- ",32.568449999999999,-117.0577,"SAN DIEGO","SAN DIEGO",-117.05769968,32.568475470000003
90593073,2017,2017-11-13,9645,2017-09-17,0205,021494,,7,3,7,3711,0,1,1,,2,001,"I-5 S/B","VIA DE SAN YSIDRO",120.00,S,N,B,-,Y,,,5,,,,,,S,N,1,2,0,3,A,-,11,21954,A,N,G,B,E,A,H,-,C,D,0,Y,,,,Y,,N,60,0,0,0,2,0,0,0,0,0,"- ","- ",32.55086,-117.04458,"SAN DIEGO","SAN DIEGO",-117.04454303999999,32.550958219999998
90593705,2017,2017-11-14,9680,2017-11-02,0625,021828,,4,1,9,3700,0,2,4,,1,020,"FUERTE DRIVE","BONNIE LANE",25.00,S,N,B,-,N,,,,,,,,,,Y,2,0,2,3,A,-,05,21460,A,N,A,C,A,A,H,-,A,D,0,,,,,Y,,A,01,1,1,0,0,0,0,0,0,0,"- ","- ",32.770009999999999,-116.97441999999999,"SAN DIEGO",UNINCORPORATED,-116.97434407,32.769938629999999
90594210,2017,2018-10-01,9645,2017-08-10,1315,013111,,4,1,7,3711,0,1,1,,2,019,"I-15 SOUTHBOUND","GREEN VALLEY CREEK BRIDGE U/C",150.00,N,N,A,-,Y,,,15,,,,,,S,Y,1,3,1,1,A,-,08,22107,,N,E,I,A,A,H,-,A,D,0,,,,,Y,,A,07,1,0,0,0,0,0,0,0,0,"- ","- ",33.043529999999997,-117.07389999999999,"SAN DIEGO","SAN DIEGO",-117.07374105,33.043462419999997
9059480,2020,2020-03-23,3711,2020-03-07,0513,SD6863,,6,5,7,3711,0,0,0,,0,311,"AERO DR","W CANYON AV",0.00,,Y,A,-,N,,,,,,,,,,N,2,0,2,2,A,-,12,21453,A,N,D,C,A,A,H,-,C,A,0,,,,,Y,Y,A,01,1,0,1,0,0,0,0,0,0,"- ","- ",,,"SAN DIEGO","SAN DIEGO",-117.1224365234375,32.808349609375
90595870,2017,2017-11-16,9680,2017-11-05,0053,019475,,7,3,9,3700,0,1,1,,2,086,"I-8 W/B","LAS BANCAS-HORSETHIEF RD",896.00,E,N,A,-,Y,,,8,,,,,,W,Y,2,0,3,2,A,-,01,23152,A,N,C,C,A,A,H,-,D,D,0,,,,,Y,Y,A,01,3,0,0,0,0,0,0,0,0,"- ","- ",32.822009999999999,-116.59314000000001,"SAN DIEGO",UNINCORPORATED,-116.59314132999999,32.822003870000003
90599877,2017,2017-11-21,9680,2017-10-17,1215,015070,,2,1,9,3700,0,1,3,,1,040,SR-94,"CAMPBELL RANCH RD.",1584.00,E,N,A,-,Y,,,94,,,,,,,Y,1,1,0,2,A,-,05,21460,A,N,B,C,A,A,H,-,A,D,0,,,Y,Y,Y,,C,02,0,0,0,0,0,0,0,1,0,"- ","- ",32.639740000000003,-116.77034999999999,"SAN DIEGO",UNINCORPORATED,-116.77036757,32.639717439999998
90602761,2017,2017-11-27,9645,2017-10-04,0612,018149,,3,1,7,3711,0,1,3,,2,006,"SR-94 W/B","KELTON ROAD O/C",426.00,E,N,A,-,Y,,,94,,,,,,W,Y,2,0,1,3,A,-,03,22350,,F,C,C,A,A,H,-,B,D,0,,,Y,,Y,,C,02,1,0,0,0,0,0,0,0,1,"- ","- ",32.725340000000003,-117.07417,"SAN DIEGO","SAN DIEGO",-117.07415775,32.72532331
9060285,2020,2020-03-06,3705,2020-01-03,2106,EC0395,,5,5,5,3705,0,0,0,,0,002,"EAST MAIN ST","ORLANDO ST",0.00,,Y,A,-,N,,,,,,,,,,Y,2,0,1,2,A,-,11,21950,B,N,D,B,D,A,H,-,C,D,0,Y,,,,Y,,N,60,1,0,0,0,1,0,0,0,0,"- ","- ",,,"SAN DIEGO","EL CAJON",-116.94013214111328,32.794929504394531
90609153,2017,2017-12-04,9650,2017-11-12,2200,021747,,7,3,9,3700,0,1,3,,2,065,"SR-76 E/B","VIA MONSERATE",200.00,W,N,A,-,N,,,76,,,,,,E,N,2,0,1,1,A,-,03,22350,,N,E,J,A,A,H,-,D,D,0,,Y,,,Y,,L,04,1,0,0,0,0,0,1,0,0,"- ","- ",33.309330000000003,-117.20496,"SAN DIEGO",UNINCORPORATED,-117.20516508999999,33.309691139999998
9060916,2020,2020-05-21,3711,2020-02-06,1855,SD6000,,4,5,7,3711,0,0,0,,0,122,"GRAND AV","MORELL ST",130.00,E,N,A,-,N,,,,,,,,,,Y,2,0,1,2,A,-,00,21954,,N,G,B,D,A,H,-,C,D,0,Y,,,,Y,Y,N,60,1,0,0,0,1,0,0,0,0,"- ","- ",,,"SAN DIEGO","SAN DIEGO",-117.23252105712891,32.799640655517578
90610169,2017,2017-12-05,9645,2017-11-21,0913,016156,,2,1,7,3711,0,1,1,,2,021,"SR-15 N/B","EL CAJON BLVD O/C",860.00,S,N,A,-,Y,,,15,,,,,,N,Y,2,0,1,1,A,-,08,22107,,N,E,I,A,A,H,-,A,D,0,,,,,Y,,A,01,1,0,0,0,0,0,0,0,0,"- ","- ",32.756340000000002,-117.10849,"SAN DIEGO","SAN DIEGO",-117.10860459,32.756336300000001
90611089,2017,2017-12-06,9680,2017-10-17,1750,017389,,2,2,4,3720,0,1,3,,2,027,"SR-94 W/B TO LEMON GROVE AVENUE","LEMON GROVE AVE",297.00,W,N,A,-,Y,,,94,,,,R,,W,Y,1,1,1,5,A,-,08,22107,,N,C,E,E,A,H,-,A,A,0,Y,,,Y,Y,,A,01,0,1,0,1,1,0,0,0,0,"- ","- ",32.7468,-117.03230000000001,"SAN DIEGO","LEMON GROVE",-117.03230000000001,32.7468
90611603,2017,2017-12-06,9650,2017-11-29,1822,017328,,3,2,9,3700,0,3,5,,2,006,"W. KALMIA ST.","DE LUZ RD.",0.00,,Y,A,-,N,,,,,,,,,,N,2,0,1,2,A,-,10,21950,A,N,G,B,B,A,H,-,C,D,0,Y,,,,Y,,D,22,1,0,0,0,1,0,0,0,0,"- ","- ",33.38561,-117.25239999999999,"SAN DIEGO",UNINCORPORATED,-117.25241006,33.385540020000001
90612077,2017,2017-12-07,9680,2017-11-27,0610,017996,,1,1,9,3700,0,1,3,,1,024,"SR-94 (CAMPO ROAD)","MILLAR RANCH ROAD",400.00,E,N,B,-,Y,,,94,,,,,,,Y,2,0,3,2,A,-,05,21460,A,N,A,C,A,A,H,-,A,D,0,,,,,Y,,D,22,3,0,0,0,0,0,0,0,0,"- ","- ",32.730710000000002,-116.93669,"SAN DIEGO",UNINCORPORATED,-116.9367128,32.730647300000001
90615986,2017,2017-12-12,9650,2017-12-09,1410,019126,,6,2,9,3700,0,3,5,,2,230,"DEL DIOS HWY","VIA RANCHO PKY",1056.00,W,N,A,-,N,,,,,,,,,,Y,2,0,1,2,A,-,09,21804,A,N,D,C,A,A,H,-,A,D,0,,,,,Y,,D,22,1,0,0,0,0,0,0,0,0,"- ","- ",33.086449999999999,-117.11606,"SAN DIEGO",UNINCORPORATED,-117.11461977,33.092353250000002
90620554,2017,2017-12-21,9645,2017-11-21,0148,020301,,2,3,7,3711,0,1,3,,2,006,"STATE ROUTE 94 WESTBOUND","BROADWAY U/C",543.00,E,N,A,-,Y,,,,,,,,,,N,1,1,0,2,A,-,11,21954,A,F,G,B,D,A,H,-,D,D,0,Y,,,,Y,,N,60,0,0,0,1,0,0,0,0,0,"- ","- ",37.132840000000002,-117.12151,"SAN DIEGO","SAN DIEGO",-117.12460240999999,32.71527159
90622468,2017,2017-12-21,9645,2017-12-11,2217,016138,,1,3,7,3711,0,1,1,,2,007,"I-5 SOUTHBOUND","LA JOLLA VILLAGE DRIVE O/C",1328.00,N,N,A,-,Y,,,5,,,,,,S,Y,2,0,2,2,A,-,01,23152,A,N,C,C,A,A,D,-,D,D,0,,,,,Y,Y,A,01,1,1,0,0,0,0,0,0,0,"- ","- ",32.875160000000001,-117.22917,"SAN DIEGO","SAN DIEGO",-117.22905707,32.875148510000002
90625356,2017,2017-12-22,9645,2017-10-25,0559,017025,,3,3,7,3711,0,1,1,,2,010,"I-8 W/B","PRESIDIO PARK O/C",175.00,E,N,A,-,Y,,,8,,,,,,W,N,1,1,0,4,A,-,11,21954,A,F,G,B,D,A,H,-,D,D,0,Y,,,,Y,,N,60,0,0,0,1,0,0,0,0,0,"- ","- ",32.759860000000003,-117.18788000000001,"SAN DIEGO","SAN DIEGO",-117.18788522,32.759814179999999
90625579,2017,2019-04-30,9645,2017-12-13,1314,015270,,3,1,7,3711,0,1,1,,2,007,"I-5 SOUTHBOUND","DEL MAR HEIGHTS ROAD",4752.00,N,N,A,-,Y,,,5,,,,,,S,Y,1,1,0,3,A,-,03,22350,,N,C,C,A,A,C,G,A,D,0,,,Y,,Y,,C,02,0,0,0,0,0,0,0,1,0,"- ","- ",32.962969999999999,-117.2467,"SAN DIEGO","SAN DIEGO",-117.24682455,32.96292218