CASE_ID,ACCIDENT_YEAR,PROC_DATE,JURIS,COLLISION_DATE,COLLISION_TIME,OFFICER_ID,REPORTING_DISTRICT,DAY_OF_WEEK,CHP_SHIFT,POPULATION,CNTY_CITY_LOC,SPECIAL_COND,BEAT_TYPE,CHP_BEAT_TYPE,CITY_DIVISION_LAPD,CHP_BEAT_CLASS,BEAT_NUMBER,PRIMARY_RD,SECONDARY_RD,DISTANCE,DIRECTION,INTERSECTION,WEATHER_1,WEATHER_2,STATE_HWY_IND,CALTRANS_COUNTY,CALTRANS_DISTRICT,STATE_ROUTE,ROUTE_SUFFIX,POSTMILE_PREFIX,POSTMILE,LOCATION_TYPE,RAMP_INTERSECTION,SIDE_OF_HWY,TOW_AWAY,COLLISION_SEVERITY,NUMBER_KILLED,NUMBER_INJURED,PARTY_COUNT,PRIMARY_COLL_FACTOR,PCF_CODE_OF_VIOL,PCF_VIOL_CATEGORY,PCF_VIOLATION,PCF_VIOL_SUBSECTION,HIT_AND_RUN,TYPE_OF_COLLISION,MVIW,PED_ACTION,ROAD_SURFACE,ROAD_COND_1,ROAD_COND_2,LIGHTING,CONTROL_DEVICE,CHP_ROAD_TYPE,PEDESTRIAN_ACCIDENT,BICYCLE_ACCIDENT,MOTORCYCLE_ACCIDENT,TRUCK_ACCIDENT,NOT_PRIVATE_PROPERTY,ALCOHOL_INVOLVED,STWD_VEHTYPE_AT_FAULT,CHP_VEHTYPE_AT_FAULT,COUNT_SEVERE_INJ,COUNT_VISIBLE_INJ,COUNT_COMPLAINT_PAIN,COUNT_PED_KILLED,COUNT_PED_INJURED,COUNT_BICYCLIST_KILLED,COUNT_BICYCLIST_INJURED,COUNT_MC_KILLED,COUNT_MC_INJURED,PRIMARY_RAMP,SECONDARY_RAMP,LATITUDE,LONGITUDE,COUNTY,CITY,POINT_X,POINT_Y
90691716,2018,2018-03-28,9680,2018-03-18,1850,021813,,7,2,9,3700,0,1,3,,1,024,"SR-94 E/B","AVOCADO BLVD",196.00,E,N,A,-,Y,,,94,,,,,,E,Y,2,0,2,2,A,-,08,22107,,N,B,C,A,A,H,-,A,D,0,,,,,Y,,A,01,1,0,1,0,0,0,0,0,0,"- ","- ",32.744899749755859,-116.96378326416016,"SAN DIEGO",UNINCORPORATED,-116.96377563476562,32.744895935058594
90693192,2018,2018-03-29,9680,2018-03-19,1902,021828,,1,2,5,3708,0,1,1,,2,081,"I-8 E/B","SEVERIN DR",1056.00,W,N,A,-,Y,,,8,,,,,,E,Y,2,0,1,1,A,-,01,23152,A,N,E,I,A,A,H,-,D,D,0,,,,,Y,Y,A,01,1,0,0,0,0,0,0,0,0,"- ","- ",32.779079437255859,-117.00038146972656,"SAN DIEGO","LA MESA",-117.00035858154297,32.778995513916016
9069566,2020,2020-07-03,3711,2020-03-21,2054,SD6967,,6,5,7,3711,0,0,0,,0,451,"NUTMEG ST","AARON CT",24.00,N,N,A,-,N,,,,,,,,,,Y,2,0,1,2,A,-,05,21460,A,M,A,E,A,A,H,-,D,D,0,,,,,Y,,A,01,1,0,0,0,0,0,0,0,0,"- ","- ",,,"SAN DIEGO","SAN DIEGO",-117.08345794677734,32.733261108398438
90696531,2018,2018-04-02,9650,2018-01-13,1927,017392,,6,2,9,3700,0,3,5,,2,006,"VIA MONSERATE","LA CANADA RD",529.00,W,N,A,-,N,,,,,,,,,,Y,1,1,0,1,A,-,08,22107,,N,E,I,A,A,H,-,C,D,0,,,,,Y,,A,01,0,0,0,0,0,0,0,0,0,"- ","- ",33.317600250244141,-117.21880340576172,"SAN DIEGO",UNINCORPORATED,-117.21919250488281,33.317600250244141
90701038,2018,2018-04-09,9680,2018-03-29,1920,016822,,4,2,9,3700,0,2,4,,1,094,"WILDCAT CANYON ROAD","SAN VICENTE ROAD",7920.00,S,N,A,-,N,,,,,,,,,,Y,2,0,2,2,A,-,05,21460,A,N,A,C,A,A,H,-,D,D,0,,,,,Y,,A,01,2,0,0,0,0,0,0,0,0,"- ","- ",32.984508514404297,-116.83148956298828,"SAN DIEGO",UNINCORPORATED,-116.82866668701172,32.986381530761719
90701317,2018,2018-04-09,9645,2018-03-24,1520,021873,,6,2,7,3711,0,1,3,,2,006,"SR-94 W/B",SR-15,1056.00,E,N,A,-,Y,,,94,,,,,,W,Y,2,0,1,2,A,-,07,21658,A,N,B,C,A,A,H,-,A,D,0,,,Y,,Y,Y,C,02,1,0,0,0,0,0,0,0,1,"- ","- ",32.717700958251953,-117.11502838134766,"SAN DIEGO","SAN DIEGO",-117.11501312255859,32.717605590820312
90702250,2017,2018-04-10,9645,2017-08-08,1725,018652,,2,2,6,3702,0,1,1,,2,009,"I-805 S/B","OLYMPIC PKWY",920.00,S,N,A,-,Y,,,805,,,,,,S,Y,2,0,1,1,A,-,08,22107,,N,E,I,A,A,H,-,A,D,0,,,,,Y,Y,D,22,1,0,0,0,0,0,0,0,0,"- ","- ",32.60474,-117.0365,"SAN DIEGO","CHULA VISTA",-117.03645887,32.60473966
90702532,2018,2018-04-10,9645,2018-03-25,2212,020301,,7,3,7,3711,0,1,1,,2,019,"I-15 N/B TO GEORGE COOKE EXPRESS DR","BERNARDO CENTER DR",1000.00,N,N,A,-,Y,,,15,,,,R,,N,Y,2,0,2,1,A,-,03,22350,,N,E,I,A,A,D,-,C,D,0,,,,,Y,,A,01,1,1,0,0,0,0,0,0,0,"- ","- ",33.016410827636719,-117.07913970947266,"SAN DIEGO","SAN DIEGO",-117.07913970947266,33.016410827636719
90706336,2018,2018-04-26,9680,2018-04-07,1146,017460,,6,1,9,3700,0,1,1,,2,086,"INTERSTATE 8 (WESTBOUND)","CRESTWOOD ROAD",10032.00,W,N,A,G,Y,,,8,,,,,,,Y,2,0,13,1,A,-,03,22350,,N,F,A,A,A,H,-,A,D,0,,,,,Y,Y,E,22,1,3,9,0,0,0,0,0,0,"- ","- ",32.718120574951172,-116.38803863525391,"SAN DIEGO",UNINCORPORATED,-116.38814544677734,32.717960357666016
90706369,2018,2018-04-16,9680,2018-04-07,1740,019729,,6,2,9,3700,0,1,3,,1,052,SR-78,"SUTHERLAND DAM RD",1056.00,E,N,A,-,Y,,,,,,,,,,Y,2,0,1,1,A,-,01,23152,A,N,E,I,A,A,H,-,A,D,0,,,Y,,Y,Y,C,02,1,0,0,0,0,0,0,0,1,"- ","- ",33.078399658203125,-116.78849029541016,"SAN DIEGO",UNINCORPORATED,-116.78887939453125,33.084339141845703
90706954,2018,2018-04-17,9645,2018-03-29,0655,018146,,4,1,7,3711,0,1,1,,2,003,"I-5 S/B FROM BOSTON AVE.","BOSTON AVE.",3.00,E,N,A,-,N,,,5,,,,R,,S,N,2,0,1,2,A,-,03,22350,,F,G,B,B,A,H,-,C,D,0,Y,,,,Y,,D,22,1,0,0,0,1,0,0,0,0,"- ","- ",32.69390869140625,-117.13179016113281,"SAN DIEGO","SAN DIEGO",-117.13179016113281,32.69390869140625
90708132,2018,2018-04-18,9650,2018-04-08,1255,017743,,7,1,9,3700,0,3,5,,2,213,"SOUTH GRADE RD","EAST GRADE RD",5280.00,S,N,A,-,N,,,,,,,,,,Y,2,0,1,1,A,-,03,22350,,N,F,A,A,A,H,-,A,D,0,,,Y,,Y,,C,02,1,0,0,0,0,0,0,0,1,"- ","- ",33.307388305664062,-116.87223052978516,"SAN DIEGO",UNINCORPORATED,-116.87229156494141,33.307460784912109
90708658,2018,2018-04-19,9680,2018-04-10,1015,019729,,2,1,9,3700,0,2,4,,1,096,"HIGHLAND VALLEY RD","SKY VALLEY DR",70.00,W,N,A,-,N,,,,,,,,,,Y,2,0,1,1,A,-,05,21650,,N,F,A,A,A,H,-,A,D,0,,,,,Y,,A,01,1,0,0,0,0,0,0,0,0,"- ","- ",33.042110443115234,-116.97126007080078,"SAN DIEGO",UNINCORPORATED,-116.97133636474609,33.041622161865234
90708717,2018,2018-04-19,9645,2018-04-05,1725,017133,,4,2,7,3711,0,1,1,,2,001,"I-5 N/B","IRIS AVENUE O/C",200.00,S,N,A,-,Y,,,5,,,,,,N,Y,2,0,1,1,A,-,01,23152,,N,E,I,A,A,H,-,A,D,0,,,,,Y,Y,A,01,1,0,0,0,0,0,0,0,0,"- ","- ",32.568370819091797,-117.07614135742188,"SAN DIEGO","SAN DIEGO",-117.07603454589844,32.568450927734375
90710699,2018,2018-06-12,9680,2018-04-13,1405,016181,,5,2,9,3700,0,1,3,,1,017,SR-67,"LAKESIDE AVE",1056.00,S,N,A,-,Y,,,67,,,,,,,Y,2,0,4,2,A,-,05,21460,A,N,A,C,A,A,H,-,A,D,0,,,,,Y,,A,01,2,2,0,0,0,0,0,0,0,"- ","- ",32.868961334228516,-116.92308044433594,"SAN DIEGO",UNINCORPORATED,-116.92306518554688,32.868965148925781
90713272,2018,2018-04-25,9650,2018-04-24,1100,013636,,2,1,9,3700,0,3,5,,2,070,"EL CAMINO DEL NORTE","VAL SERENO DR",150.00,W,N,A,-,N,,,,,,,,,,N,2,0,1,1,A,-,03,22350,,N,F,A,A,A,A,-,A,D,0,,Y,,,Y,,L,04,1,0,0,0,0,0,1,0,0,"- ","- ",33.047828674316406,-117.22458648681641,"SAN DIEGO",UNINCORPORATED,-117.22412872314453,33.047725677490234
90713841,2018,2018-04-26,9680,2018-04-22,1625,021584,,7,2,5,3705,0,3,5,,2,005,"EAST OLD JULIAN HIGHWAY","VISTA RAMONA ROAD",4752.00,E,N,A,-,N,,,,,,,,,,Y,2,0,1,1,A,-,08,22107,,N,E,I,A,A,H,-,A,D,0,,,Y,,Y,,C,02,1,0,0,0,0,0,0,0,1,"- ","- ",33.046089172363281,-116.82079315185547,"SAN DIEGO","EL CAJON",-116.82155609130859,33.045635223388672
90715279,2018,2018-04-27,9645,2018-04-18,0520,015001,,3,3,7,3711,0,1,1,,2,019,"I-15 N/B","CAMINO DEL NORTE",3240.00,S,N,A,-,Y,,,15,,,,,,N,Y,2,0,1,2,A,-,03,22350,,N,C,C,A,A,H,-,D,D,0,,,,Y,Y,,F,26,1,0,0,0,0,0,0,0,0,"- ","- ",32.989398956298828,-117.08260345458984,"SAN DIEGO","SAN DIEGO",-117.08268737792969,32.989383697509766
90715545,2018,2018-04-27,9645,2018-03-26,2245,017498,,1,3,7,3711,0,1,1,,2,009,"I-805 SOUTHBOUND TO 43 STREET","43RD STREET",2232.00,N,N,A,-,Y,,,805,,,,R,,S,Y,1,1,0,1,A,-,01,23152,A,N,E,I,A,A,H,-,D,D,0,,,,,Y,Y,A,01,0,0,0,0,0,0,0,0,0,"- ","- ",32.69110107421875,-117.09602355957031,"SAN DIEGO","SAN DIEGO",-117.09602355957031,32.69110107421875
9071681,2020,2020-09-23,3710,2020-02-26,1618,OC1177,,3,5,6,3710,0,0,0,,0,021,"RT 76","OLD GROVE RD",0.00,,Y,A,-,Y,SD,11,76,-,R,4.899,I,5,W,Y,2,0,1,2,A,-,12,21453,A,N,H,G,A,A,H,-,A,A,0,,Y,,,Y,,L,04,1,0,0,0,0,0,1,0,0,"- ","- ",,,"SAN DIEGO",OCEANSIDE,-117.30811309814453,33.232994079589844
90717319,2018,2018-05-01,9680,2018-04-26,2140,019475,,4,2,9,3700,0,3,5,,2,002,"BANCROFT DR","KENWOOD DR",36.00,N,N,A,-,N,,,,,,,,,,N,2,0,1,2,A,-,11,21954,A,F,G,B,D,A,H,-,C,A,0,Y,,,,Y,Y,N,60,1,0,0,0,1,0,0,0,0,"- ","- ",32.744678497314453,-117.00346374511719,"SAN DIEGO",UNINCORPORATED,-117.00349426269531,32.744647979736328
90718137,2018,2018-05-02,9680,2018-03-25,2500,017460,,7,4,9,3700,0,1,1,,2,086,"INTERSTATE 8 EASTBOUND","MCCAIN VALLEY ROAD",2112.00,E,N,B,-,Y,,,8,,,,,,E,Y,1,1,0,1,A,-,08,22107,,N,E,I,A,A,H,-,D,D,0,,,,,Y,,A,01,0,0,0,0,0,0,0,0,0,"- ","- ",32.665740966796875,-116.25260162353516,"SAN DIEGO",UNINCORPORATED,-116.25262451171875,32.665657043457031
90718525,2018,2018-05-02,9650,2018-04-25,2110,019191,,3,2,9,3700,0,1,3,,2,065,"SR-76 E/B","SOUTH MISSION RD",317.00,E,N,A,-,Y,,,76,,,,,,E,Y,2,0,1,1,A,-,01,23152,A,N,E,I,A,A,H,-,C,D,0,,,,,Y,Y,A,01,1,0,0,0,0,0,0,0,0,"- ","- ",33.295188903808594,-117.22084808349609,"SAN DIEGO",UNINCORPORATED,-117.22098541259766,33.295326232910156
90720094,2018,2018-05-04,9650,2018-04-27,2103,021327,,5,2,9,3700,0,1,3,,1,028,SR-76,"PAUMA VALLEY DR",1450.00,E,N,A,-,Y,,,,,,,,,,Y,2,0,1,1,A,-,08,22107,,N,E,I,A,A,H,-,D,D,0,,,,,Y,Y,A,01,1,0,0,0,0,0,0,0,0,"- ","- ",33.301231384277344,-117.11696624755859,"SAN DIEGO",UNINCORPORATED,-116.97356414794922,33.301033020019531
90721101,2018,2018-05-07,9650,2018-04-20,0928,017392,,5,1,9,3700,0,3,5,,2,006,"OLD HIGHWAY 395","RECHE RD",0.00,,Y,A,-,N,,,,,,,,,,Y,2,0,2,2,A,-,09,21801,A,N,A,C,A,A,H,-,A,D,0,,,,,Y,,A,08,1,1,0,0,0,0,0,0,0,"- ","- ",33.373401641845703,-117.17030334472656,"SAN DIEGO",UNINCORPORATED,-117.17034149169922,33.373420715332031
90725418,2018,2018-10-17,9645,2018-02-17,0350,021631,,6,3,7,3711,0,1,1,,2,007,"I-5 N/B","CARMEL MOUNTAIN RD",208.00,N,N,A,-,Y,,,5,,,,,,N,Y,1,1,1,2,A,-,01,23152,A,N,A,C,A,A,H,-,C,D,0,,,,,Y,Y,A,01,1,0,0,0,0,0,0,0,0,"- ","- ",32.918460845947266,-117.23513031005859,"SAN DIEGO","SAN DIEGO",-117.23508453369141,32.918514251708984
90725708,2018,2018-05-14,9680,2018-05-02,0705,017717,,3,1,9,3700,0,2,4,,1,021,"WILLOW  GLEN DR","STEELE CANYON RD",2006.00,E,N,C,-,N,,,,,,,,,,Y,2,0,2,1,A,-,03,22350,,N,E,I,A,B,H,-,A,D,0,,,,,Y,,A,01,1,1,0,0,0,0,0,0,0,"- ","- ",32.747951507568359,-116.91179656982422,"SAN DIEGO",UNINCORPORATED,-116.91181945800781,32.748054504394531
90726168,2018,2018-05-14,9680,2018-05-05,1725,016822,,6,2,9,3700,0,3,5,,2,009,"HANSON LANE","KEYSER ROAD",266.00,W,N,A,-,N,,,,,,,,,,N,2,0,1,1,C,-,18,,,N,H,A,A,A,H,-,A,D,0,,,Y,,Y,,-,"- ",1,0,0,0,0,0,0,0,1,"- ","- ",33.025749206542969,-116.87181854248047,"SAN DIEGO",UNINCORPORATED,-116.87168121337891,33.025737762451172
90729369,2018,2018-05-18,9680,2018-05-12,1234,019910,,6,1,9,3700,0,3,5,,2,001,"MARILLA DRIVE","WATERHILL ROAD",193.00,N,N,B,-,N,,,,,,,,,,N,2,0,1,2,A,-,11,21954,A,N,G,B,D,A,H,-,A,D,0,Y,,,,Y,,N,60,1,0,0,0,1,0,0,0,0,"- ","- ",32.852119445800781,-116.94072723388672,"SAN DIEGO",UNINCORPORATED,-116.94071960449219,32.852119445800781
90729531,2018,2018-05-18,9680,2018-05-12,0425,019475,,6,3,9,3700,0,1,3,,1,023,"SR-94 E/B","KENWOOD DR",143.00,W,N,B,-,Y,,,94,,,,,,E,Y,2,0,1,1,A,-,01,23152,A,N,E,I,A,B,H,-,D,D,0,,,,,Y,Y,A,07,1,0,0,0,0,0,0,0,0,"- ","- ",32.746589660644531,-116.9906005859375,"SAN DIEGO",UNINCORPORATED,-116.99053955078125,32.746746063232422
90729601,2018,2018-05-18,9680,2018-04-05,0855,014420,,4,1,9,3700,0,1,1,,2,083,"INTERSTATE 8 WESTBOUND","OLDE HIGHWAY 80",2640.00,W,N,A,-,Y,,,8,,,,,,W,Y,1,1,0,1,A,-,08,22107,,N,E,I,A,A,H,-,A,D,0,,,,,Y,,D,22,0,0,0,0,0,0,0,0,0,"- ","- ",32.854240417480469,-116.86109924316406,"SAN DIEGO",UNINCORPORATED,-116.86110687255859,32.854335784912109
90730469,2018,2018-05-21,9650,2018-05-11,1650,021463,,5,2,5,3782,0,1,1,,2,005,"I-5 S/B","LEUCADIA BLVD",800.00,S,N,B,F,Y,,,5,,,,,,S,Y,2,0,1,2,A,-,07,21658,A,N,B,C,A,B,H,-,A,D,0,,,Y,,Y,,D,22,1,0,0,0,0,0,0,0,1,"- ","- ",33.056400299072266,-117.28972625732422,"SAN DIEGO",ENCINITAS,-117.28977966308594,33.056385040283203
90733186,2018,2018-05-24,9645,2018-04-26,1430,017529,,4,2,7,3711,0,1,1,,2,011,"I-805 NORTHBOUND","HOME AVE",50.00,N,N,A,-,Y,,,805,,,,,,N,Y,2,0,1,2,A,-,08,22107,,N,C,C,A,A,H,-,A,D,0,,,,,Y,,A,01,1,0,0,0,0,0,0,0,0,"- ","- ",32.726810455322266,-117.10360717773438,"SAN DIEGO","SAN DIEGO",-117.103759765625,32.726711273193359
90735072,2018,2018-05-25,9645,2018-01-01,0539,020066,,1,3,6,3702,0,1,1,,2,001,"I-5 N/B","F STREET",800.00,S,N,A,-,Y,,,5,,,,,,N,Y,1,1,2,3,A,-,01,23152,G,N,D,C,A,A,H,-,D,D,0,,,,,Y,Y,A,01,1,1,0,0,0,0,0,0,0,"- ","- ",32.635269165039062,-117.09816741943359,"SAN DIEGO","CHULA VISTA",-117.09818267822266,32.635265350341797
90736089,2018,2018-05-29,9645,2018-04-11,0006,019577,,3,3,7,3711,0,1,1,,2,010,"I-8 E/B","PRESIDIO PARK",1584.00,E,N,A,-,Y,,,8,,,,,,E,Y,2,0,1,2,A,-,11,21954,A,N,G,B,E,A,H,-,D,D,0,Y,,,,Y,Y,N,60,1,0,0,0,1,0,0,0,0,"- ","- ",32.759109497070312,-117.18270874023438,"SAN DIEGO","SAN DIEGO",-117.18270111083984,32.759326934814453
90736121,2018,2018-05-29,9650,2018-04-11,1510,017328,,3,2,9,3700,0,3,5,,1,160,"GOPHER CANYON RD.","I-15 N/B TO GOPHER CANYON RD.",0.00,,Y,A,-,Y,,,,,,,,,,Y,2,0,1,2,A,-,09,21802,A,N,D,C,A,A,H,-,A,A,0,,,Y,,Y,,C,02,1,0,0,0,0,0,0,0,1,"- ","- ",33.252681732177734,-117.15476226806641,"SAN DIEGO",UNINCORPORATED,,
90736500,2018,2018-05-29,9645,2018-04-27,2255,015698,,5,3,7,3711,0,1,1,,2,005,"I-5 SB","BALBOA AVE. U/C",500.00,S,N,B,-,Y,,,5,,,,,,S,Y,2,0,1,2,A,-,03,22350,,N,F,A,A,A,H,-,D,D,0,,,Y,,Y,,C,02,1,0,0,0,0,0,0,0,1,"- ","- ",32.804721832275391,-117.21434020996094,"SAN DIEGO","SAN DIEGO",-117.21434020996094,32.804721832275391
90736616,2018,2018-05-29,9650,2018-05-25,1500,020747,,5,2,9,3700,0,3,5,,2,006,"STAGE COACH LN","LYNMAR LN",5.00,S,N,A,-,N,,,,,,,,,,Y,2,0,1,2,A,-,03,22350,,N,C,C,A,A,H,-,A,D,0,,,Y,,Y,,C,02,1,0,0,0,0,0,0,0,1,"- ","- ",33.379249572753906,-117.22776031494141,"SAN DIEGO",UNINCORPORATED,-117.22776031494141,33.379249572753906
90737433,2018,2018-05-30,9680,2018-04-11,1520,017621,,3,2,9,3700,0,2,4,,1,096,"DYE ROAD",SR-67,2215.00,E,N,A,-,N,,,,,,,,,,Y,1,1,0,1,A,-,01,23152,A,N,E,I,A,A,H,-,A,A,0,,,,,Y,Y,D,22,0,0,0,0,0,0,0,0,0,"- ","- ",33.008468627929688,-116.90380859375,"SAN DIEGO",UNINCORPORATED,-116.90380859375,33.008468627929688
90739297,2018,2018-06-01,9650,2018-05-28,1432,016516,,1,2,9,3700,0,1,3,,1,028,SR-76,"PAUMA VALLEY DR",1500.00,W,N,A,-,Y,,,76,,,,,,,Y,2,0,1,1,A,-,01,23152,F,M,F,A,A,A,H,-,A,D,0,,,,,Y,,A,07,1,0,0,0,0,0,0,0,0,"- ","- ",33.305759429931641,-116.98094940185547,"SAN DIEGO",UNINCORPORATED,-116.98088073730469,33.305831909179688
90739710,2018,2018-11-21,9650,2018-03-27,0150,021933,,2,3,5,3712,0,1,3,,2,019,"SR-78 W/B","WOODLAND PKY",821.00,W,N,A,-,Y,,,78,,,,,,W,Y,1,1,1,1,A,-,01,23152,A,N,E,I,A,A,D,H,C,D,0,,,,,Y,Y,A,01,1,0,0,0,0,0,0,0,0,"- ","- ",33.139591217041016,-117.14366149902344,"SAN DIEGO","SAN MARCOS",-117.1436767578125,33.13946533203125
9074128,2020,2020-06-12,3700,2020-02-09,0627,7710,,7,5,5,3782,0,0,0,,0,230,"RANCHO SANTE FE DR","LONE JACK RD",0.00,,Y,B,-,N,,,,,,,,,,Y,2,0,1,2,A,-,01,23153,A,N,-,C,A,A,H,-,B,A,0,,,Y,,Y,Y,A,07,1,0,0,0,0,0,0,0,1,"- ","- ",,,"SAN DIEGO",ENCINITAS,-117.23265075683594,33.052158355712891
90742599,2018,2018-06-06,9680,2018-05-26,1545,021859,,6,2,9,3700,0,3,5,,2,002,"MT. HELIX DR.","HALO CIRCLE",528.00,N,N,A,-,N,,,,,,,,,,N,2,0,1,2,A,-,03,22350,,N,B,E,A,A,H,-,A,D,0,,Y,,,Y,,L,04,1,0,0,0,0,0,1,0,0,"- ","- ",32.767398834228516,-116.98429107666016,"SAN DIEGO",UNINCORPORATED,-116.98439025878906,32.767066955566406
90742658,2018,2018-06-06,9650,2018-04-25,0602,017743,,3,1,9,3700,0,2,4,,2,061,"E. MISSION ROAD","MACADAMIA DR",149.00,W,N,E,-,N,,,,,,,,,,Y,2,0,1,2,A,-,05,21460,A,N,A,C,A,A,H,-,B,D,0,,,Y,,Y,,A,01,1,0,0,0,0,0,0,0,1,"- ","- ",33.394390106201172,-117.20664215087891,"SAN DIEGO",UNINCORPORATED,-117.20540618896484,33.394748687744141
9074277,2020,2020-08-18,3709,2020-03-27,1520,NC0514,,5,5,5,3709,0,0,0,,0,020,"ROOSEVELT AV","W 3RD ST",0.00,,Y,A,-,N,,,,,,,,,,N,2,0,1,2,A,-,09,21801,A,N,D,C,A,A,H,-,A,D,0,,,,,Y,,A,01,1,0,0,0,0,0,0,0,0,"- ","- ",,,"SAN DIEGO","NATIONAL CITY",-117.10962677001953,32.6798095703125
9074349,2020,2020-07-15,3709,2020-03-06,0727,NC0526,,5,5,5,3709,0,0,0,,0,020,"NATIONAL CITY BL","EAST 2ND ST",0.00,,Y,B,-,N,,,,,,,,,,Y,2,0,1,2,A,-,06,21760,,N,C,G,A,A,H,-,A,D,0,,Y,,,Y,Y,A,01,1,0,0,0,0,0,1,0,0,"- ","- ",,,"SAN DIEGO","NATIONAL CITY",-117.10894775390625,32.680988311767578
90748918,2018,2018-06-15,9650,2018-06-02,2234,020747,,6,3,9,3700,0,3,5,,2,070,"AVENIDA MARAVILLAS","LA GRANADA",1630.00,S,N,A,-,N,,,,,,,,,,Y,2,0,3,1,A,-,08,22107,,F,E,I,A,A,H,-,D,D,0,,,,,Y,,A,01,1,2,0,0,0,0,0,0,0,"- ","- ",33.021419525146484,-117.27635192871094,"SAN DIEGO",UNINCORPORATED,-117.22590637207031,33.021217346191406
90749519,2018,2018-06-18,9650,2018-06-09,1940,021200,,6,2,9,3700,0,1,1,,2,003,"I-5 S/B","COCKLEBURR ROAD",5000.00,S,N,A,-,Y,,,,,,,,,,Y,2,0,2,1,A,-,01,23152,A,N,F,A,A,A,H,-,B,D,0,,,,,Y,Y,A,01,1,0,1,0,0,0,0,0,0,"- ","- ",33.245079040527344,-117.41532135009766,"SAN DIEGO",UNINCORPORATED,-117.41502380371094,33.241775512695312
90749859,2018,2018-06-18,9645,2018-05-27,2130,021600,,7,2,7,3711,0,1,1,,2,007,"I-5 N/B (BY PASS)","CARMEL MTN RD.",673.00,N,N,A,-,Y,,,5,,,,,,N,Y,2,0,1,1,A,-,01,23152,A,N,E,I,A,A,H,-,D,D,0,,,,,Y,Y,A,01,1,0,0,0,0,0,0,0,0,"- ","- ",32.919319152832031,-117.23584747314453,"SAN DIEGO","SAN DIEGO",-117.23587799072266,32.919288635253906
90750396,2018,2018-06-18,9680,2018-06-10,0025,021764,,7,3,9,3700,0,1,1,,2,082,"I-8 E/B","LOS COCHES RD",2112.00,W,N,A,-,Y,,,8,,,,,,E,Y,2,0,1,2,A,-,01,23152,A,N,E,I,A,A,H,-,D,D,0,,,,,Y,Y,D,22,1,0,0,0,0,0,0,0,0,"- ","- ",32.822578430175781,-116.90830993652344,"SAN DIEGO",UNINCORPORATED,-116.90828704833984,32.822559356689453
90751534,2018,2019-07-15,9680,2018-06-12,1440,021584,,2,2,9,3700,0,1,3,,1,052,"STATE ROUTE 78","STATE ROUTE 79",29.00,E,N,A,-,Y,,,78,,,,,,,Y,1,1,3,3,A,-,05,21460,A,N,A,C,A,A,H,-,A,D,0,,,,,Y,,D,22,0,1,2,0,0,0,0,0,0,"- ","- ",33.109260559082031,-116.67371368408203,"SAN DIEGO",UNINCORPORATED,-116.67371368408203,33.109268188476562
90752744,2018,2018-06-21,9645,2018-06-12,1914,017667,,2,2,7,3711,0,1,3,,2,025,"SR-163 N/B","KEARNY VILLA RD.",100.00,S,N,A,-,Y,,,163,,,,,,N,Y,2,0,1,1,A,-,08,22107,,N,E,I,A,A,H,-,C,D,0,,,,,Y,,A,01,1,0,0,0,0,0,0,0,0,"- ","- ",32.850551605224609,-117.12452697753906,"SAN DIEGO","SAN DIEGO",-117.12476348876953,32.850753784179688
90753602,2018,2018-06-22,9645,2018-06-15,1228,016766,,5,1,7,3711,0,1,1,,2,017,"I-15 S/B","RANCHO PENASQUITIOS BLVD",230.00,S,N,A,-,Y,,,,,,,,,,Y,2,0,1,2,A,-,11,21954,A,N,G,B,E,A,H,-,A,D,0,Y,,,,Y,,N,60,1,0,0,0,1,0,0,0,0,"- ","- ",32.948501586914062,-117.10706329345703,"SAN DIEGO","SAN DIEGO",,
90755350,2018,2018-06-25,9650,2018-06-19,1015,013570,,2,1,6,3710,0,1,3,,2,015,"SR-78 W/B","COLLEGE BLVD",500.00,E,N,A,-,Y,,,78,,,,,,W,Y,2,0,1,2,A,-,08,22107,,N,B,C,A,A,H,-,A,D,0,,,,Y,Y,,A,01,1,0,0,0,0,0,0,0,0,"- ","- ",33.183338165283203,-117.29470825195312,"SAN DIEGO",OCEANSIDE,-117.29470825195312,33.183322906494141
90756145,2018,2018-06-26,9645,2018-06-16,1645,020066,,6,2,7,3711,0,1,1,,2,015,"I-805 N/B TO SORRENTO VALLEY ROAD","VIA SORRENTO PARKWAY",207.00,S,N,B,-,Y,,,805,,,,R,,N,Y,2,0,1,1,A,-,08,22107,,N,E,I,A,A,H,-,A,D,0,,,Y,,Y,,C,02,1,0,0,0,0,0,0,0,1,"- ","- ",32.891761779785156,-117.20684051513672,"SAN DIEGO","SAN DIEGO",-117.20684051513672,32.891761779785156