CASE_ID,ACCIDENT_YEAR,PROC_DATE,JURIS,COLLISION_DATE,COLLISION_TIME,OFFICER_ID,REPORTING_DISTRICT,DAY_OF_WEEK,CHP_SHIFT,POPULATION,CNTY_CITY_LOC,SPECIAL_COND,BEAT_TYPE,CHP_BEAT_TYPE,CITY_DIVISION_LAPD,CHP_BEAT_CLASS,BEAT_NUMBER,PRIMARY_RD,SECONDARY_RD,DISTANCE,DIRECTION,INTERSECTION,WEATHER_1,WEATHER_2,STATE_HWY_IND,CALTRANS_COUNTY,CALTRANS_DISTRICT,STATE_ROUTE,ROUTE_SUFFIX,POSTMILE_PREFIX,POSTMILE,LOCATION_TYPE,RAMP_INTERSECTION,SIDE_OF_HWY,TOW_AWAY,COLLISION_SEVERITY,NUMBER_KILLED,NUMBER_INJURED,PARTY_COUNT,PRIMARY_COLL_FACTOR,PCF_CODE_OF_VIOL,PCF_VIOL_CATEGORY,PCF_VIOLATION,PCF_VIOL_SUBSECTION,HIT_AND_RUN,TYPE_OF_COLLISION,MVIW,PED_ACTION,ROAD_SURFACE,ROAD_COND_1,ROAD_COND_2,LIGHTING,CONTROL_DEVICE,CHP_ROAD_TYPE,PEDESTRIAN_ACCIDENT,BICYCLE_ACCIDENT,MOTORCYCLE_ACCIDENT,TRUCK_ACCIDENT,NOT_PRIVATE_PROPERTY,ALCOHOL_INVOLVED,STWD_VEHTYPE_AT_FAULT,CHP_VEHTYPE_AT_FAULT,COUNT_SEVERE_INJ,COUNT_VISIBLE_INJ,COUNT_COMPLAINT_PAIN,COUNT_PED_KILLED,COUNT_PED_INJURED,COUNT_BICYCLIST_KILLED,COUNT_BICYCLIST_INJURED,COUNT_MC_KILLED,COUNT_MC_INJURED,PRIMARY_RAMP,SECONDARY_RAMP,LATITUDE,LONGITUDE,COUNTY,CITY,POINT_X,POINT_Y
90756199,2018,2018-06-26,9650,2018-06-18,0254,021698,,1,3,9,3700,0,1,1,,2,021,"I-15 S/B","DEER SPRINGS RD",528.00,N,N,A,-,Y,,,15,,,,,,S,Y,2,0,1,2,A,-,03,22350,,N,C,C,A,A,H,-,D,D,0,,,,,Y,,A,01,1,0,0,0,0,0,0,0,0,"- ","- ",33.198989868164062,-117.12686157226562,"SAN DIEGO",UNINCORPORATED,-117.12691497802734,33.198959350585938
9075946,2020,2020-05-19,3705,2020-02-25,1532,0403,,2,5,5,3705,0,0,0,,0,004,"EMERALD AV","LAGUNA AV",113.00,N,N,A,-,N,,,,,,,,,,Y,2,0,1,1,A,-,03,22350,,N,E,I,A,A,H,-,A,D,0,,Y,,,Y,,L,04,1,0,0,0,0,0,1,0,0,"- ","- ",,,"SAN DIEGO","EL CAJON",-116.96875762939453,32.779438018798828
9075958,2020,2020-05-19,3705,2020-02-18,2036,0407,,2,5,5,3705,0,0,0,,0,004,MAGNOLIA,WASHINGTON,0.00,,Y,A,-,N,,,,,,,,,,Y,2,0,1,2,A,-,00,21990,B,N,G,B,B,A,H,-,C,A,0,Y,,,,Y,,N,60,1,0,0,0,1,0,0,0,0,"- ","- ",,,"SAN DIEGO","EL CAJON",-116.96230316162109,32.78765869140625
90760041,2018,2018-06-29,9650,2018-06-24,1521,021327,,7,2,3,3783,0,1,1,,2,007,"I-5 S/B","VIA DE LA VALLE",3880.00,N,N,A,-,Y,,,,,,,,,,Y,2,0,3,3,A,-,01,23152,A,N,C,C,A,A,H,-,A,D,0,,,,,Y,Y,D,22,1,1,1,0,0,0,0,0,0,"- ","- ",33.980289459228516,-117.25344848632812,"SAN DIEGO","SOLANA BEACH",,
90761207,2018,2018-07-02,9650,2018-06-25,0003,019227,,1,3,5,3701,0,1,1,,2,005,"I-5 N/B","POINSETTIA LN",2112.00,N,N,A,B,Y,,,5,,,,,,N,Y,2,0,1,1,A,-,01,23152,A,N,F,A,A,A,H,-,C,D,0,,,,,Y,Y,A,01,1,0,0,0,0,0,0,0,0,"- ","- ",33.108528137207031,-117.31362915039062,"SAN DIEGO",CARLSBAD,-117.31370544433594,33.108486175537109
90761986,2018,2018-07-03,9645,2018-06-21,1745,016864,,4,2,7,3711,0,1,1,,2,015,"I-805 S/B","GOVERNOR DRIVE",1848.00,N,N,B,-,Y,,,805,,,,,,S,Y,2,0,1,3,A,-,07,21658,A,N,C,C,A,A,H,-,A,D,0,,,Y,,Y,,C,02,1,0,0,0,0,0,0,0,1,"- ","- ",32.862369537353516,-117.18824005126953,"SAN DIEGO","SAN DIEGO",-117.18814086914062,32.862461090087891
90762864,2018,2018-08-24,9645,2018-03-10,0155,021731,,6,3,7,3711,0,1,1,,2,009,"I-805 S/B TO SR-905 W/B","I-805 S/B",494.00,W,N,A,-,Y,,,805,,,,R,,S,Y,1,1,0,1,A,-,01,23152,A,N,E,I,A,A,H,-,D,D,0,,,,,Y,Y,A,01,0,0,0,0,0,0,0,0,0,"- ","- ",32.569271087646484,-117.04212951660156,"SAN DIEGO","SAN DIEGO",-117.04212951660156,32.569271087646484
90762982,2018,2018-07-05,9645,2018-04-28,0033,021231,,6,3,7,3711,0,1,1,,2,027,"I-15 S/B","BALBOA AVE.",2000.00,N,N,A,-,Y,,,15,,,,,,S,Y,2,0,3,2,A,-,01,23152,A,N,C,C,A,A,H,-,C,D,0,,,,,Y,Y,A,01,2,1,0,0,0,0,0,0,0,"- ","- ",32.829479217529297,-117.11820220947266,"SAN DIEGO","SAN DIEGO",-117.11824035644531,32.829471588134766
90763421,2018,2018-07-05,9650,2018-06-29,2245,020254,,5,3,3,3783,0,1,1,,2,007,"I-5 N/B","VIA DE LA VALLE",2570.00,N,N,A,-,Y,,,5,,,,,,N,Y,2,0,2,3,A,-,01,23152,A,N,C,E,A,A,H,-,D,D,0,,,,,Y,Y,A,01,1,1,0,0,0,0,0,0,0,"- ","- ",32.986991882324219,-117.25492858886719,"SAN DIEGO","SOLANA BEACH",-117.25506591796875,32.986968994140625
90765309,2018,2018-07-09,9680,2018-06-30,2350,017460,,6,3,9,3700,0,2,4,,1,061,"OLD HIGHWAY 80","CARIZZO GORGE RD",16.00,W,N,A,-,N,,,,,,,,,,Y,2,0,2,1,A,-,01,23152,A,N,E,I,A,A,H,-,D,A,0,,,,,Y,Y,A,01,1,1,0,0,0,0,0,0,0,"- ","- ",32.620830535888672,-116.15805816650391,"SAN DIEGO",UNINCORPORATED,-116.15843963623047,32.620948791503906
90766987,2018,2018-07-11,9680,2018-07-02,0910,021584,,1,1,9,3700,0,1,3,,1,051,"STATE ROUTE 79","YAQUI DR",300.00,N,N,A,-,Y,,,79,,,,,,,Y,2,0,2,1,A,-,08,22107,,N,E,I,A,A,H,-,A,A,0,,,Y,,Y,,C,02,1,1,0,0,0,0,0,0,2,"- ","- ",32.990730285644531,-116.57911682128906,"SAN DIEGO",UNINCORPORATED,-116.57916259765625,32.990779876708984
90769344,2018,2018-07-16,9650,2018-07-09,2154,019766,,1,2,5,3701,0,1,1,,2,005,"I-5 SOUTHBOUND","TAMARACK AVE",1380.00,S,N,B,-,Y,,,5,,,,,,S,Y,2,0,1,1,A,-,08,22107,,N,E,I,A,B,H,-,D,D,0,,,,,Y,,A,01,1,0,0,0,0,0,0,0,0,"- ","- ",33.146610260009766,-117.333740234375,"SAN DIEGO",CARLSBAD,-117.33389282226562,33.146598815917969
90769780,2018,2018-07-25,9680,2018-07-04,1235,017717,,3,1,9,3700,0,3,5,,2,002,"LYONS VALLEY RD","SKYLINE TRUCK TRAIL SPUR",129.00,E,N,A,-,N,,,,,,,,,,Y,2,0,2,2,A,-,09,21801,A,N,D,C,A,A,H,-,A,D,0,,,Y,,Y,,D,22,1,1,0,0,0,0,0,0,2,"- ","- ",32.713699340820312,-116.75531768798828,"SAN DIEGO",UNINCORPORATED,-116.75505828857422,32.713539123535156
90771832,2018,2018-07-18,9680,2018-07-08,1230,021584,,7,1,9,3700,0,1,3,,1,051,"STATE ROUTE 79","YAQUI DR",1056.00,N,N,A,-,Y,,,79,,,,,,,Y,2,0,1,1,A,-,08,22107,,N,E,I,A,A,H,-,A,A,0,,,Y,,Y,,C,02,1,0,0,0,0,0,0,0,1,"- ","- ",32.991119384765625,-116.57573699951172,"SAN DIEGO",UNINCORPORATED,-116.57578277587891,32.991161346435547
90774108,2018,2018-07-23,9650,2018-07-14,1710,021992,,6,2,9,3700,0,3,5,,2,191,"HARMONY GROVE RD","QUESTHAVEN RD",0.00,,Y,A,-,N,,,,,,,,,,Y,2,0,1,2,A,-,09,21801,A,N,A,C,A,A,H,-,A,D,0,,,Y,,Y,,A,01,1,0,0,0,0,0,0,0,1,"- ","- ",33.073799133300781,-117.16400146484375,"SAN DIEGO",UNINCORPORATED,-117.16399383544922,33.073680877685547
90775024,2018,2018-07-23,9650,2018-07-15,1420,021992,,7,2,9,3700,0,1,1,,2,007,"I-5 N/B","SANTA FE DRIVE",1056.00,S,N,A,-,Y,,,,,,,,,,Y,2,0,1,1,C,-,18,,,N,H,A,A,A,G,-,A,D,0,,,Y,,Y,,-,"- ",1,0,0,0,0,0,0,0,1,"- ","- ",33.032001495361328,-117.2781982421875,"SAN DIEGO",UNINCORPORATED,-117.27958679199219,33.033718109130859
90775347,2018,2018-07-24,9680,2018-07-12,1055,015962,,4,1,9,3700,0,3,5,,2,001,"QUAIL CANYON RD","PALOMINO RIDGE DR",1584.00,N,N,A,-,N,,,,,,,,,,Y,2,0,1,2,A,-,08,22107,,N,A,E,A,A,H,-,A,D,0,,,,,Y,,A,07,1,0,0,0,0,0,0,0,0,"- ","- ",32.860038757324219,-116.87413787841797,"SAN DIEGO",UNINCORPORATED,-116.87443542480469,32.859664916992188
90778784,2017,2018-07-27,9680,2017-08-02,1431,019998,,3,2,5,3708,0,1,3,,2,028,"INTERSTATE 8 W/B TO STATE ROUTE 125 S/B","GROSSMONT BOULEVARD",462.00,N,N,A,-,Y,,,,,,,,,,Y,1,2,6,3,A,-,08,22107,,N,E,I,A,A,H,-,A,D,0,,,,Y,Y,,G,25,1,3,2,0,0,0,0,0,0,"- ","- ",32.77467,-117.00275999999999,"SAN DIEGO","LA MESA",-116.99039999999999,32.779179999999997
9077896,2020,2020-08-31,3703,2020-04-04,0900,1390,,6,5,3,3703,0,0,0,,0,003,"RT 75","S TULAGI RD",1795.00,S,N,B,-,Y,SD,11,75,-,-,17.160,H,-,N,N,2,0,1,1,A,-,08,22107,,N,F,G,A,A,H,-,A,D,0,,Y,,,Y,,L,04,1,0,0,0,0,0,1,0,0,"- ","- ",,,"SAN DIEGO",CORONADO,-117.16092681884766,32.666683197021484
9078037,2020,2020-06-10,3711,2020-03-11,1152,SD5600,,3,5,7,3711,0,0,0,,0,826,"ESTRELLA AV","EL CAJON BL",0.00,,Y,A,-,N,,,,,,,,,,Y,2,0,3,2,A,-,09,21802,A,N,D,C,A,A,H,-,A,A,0,,,Y,,Y,,A,08,1,0,2,0,0,0,0,0,1,"- ","- ",,,"SAN DIEGO","SAN DIEGO",-117.09004211425781,32.756351470947266
90781038,2018,2018-07-31,9680,2018-05-01,0730,017717,,2,1,9,3700,0,1,3,,1,023,"STATE ROUTE 94 WESTBOUND","KENWOOD DRIVE",1140.00,W,N,B,-,Y,,,94,,,,,,W,Y,1,1,2,2,A,-,07,21658,A,N,F,A,A,A,H,-,A,D,0,,,,,Y,,A,01,0,1,1,0,0,0,0,0,0,"- ","- ",32.747898101806641,-116.99323272705078,"SAN DIEGO",UNINCORPORATED,-116.99317169189453,32.748054504394531
90782470,2018,2018-08-01,9680,2018-07-22,0810,017996,,7,1,9,3700,0,1,3,,1,040,SR-94,SR-188,131.00,E,N,A,-,Y,,,94,,,,,,,Y,2,0,1,1,A,-,03,22350,,N,E,I,A,A,H,-,A,D,0,,,Y,,Y,,C,02,1,0,0,0,0,0,0,0,1,"- ","- ",32.598400115966797,-116.64309692382812,"SAN DIEGO",UNINCORPORATED,-116.64317321777344,32.598392486572266
90782899,2018,2018-08-14,9645,2018-07-17,1707,018095,,2,2,7,3711,0,1,1,,2,015,"I-805 S/B","LA JOLLA VILLAGE DR.",600.00,S,N,A,-,Y,,,805,,,,,,S,Y,2,0,1,2,A,-,07,21658,A,N,C,C,A,A,H,-,A,D,0,,,Y,,Y,,A,01,1,0,0,0,0,0,0,0,1,"- ","- ",32.871150970458984,-117.19635009765625,"SAN DIEGO","SAN DIEGO",-117.19641876220703,32.871078491210938
90783358,2018,2018-08-22,9680,2018-07-23,1130,017460,,1,1,9,3700,0,1,1,,2,086,"INTERSTATE 8 EASTBOUND","CANEBRAKE ROAD",95.00,W,N,A,-,Y,,,8,,,,,,E,Y,1,1,1,1,A,-,08,22107,,N,E,I,A,A,H,-,A,D,0,,,,,Y,,M,47,1,0,0,0,0,0,0,0,0,"- ","- ",32.700321197509766,-116.32518768310547,"SAN DIEGO",UNINCORPORATED,-116.32518005371094,32.700401306152344
90784836,2018,2018-08-06,9680,2018-07-21,1805,021441,,6,2,5,3705,0,1,1,,2,082,"INTERSTATE 8 EASTBOUND","MOLLISON AVENUE",705.00,W,N,A,-,Y,,,8,,,,,,E,Y,2,0,9,3,A,-,03,22350,,N,C,C,A,A,H,-,A,D,0,,,,,Y,,A,07,2,3,4,0,0,0,0,0,0,"- ","- ",32.802898406982422,-116.95420074462891,"SAN DIEGO","EL CAJON",-116.95420074462891,32.802932739257812
90785146,2018,2018-08-06,9650,2018-08-02,1020,018840,,4,1,9,3700,0,1,1,,2,022,"I-15 N/B","RAINBOW GLEN RD",3600.00,N,N,A,-,Y,,,15,,,,,,N,Y,2,0,1,1,A,-,01,23152,F,N,F,A,A,A,H,-,A,D,0,,,,,Y,,A,07,1,0,0,0,0,0,0,0,0,"- ","- ",33.415328979492188,-117.15776824951172,"SAN DIEGO",UNINCORPORATED,-117.15809631347656,33.415569305419922
90787088,2018,2018-08-08,9680,2018-07-29,0500,021764,,7,3,9,3700,0,3,5,,2,002,"CHASE AVE","BERNITA RD",255.00,N,N,A,-,N,,,,,,,,,,Y,2,0,1,1,A,-,01,23152,G,N,E,I,A,A,H,-,D,D,0,,,,,Y,Y,A,01,1,0,0,0,0,0,0,0,0,"- ","- ",32.774509429931641,-116.94216156005859,"SAN DIEGO",UNINCORPORATED,-116.94213104248047,32.774520874023438
90787630,2018,2018-08-09,9680,2018-08-02,1445,019910,,4,2,9,3700,0,1,3,,1,041,SR-188,SR-94,395.00,S,N,A,-,Y,,,188,,,,,,,Y,2,0,1,1,A,-,08,22107,,N,F,A,A,A,H,-,A,D,0,,,,,Y,,A,07,1,0,0,0,0,0,0,0,0,"- ","- ",32.597751617431641,-116.64195251464844,"SAN DIEGO",UNINCORPORATED,-116.64196014404297,32.597740173339844
90788360,2018,2018-08-10,9650,2018-07-29,0010,019308,,7,3,6,3710,0,1,3,,2,015,"SR-78 W/B","JEFFERSON ST",1200.00,W,N,A,-,Y,,,78,,,,,,W,Y,2,0,1,1,A,-,08,22107,,F,E,I,A,A,H,-,D,D,0,,,,,Y,,A,01,1,0,0,0,0,0,0,0,0,"- ","- ",33.181049346923828,-117.34410095214844,"SAN DIEGO",OCEANSIDE,-117.34407043457031,33.180923461914062
90790187,2018,2019-11-13,9645,2018-05-17,1332,018428,,4,1,7,3711,0,1,1,,2,010,"INTERSTATE-8 WESTBOUND","WARING ROAD",180.00,W,N,A,-,Y,,,8,,,,,,W,Y,1,1,3,2,A,-,03,22350,,F,B,C,A,A,H,-,A,D,0,,,,,Y,,A,01,1,2,0,0,0,0,0,0,0,"- ","- ",32.780830383300781,-117.09069061279297,"SAN DIEGO","SAN DIEGO",-117.09069061279297,32.78082275390625
90794851,2018,2018-08-21,9680,2018-08-11,0610,015410,,6,1,9,3700,0,1,1,,2,085,"I-8 E/B",SR-79,1141.00,E,N,A,-,Y,,,8,,,,,,E,Y,2,0,1,1,A,-,05,21650,,N,E,I,A,A,H,-,A,D,0,,,,,Y,,A,01,1,0,0,0,0,0,0,0,0,"- ","- ",32.824329376220703,-116.62210083007812,"SAN DIEGO",UNINCORPORATED,-116.62204742431641,32.824428558349609
90795436,2018,2018-08-22,9645,2018-07-10,0111,019410,,2,3,3,3703,0,1,3,,1,004,"SR-75 W/B","GLORIETTA BLVD.",575.00,E,N,B,-,Y,,,,,,,,,,Y,2,0,2,1,A,-,01,23152,A,N,E,I,A,A,H,-,C,A,0,,,,,Y,Y,A,01,1,1,0,0,0,0,0,0,0,"- ","- ",32.690959930419922,-117.16676330566406,"SAN DIEGO",CORONADO,-117.16677189000001,32.690945820000003
90798008,2018,2018-08-27,9645,2018-08-14,2243,017671,,2,3,7,3711,0,1,1,,2,019,"I-15 SOUTHBOUND","POWAY ROAD",750.00,S,N,A,-,Y,,,15,,,,,,S,Y,2,0,1,1,A,-,08,22107,,N,F,A,A,A,D,-,C,A,0,,,Y,,Y,,C,02,1,0,0,0,0,0,0,0,1,"- ","- ",32.946010589599609,-117.10781860351562,"SAN DIEGO","SAN DIEGO",-117.10762786865234,32.945877075195312
90799886,2018,2018-08-28,9680,2018-08-18,0643,015962,,6,1,9,3700,0,1,1,,2,083,"I-8 W/B","OLDE HIGHWAY 80",1584.00,E,N,A,-,Y,,,8,,,,,,W,Y,2,0,1,1,A,-,08,22107,,N,E,I,A,A,H,-,A,D,0,,,,,Y,,A,07,1,0,0,0,0,0,0,0,0,"- ","- ",32.8531494140625,-116.84861755371094,"SAN DIEGO",UNINCORPORATED,-116.84861755371094,32.853168487548828
90800001,2018,2018-08-28,9645,2018-08-17,1005,017139,,5,1,7,3711,0,1,3,,2,002,"SR-905 W/B","LA MEDIA RD",30.00,W,N,A,-,Y,,,905,,,,,,W,Y,2,0,1,1,A,-,08,22107,,N,E,I,A,A,H,-,A,D,0,,,,,Y,,A,01,1,0,0,0,0,0,0,0,0,"- ","- ",32.564449310302734,-116.96324157714844,"SAN DIEGO","SAN DIEGO",-116.96324157714844,32.564350128173828
90802138,2018,2018-08-30,9680,2018-08-21,1930,020625,,2,2,9,3700,0,2,4,,1,025,"TROY ST","SWEETWATER RD",0.00,,Y,A,-,N,,,,,,,,,,Y,2,0,2,2,A,-,12,21453,A,N,D,C,A,A,H,-,C,A,0,,,,,Y,Y,A,01,1,1,0,0,0,0,0,0,0,"- ","- ",32.736728668212891,-117.01454925537109,"SAN DIEGO",UNINCORPORATED,-117.01447296142578,32.736679077148438
90804858,2018,2018-09-04,9645,2018-07-19,0146,020561,,4,3,5,3709,0,1,1,,2,001,"I-5 S/B","MAIN ST.",715.00,S,N,A,-,Y,,,,,,,,,,Y,2,0,1,2,A,-,01,23152,A,N,C,C,A,A,H,-,D,D,0,,,,,Y,Y,A,07,1,0,0,0,0,0,0,0,0,"- ","- ",32.672958374023438,-117.10681915283203,"SAN DIEGO","NATIONAL CITY",-117.11070119999999,32.680888070000002
90805087,2018,2018-09-18,9680,2018-08-24,0850,021584,,5,1,9,3700,0,1,3,,1,052,"STATE ROUTE 78","WYNOLA ROAD",10560.00,E,N,A,-,Y,,,78,,,,,,,Y,2,0,1,1,A,-,08,22107,,N,F,A,A,A,H,-,A,D,0,,,Y,,Y,,C,02,1,0,0,0,0,0,0,0,1,"- ","- ",33.072208404541016,-116.71936798095703,"SAN DIEGO",UNINCORPORATED,-116.71937561035156,33.072212219238281
9080654,2020,2020-06-22,3709,2020-02-22,1405,NC0500,,6,5,5,3709,0,0,0,,0,023,"PLAZA BONITA RD","SWEETWATER RD",2112.00,S,N,B,-,N,,,,,,,,,,Y,2,0,3,2,A,-,09,21804,A,N,A,C,A,B,H,-,A,D,0,,,,,Y,,A,01,1,2,0,0,0,0,0,0,0,"- ","- ",,,"SAN DIEGO","NATIONAL CITY",-117.06805419921875,32.655963897705078
9080662,2020,2020-05-26,3709,2020-02-23,1345,NC0521,,7,5,5,3709,0,0,0,,0,021,"EAST 8TH ST","K AV",0.00,,Y,A,-,N,,,,,,,,,,Y,2,0,1,2,A,-,10,21950,A,N,G,B,B,A,H,-,A,A,0,Y,,,,Y,,A,07,1,0,0,0,1,0,0,0,0,"- ","- ",,,"SAN DIEGO","NATIONAL CITY",-117.09565734863281,32.678981781005859
90810159,2018,2018-09-11,9645,2018-07-27,1008,016409,,5,1,7,3711,0,1,1,,2,017,"I-15 N/B","SABRE SPRINGS DAR",1056.00,S,N,A,-,Y,,,15,,,,,,N,Y,2,0,1,2,A,-,03,22350,,N,C,C,A,A,H,-,A,D,0,,,Y,,Y,,C,02,1,0,0,0,0,0,0,0,1,"- ","- ",32.959030151367188,-117.09870147705078,"SAN DIEGO","SAN DIEGO",-117.09861755371094,32.958976745605469
90810226,2018,2018-09-11,9645,2018-08-29,1630,016137,,3,2,7,3711,0,1,3,,2,020,"SR-56 EASTBOUND","CARMEL VALLEY RD O/C",300.00,E,N,A,-,Y,,,56,,,,,,E,Y,2,0,1,3,A,-,07,21658,A,N,B,C,A,A,H,-,A,D,0,,,,,Y,,A,01,1,0,0,0,0,0,0,0,0,"- ","- ",32.954498291015625,-117.18789672851562,"SAN DIEGO","SAN DIEGO",-117.18798065185547,32.954635620117188
90811386,2018,2018-09-12,9645,2018-08-30,1735,016137,,4,2,7,3711,0,1,3,,2,020,"SR-56 EASTBOUND","CARMEL CREEK RD O/C",100.00,E,N,A,-,Y,,,56,,,,,,E,Y,2,0,1,4,A,-,07,21658,A,N,B,C,A,A,H,-,A,D,0,,,Y,,Y,,A,01,1,0,0,0,0,0,0,0,1,"- ","- ",32.938999176025391,-117.22350311279297,"SAN DIEGO","SAN DIEGO",-117.22344970703125,32.938899993896484
90811455,2018,2018-09-12,9650,2018-09-09,1551,016516,,7,2,9,3700,0,3,5,,1,212,"LILAC CREST","LILAC VISTA DR",1056.00,N,N,A,-,N,,,,,,,,,,N,2,0,1,1,A,-,08,22107,,N,F,A,A,A,H,-,A,D,0,,,Y,,Y,,C,02,1,0,0,0,0,0,0,0,1,"- ","- ",33.280101776123047,-117.08380889892578,"SAN DIEGO",UNINCORPORATED,-117.08357238769531,33.279136657714844
9081234,2020,2020-09-22,3711,2020-03-15,0129,SD7961,,7,5,7,3711,0,0,0,,0,713,"OTAY MESA RD","S 125",0.00,,Y,B,-,Y,SD,11,125,-,L,1.063,R,4,S,Y,2,0,1,1,D,-,00,,,N,F,J,A,A,H,-,C,A,0,,,Y,,Y,,-,"- ",1,0,0,0,0,0,0,0,1,"- ","- ",,,"SAN DIEGO","SAN DIEGO",-116.95002746582031,32.56951904296875
90816661,2018,2018-09-26,9645,2018-09-09,2023,013648,,7,2,9,3700,0,3,5,,2,024,"4S RANCH PARKWAY","DEER TRAIL DRIVE",0.00,,Y,A,-,N,,,,,,,,,,N,2,0,1,2,A,-,10,21950,A,N,G,B,B,A,H,-,C,A,0,Y,,,,Y,,A,01,1,0,0,0,1,0,0,0,0,"- ","- ",32.869380950927734,-117.19486999511719,"SAN DIEGO",UNINCORPORATED,-117.11617279052734,33.007011413574219
90816952,2018,2018-09-19,9650,2018-09-11,1426,015868,,2,2,9,3700,0,1,3,,1,028,"SR-76 (E/B)","OLD HIGHWAY 395",500.00,E,N,A,-,Y,,,76,,,,,,,Y,2,0,3,2,A,-,03,22350,,N,C,C,A,A,H,-,A,D,0,,,,,Y,,A,01,1,1,1,0,0,0,0,0,0,"- ","- ",33.331378936767578,-117.15912628173828,"SAN DIEGO",UNINCORPORATED,-117.15911102294922,33.331363677978516
90817382,2018,2018-09-20,9645,2018-07-18,0407,020301,,3,3,7,3711,0,1,1,,2,009,"INTERSTATE-805 NORTHBOUND","LOGAN AVE",508.00,S,N,A,-,Y,,,805,,,,,,N,Y,1,1,0,2,A,-,11,21954,A,N,G,B,D,A,H,-,C,D,0,Y,,,,Y,,N,60,0,0,0,1,0,0,0,0,0,"- ","- ",32.695831298828125,-117.09503936767578,"SAN DIEGO","SAN DIEGO",-117.09479522705078,32.695835113525391
90821591,2018,2018-09-26,9650,2018-09-15,0218,019308,,6,3,5,3701,0,1,1,,2,005,"I-5 N/B TO CARLSBAD VILLAGE DRIVE","CARLSBAD VILLAGE DR",765.00,S,N,A,-,Y,,,5,,,,R,,N,Y,2,0,3,1,A,-,01,23152,A,N,E,I,A,A,H,-,D,D,0,,,,,Y,Y,A,07,1,1,1,0,0,0,0,0,0,"- ","- ",33.161350250244141,-117.34089660644531,"SAN DIEGO",CARLSBAD,-117.34089660644531,33.161350250244141
90822891,2018,2018-09-27,9645,2018-09-11,0615,016047,,2,1,5,3709,0,1,1,,2,001,"I-5 NORTHBOUND","MILE OF CARS WAY",1500.00,S,N,A,-,Y,,,5,,,,,,N,Y,2,0,1,2,A,-,00,21568,A,N,C,C,A,A,H,-,A,D,0,,,Y,,Y,,A,01,1,0,0,0,0,0,0,0,1,"- ","- ",32.656070709228516,-117.10614013671875,"SAN DIEGO","NATIONAL CITY",-117.10618591308594,32.656051635742188
90824770,2018,2018-09-28,9680,2018-06-17,2500,021501,,7,4,9,3700,0,2,4,,2,073,"BORREGO SPRINGS ROAD","STATE ROUTE 78",4224.00,N,N,A,-,N,,,,,,,,,,Y,1,1,0,1,A,-,01,23152,A,N,F,A,A,A,H,-,D,D,0,,,,,Y,Y,A,01,0,0,0,0,0,0,0,0,0,"- ","- ",33.165359497070312,-116.25636291503906,"SAN DIEGO",UNINCORPORATED,-116.25521850585938,33.164569854736328
90825939,2018,2018-11-02,9650,2018-07-02,1545,017328,,1,2,9,3700,0,1,3,,2,065,"SR-76 W/B","THOROUGHBRED LN",470.00,E,N,A,-,Y,,,76,,,,,,W,Y,1,1,0,2,C,-,18,,,N,C,C,A,A,H,-,A,A,0,,,,,Y,,-,"- ",0,0,0,0,0,0,0,0,0,"- ","- ",33.292350769042969,-117.22429656982422,"SAN DIEGO",UNINCORPORATED,-117.22451782226562,33.292579650878906
90826494,2018,2018-10-02,9680,2018-09-23,1512,021441,,7,2,9,3700,0,3,5,,2,001,"GREENFIELD DR","ORO ST",185.00,E,N,A,-,N,,,,,,,,,,Y,2,0,1,2,A,-,09,21801,A,N,D,C,A,A,H,-,A,D,0,,,Y,,Y,,A,01,1,0,0,0,0,0,0,0,1,"- ","- ",32.813400268554688,-116.93949890136719,"SAN DIEGO",UNINCORPORATED,-116.93958282470703,32.813339233398438
90827623,2018,2018-10-03,9645,2018-09-19,0733,015847,,3,1,7,3711,0,1,3,,2,023,"SR-163 S/B",I-8,30.00,N,N,A,-,Y,,,163,,,,,,S,Y,2,0,1,2,A,-,03,22350,,N,F,A,A,A,D,-,A,D,0,,,Y,,Y,,C,02,1,0,0,0,0,0,0,0,1,"- ","- ",32.762828826904297,-117.16348266601562,"SAN DIEGO","SAN DIEGO",-117.16355895996094,32.762828826904297
90828056,2018,2018-10-03,9680,2018-09-22,1815,022106,,6,2,9,3700,0,3,5,,2,001,"PINO DR","BEECHTREE ST (PRIVATE)",0.00,,Y,A,-,N,,,,,,,,,,N,2,0,1,2,A,-,09,21804,A,N,D,G,A,A,H,-,A,D,0,,Y,,,Y,,L,04,1,0,0,0,0,0,1,0,0,"- ","- ",32.861171722412109,-116.90911865234375,"SAN DIEGO",UNINCORPORATED,-116.90921783447266,32.861530303955078