CASE_ID,ACCIDENT_YEAR,PROC_DATE,JURIS,COLLISION_DATE,COLLISION_TIME,OFFICER_ID,REPORTING_DISTRICT,DAY_OF_WEEK,CHP_SHIFT,POPULATION,CNTY_CITY_LOC,SPECIAL_COND,BEAT_TYPE,CHP_BEAT_TYPE,CITY_DIVISION_LAPD,CHP_BEAT_CLASS,BEAT_NUMBER,PRIMARY_RD,SECONDARY_RD,DISTANCE,DIRECTION,INTERSECTION,WEATHER_1,WEATHER_2,STATE_HWY_IND,CALTRANS_COUNTY,CALTRANS_DISTRICT,STATE_ROUTE,ROUTE_SUFFIX,POSTMILE_PREFIX,POSTMILE,LOCATION_TYPE,RAMP_INTERSECTION,SIDE_OF_HWY,TOW_AWAY,COLLISION_SEVERITY,NUMBER_KILLED,NUMBER_INJURED,PARTY_COUNT,PRIMARY_COLL_FACTOR,PCF_CODE_OF_VIOL,PCF_VIOL_CATEGORY,PCF_VIOLATION,PCF_VIOL_SUBSECTION,HIT_AND_RUN,TYPE_OF_COLLISION,MVIW,PED_ACTION,ROAD_SURFACE,ROAD_COND_1,ROAD_COND_2,LIGHTING,CONTROL_DEVICE,CHP_ROAD_TYPE,PEDESTRIAN_ACCIDENT,BICYCLE_ACCIDENT,MOTORCYCLE_ACCIDENT,TRUCK_ACCIDENT,NOT_PRIVATE_PROPERTY,ALCOHOL_INVOLVED,STWD_VEHTYPE_AT_FAULT,CHP_VEHTYPE_AT_FAULT,COUNT_SEVERE_INJ,COUNT_VISIBLE_INJ,COUNT_COMPLAINT_PAIN,COUNT_PED_KILLED,COUNT_PED_INJURED,COUNT_BICYCLIST_KILLED,COUNT_BICYCLIST_INJURED,COUNT_MC_KILLED,COUNT_MC_INJURED,PRIMARY_RAMP,SECONDARY_RAMP,LATITUDE,LONGITUDE,COUNTY,CITY,POINT_X,POINT_Y
90931155,2019,2019-02-21,9645,2019-02-08,0025,019410,,5,3,7,3711,0,1,1,,2,007,"I-5 NB","GENESEE AVE. O/C",2580.00,S,N,B,-,Y,,,5,,,,,,N,Y,2,0,2,2,A,-,01,23152,A,N,D,C,A,A,D,-,A,D,0,,,,,Y,Y,A,01,1,0,1,0,0,0,0,0,0,"- ","- ",32.880218505859375,-117.22824859619141,"SAN DIEGO","SAN DIEGO",-117.22829437255859,32.880222320556641
90931837,2019,2019-02-22,9645,2019-02-08,0023,021600,,5,3,7,3711,0,1,1,,2,007,"I-5 N/B","VOIGT DR. O/C",750.00,S,N,A,-,Y,,,5,,,,,,N,Y,2,0,2,2,A,-,01,23152,A,N,C,C,A,A,D,-,D,D,0,,,,,Y,Y,A,01,1,1,0,0,0,0,0,0,0,"- ","- ",32.879390716552734,-117.22837066650391,"SAN DIEGO","SAN DIEGO",-117.22837066650391,32.879390716552734
90933839,2019,2019-02-26,9645,2019-02-10,1245,015698,,7,1,6,3702,0,1,1,,2,009,"I-805 SB","TELEGRAPH CANYON RD. UC",150.00,S,N,B,-,Y,,,805,,,,,,S,Y,2,0,2,1,A,-,08,22107,,N,F,A,A,A,H,-,A,D,0,,,Y,,Y,,C,02,1,1,0,0,0,0,0,0,2,"- ","- ",32.626918792724609,-117.04293060302734,"SAN DIEGO","CHULA VISTA",-117.04298400878906,32.626895904541016
9093432,2020,2020-07-23,3710,2020-04-17,1023,OC1211,,5,5,6,3710,0,0,0,,0,018,"DOUGLAS DR","FESTIVAL DR",52.00,S,N,A,-,N,,,,,,,,,,Y,2,0,1,1,A,-,07,21658,A,N,E,I,A,A,H,-,A,A,0,,,Y,,Y,,C,02,1,0,0,0,0,0,0,0,1,"- ","- ",,,"SAN DIEGO",OCEANSIDE,-117.31837463378906,33.252750396728516
90934946,2019,2019-02-27,9645,2019-01-25,1810,014625,,5,2,7,3711,0,2,S,,2,901,"MIRA MESA BOULEVARD EASTBOUND","INTERSTATE 15 SOUTHBOUND (WEST EDGE)",275.00,W,N,A,-,N,,,,,,,,,,Y,2,0,1,1,A,-,03,22350,,N,E,I,A,A,H,-,C,A,0,,,Y,,Y,,C,02,1,0,0,0,0,0,0,0,1,"- ","- ",32.917129516601562,-117.11749267578125,"SAN DIEGO","SAN DIEGO",-117.11709594726562,32.9171142578125
90935529,2019,2020-01-17,9650,2019-01-21,1825,016516,,1,2,9,3700,0,1,3,,2,065,"SR-76 E/B","EAST VISTA WAY",450.00,W,N,A,-,Y,,,76,,,,,,E,Y,1,2,3,4,A,-,03,22350,,N,C,C,A,A,H,-,D,D,0,,,,,Y,,D,22,1,1,1,0,0,0,0,0,0,"- ","- ",33.25653076171875,-117.23867034912109,"SAN DIEGO",UNINCORPORATED,-117.23880767822266,33.256683349609375
90940612,2019,2019-06-26,9645,2019-02-24,2355,021107,,7,3,7,3711,0,1,1,,2,017,"INTERSTATE 15 NORTHBOUND","CARMEL MOUNTAIN ROAD",2875.00,S,N,A,-,Y,,,15,,,,,,N,Y,1,1,6,5,A,-,01,23152,A,N,B,C,A,A,H,-,D,D,0,,,,,Y,Y,A,01,2,1,3,0,0,0,0,0,0,"- ","- ",32.971599578857422,-117.09050750732422,"SAN DIEGO","SAN DIEGO",-117.09071350097656,32.971729278564453
90941045,2019,2019-03-06,9650,2019-03-05,0740,017012,,2,1,9,3700,0,1,1,,2,021,"I-15 S/B","OLD HIGHWAY 395",5280.00,S,N,A,-,Y,,,15,,,,,,S,Y,2,0,1,3,A,-,03,22350,,N,B,C,A,A,H,-,A,D,0,,,Y,Y,Y,,C,02,1,0,0,0,0,0,0,0,1,"- ","- ",33.275569915771484,-117.15464019775391,"SAN DIEGO",UNINCORPORATED,-117.15465545654297,33.275577545166016
90942516,2019,2019-03-08,9645,2019-01-24,1750,016047,,4,2,7,3711,0,1,1,,2,030,"I-15 SOUTHBOUND (HOV LANES)","BERNARDO CENTER DRIVE",700.00,S,N,A,-,Y,,,15,,,,,,S,Y,2,0,1,2,A,-,07,21658,A,F,E,J,A,A,H,-,D,D,0,,,Y,,Y,,-,99,1,0,0,0,0,0,0,0,1,"- ","- ",33.010219573974609,-117.08035278320312,"SAN DIEGO","SAN DIEGO",-117.08039855957031,33.010227203369141
9094263,2020,2020-07-29,3711,2020-04-17,1123,SD7174,,5,5,7,3711,0,0,0,,0,628,"INDIA ST","CHALMERS ST",0.00,,Y,A,-,N,,,,,,,,,,N,2,0,1,2,A,-,05,21650,1,N,D,G,A,A,H,-,A,A,0,,Y,,,Y,,L,04,1,0,0,0,0,0,1,0,0,"- ","- ",,,"SAN DIEGO","SAN DIEGO",-117.17970275878906,32.741519927978516
90942849,2019,2019-03-11,9650,2019-03-04,0203,013890,,1,3,5,3701,0,1,1,,2,005,"I-5 N/B","POINSETTA LN",1640.00,N,N,B,-,Y,,,5,,,,,,N,Y,2,0,2,3,A,-,03,22350,,N,D,C,E,B,C,-,C,D,0,Y,,,,Y,,A,01,1,1,0,0,1,0,0,0,0,"- ","- ",33.107589721679688,-117.31321716308594,"SAN DIEGO",CARLSBAD,-117.31316375732422,33.107624053955078
90943257,2019,2019-03-11,9645,2019-02-03,2245,021359,,7,3,7,3711,0,1,1,,2,005,"I-5 N/B","OLD TOWN AVE",2059.00,N,N,C,-,Y,,,5,,,,,,N,Y,2,0,1,1,A,-,01,23152,A,N,E,I,A,B,H,-,D,D,0,,,,,Y,Y,A,01,1,0,0,0,0,0,0,0,0,"- ","- ",32.751949310302734,-117.19785308837891,"SAN DIEGO","SAN DIEGO",-117.19779205322266,32.752006530761719
90943748,2019,2019-03-11,9680,2019-02-28,2030,020349,,4,2,9,3700,0,2,4,,2,072,S-22,"HENDERSON CANYON RD",40128.00,E,N,A,-,Y,,,,,,,,,,Y,2,0,2,1,A,-,08,22107,,N,E,I,A,A,H,-,D,D,0,,,,,Y,,A,01,2,0,0,0,0,0,0,0,0,"- ","- ",33.292091369628906,-116.17279815673828,"SAN DIEGO",UNINCORPORATED,,
90944988,2019,2019-03-13,9650,2019-03-03,1138,019352,,7,1,6,3710,0,1,1,,2,005,"I-5 S/B FROM MISSION AVE. W/B","MISSION AVE.",105.00,N,N,A,-,Y,,,5,,,,R,,S,Y,2,0,1,1,A,-,08,22107,,N,F,A,A,A,H,-,A,D,0,,,,,Y,,A,08,1,0,0,0,0,0,0,0,0,"- ","- ",33.199771881103516,-117.37374877929688,"SAN DIEGO",OCEANSIDE,-117.37374877929688,33.199771881103516
90945292,2019,2019-03-13,9650,2019-03-01,1401,021463,,5,2,9,3700,0,3,5,,1,212,"LILAC RD","CANDLE WAY",100.00,W,N,A,-,N,,,,,,,,,,Y,2,0,3,3,A,-,08,22107,,N,A,C,A,A,H,-,A,D,0,,,,,Y,,D,22,1,2,0,0,0,0,0,0,0,"- ","- ",33.229881286621094,-117.04387664794922,"SAN DIEGO",UNINCORPORATED,-117.04489898681641,33.230476379394531
9094668,2020,2020-08-10,3711,2020-05-03,1115,SD6329,,7,5,7,3711,0,0,0,,0,931,"SORRENTO VALLEY BL","VISTA SORRENTO PKWY",5250.00,E,N,A,-,N,,,,,,,,,,Y,2,0,1,2,A,-,08,22107,,N,H,G,A,A,H,-,A,D,0,,Y,,,Y,,L,04,1,0,0,0,0,0,1,0,0,"- ","- ",,,"SAN DIEGO","SAN DIEGO",-117.20645141601562,32.906959533691406
9094671,2020,2020-08-10,3711,2020-05-01,1054,SD7174,,5,5,7,3711,0,0,0,,0,113,"FAWN AV","ISLETA AV",0.00,,Y,A,-,N,,,,,,,,,,N,2,0,1,2,A,-,05,21650,,N,B,G,A,A,H,-,A,D,0,,Y,,,Y,,A,01,1,0,0,0,0,0,1,0,0,"- ","- ",,,"SAN DIEGO","SAN DIEGO",-117.22170257568359,32.830310821533203
90948740,2018,2019-06-17,9680,2018-09-27,0625,015410,,4,1,9,3700,0,2,4,,1,013,"WILDCAT CANYON ROAD","WILLOW ROAD",3168.00,N,N,A,-,N,,,,,,,,,,Y,1,2,1,2,A,-,08,22107,,N,A,C,A,A,H,-,B,D,0,,,,,Y,,A,01,1,0,0,0,0,0,0,0,0,"- ","- ",32.881240844726562,-116.90322113037109,"SAN DIEGO",UNINCORPORATED,-116.90337371826172,32.881198883056641
90949927,2019,2019-07-11,9650,2019-01-01,0347,021805,,2,3,9,3700,0,1,3,,2,065,"SR-76  W/B","CALLE DE LA VUELTA",465.00,W,N,A,-,Y,,,76,,,,,,W,Y,1,1,1,3,A,-,01,23152,A,N,A,C,A,A,H,-,D,A,0,,,Y,,Y,Y,A,01,0,1,0,0,0,0,0,1,0,"- ","- ",33.305850982666016,-117.21138000488281,"SAN DIEGO",UNINCORPORATED,-117.21141815185547,33.305896759033203
90949988,2019,2019-03-20,9645,2019-03-09,1225,017717,,6,1,7,3711,0,1,1,,2,011,"I-805 N/B TO I-8 W/B","CAMINO DEL RIO SOUTH",500.00,S,N,B,-,Y,,,805,,,,R,,N,Y,2,0,1,2,A,-,08,22107,,N,C,C,A,A,H,-,A,D,0,,,Y,,Y,,A,01,1,0,0,0,0,0,0,0,1,"- ","- ",32.768810272216797,-117.12947082519531,"SAN DIEGO","SAN DIEGO",-117.12947082519531,32.768810272216797
90950455,2019,2019-03-21,9645,2019-03-07,2500,021077,,4,4,7,3711,0,1,1,,2,011,"I-805 S/B",SR-94,15.00,N,N,C,-,Y,,,805,,,,,,S,Y,2,0,1,1,A,-,08,22107,,N,E,I,A,B,H,-,C,D,0,,,,,Y,,A,01,1,0,0,0,0,0,0,0,0,"- ","- ",32.719261169433594,-117.10310363769531,"SAN DIEGO","SAN DIEGO",-117.10295867919922,32.719253540039062
90955068,2019,2019-03-27,9680,2019-03-17,1600,021756,,7,2,9,3700,0,2,4,,1,031,"S-1 (SUNRISE HIGHWAY)","DESERT VIEW RD",100.00,S,N,A,-,Y,,,,,,,,,,Y,2,0,1,1,A,-,03,22350,,N,F,A,A,A,H,-,A,D,0,,,Y,,Y,,C,02,1,0,0,0,0,0,0,0,1,"- ","- ",32.869430541992188,-116.41596984863281,"SAN DIEGO",UNINCORPORATED,,
90958212,2018,2019-04-01,9680,2018-11-11,2500,021501,,7,4,9,3700,0,3,5,,2,005,"ENGINEERS ROAD","STATE ROUTE 79",11088.00,W,N,A,-,N,,,,,,,,,,Y,1,1,0,1,A,-,01,23152,A,N,E,I,A,A,H,-,D,A,0,,,,,Y,Y,D,23,0,0,0,0,0,0,0,0,0,"- ","- ",33.011909484863281,-116.60817718505859,"SAN DIEGO",UNINCORPORATED,-116.60548400878906,33.010848999023438
90958995,2019,2019-04-02,9680,2019-03-21,2015,022021,,4,2,9,3700,0,2,4,,1,026,"JAMACHA BLVD","GRAND AVE",9.00,W,N,B,-,N,,,,,,,,,,N,2,0,1,2,A,-,11,21950,B,N,G,B,B,B,H,-,C,A,0,Y,,,,Y,,N,60,1,0,0,0,1,0,0,0,0,"- ","- ",32.707870483398438,-116.99781799316406,"SAN DIEGO",UNINCORPORATED,-116.99753570556641,32.707851409912109
9095926,2020,2020-06-17,3702,2020-03-31,1805,CV1242,,2,5,6,3702,0,0,0,,0,041,"E PALOMAR STREET","SANTA FLORA ROAD",429.00,E,N,A,-,N,,,,,,,,,,Y,2,0,1,1,A,-,03,22350,,N,E,I,A,A,H,-,A,D,0,,,,,Y,,A,01,1,0,0,0,0,0,0,0,0,"- ","- ",,,"SAN DIEGO","CHULA VISTA",-116.99188995361328,32.629417419433594
90961367,2019,2019-08-09,9650,2019-03-28,0735,015600,,4,1,9,3700,0,3,5,,2,006,"EAST MISSION RD","MAIN AVE.",70.00,W,N,A,-,N,,,,,,,,,,Y,2,0,1,4,A,-,03,22350,,N,C,C,E,A,H,-,A,D,0,Y,,,,Y,,A,07,1,0,0,0,1,0,0,0,0,"- ","- ",33.373649597167969,-117.25212097167969,"SAN DIEGO",UNINCORPORATED,-117.25132751464844,33.384620666503906
90961424,2019,2019-04-04,9650,2019-03-24,1730,017392,,7,2,5,3782,0,1,1,,2,007,"I-5 S/B","MANCHESTER AVE",1056.00,N,N,A,-,Y,,,5,,,,,,S,Y,2,0,2,5,A,-,01,23152,G,N,E,I,A,A,D,-,A,D,0,,,,,Y,Y,A,01,1,1,0,0,0,0,0,0,0,"- ","- ",33.016101837158203,-117.27110290527344,"SAN DIEGO",ENCINITAS,-117.27113342285156,33.016067504882812
90963224,2019,2019-04-08,9680,2019-03-24,1206,021501,,7,1,9,3700,0,1,3,,1,051,SR-79,"CHIHUAHUA VALLEY RD",528.00,S,N,A,-,Y,,,79,,,,,,,Y,2,0,1,1,A,-,08,22107,,N,E,A,A,A,H,-,A,D,0,,,Y,,Y,,C,02,1,0,0,0,0,0,0,0,1,"- ","- ",33.369010925292969,-116.74778747558594,"SAN DIEGO",UNINCORPORATED,-116.74769592285156,33.368965148925781
90963286,2019,2019-04-08,9680,2019-03-24,0423,021828,,7,3,9,3700,0,3,5,,2,004,"SKYLINE TRUCK TRAIL","HIDDEN TRAIL DR",300.00,E,N,A,-,N,,,,,,,,,,Y,2,0,1,1,A,-,01,23152,A,N,F,A,A,A,H,-,D,D,0,,,,,Y,Y,A,01,1,0,0,0,0,0,0,0,0,"- ","- ",32.733989715576172,-116.85134887695312,"SAN DIEGO",UNINCORPORATED,-116.85146331787109,32.733882904052734
90965073,2019,2019-04-10,9650,2019-03-29,1415,021200,,5,2,9,3700,0,2,4,,2,061,"S. MISSION ROAD","LA CANADA RD",135.00,S,N,A,-,N,,,,,,,,,,Y,2,0,1,1,A,-,03,22350,,N,F,A,A,A,H,-,A,D,0,,,Y,,Y,,C,02,1,0,0,0,0,0,0,0,1,"- ","- ",33.308189392089844,-117.22779846191406,"SAN DIEGO",UNINCORPORATED,-117.22779083251953,33.308162689208984
90966054,2018,2019-04-11,9680,2018-11-24,1857,021501,,6,2,9,3700,0,1,3,,1,071,"STATE ROUTE 78","BORREGO SPRINGS ROAD",11088.00,E,N,A,-,Y,,,78,,,,,,,Y,1,2,0,2,A,-,06,21751,,N,A,C,A,A,H,-,D,D,0,,,,,Y,,D,22,0,0,0,0,0,0,0,0,0,"- ","- ",33.157619476318359,-116.20719146728516,"SAN DIEGO",UNINCORPORATED,-116.20719146728516,33.157630920410156
90966194,2019,2019-04-11,9650,2019-03-29,2040,021154,,5,2,9,3700,0,3,5,,2,150,"E. VISTA WAY (2900 BLOCK)","GOPHER CANYON RD",200.00,N,N,A,-,N,,,,,,,,,,Y,2,0,1,2,A,-,09,21804,A,N,D,C,A,A,H,-,D,D,0,,,,,Y,,D,22,1,0,0,0,0,0,0,0,0,"- ","- ",33.247669219970703,-117.22828674316406,"SAN DIEGO",UNINCORPORATED,-117.22829437255859,33.247539520263672
90966302,2019,2019-04-11,9680,2019-03-31,1014,016535,,7,1,9,3700,0,2,4,,1,010,"WOODSIDE AVE","MARILLA DR",0.00,,Y,A,-,N,,,,,,,,,,Y,2,0,2,3,A,-,12,21453,A,N,D,C,A,A,H,-,A,A,0,,,,,Y,,A,07,1,1,0,0,0,0,0,0,0,"- ","- ",32.854938507080078,-116.94075775146484,"SAN DIEGO",UNINCORPORATED,-116.94071960449219,32.854938507080078
90966338,2019,2019-04-11,9650,2019-03-30,1555,021154,,6,2,5,3712,0,1,3,,2,019,"SR-78 E/B","NORDAHL RD",1300.00,W,N,A,-,Y,,,78,,,,,,E,Y,2,0,4,3,A,-,01,23152,G,N,C,C,A,A,H,-,A,D,0,,,,,Y,Y,D,22,1,3,0,0,0,0,0,0,0,"- ","- ",33.133720397949219,-117.1253662109375,"SAN DIEGO","SAN MARCOS",-117.1253662109375,33.133731842041016
90969675,2018,2019-04-17,9680,2018-11-17,1344,018672,,6,1,9,3700,0,1,3,,1,051,"STATE ROUTE 79","SUNRISE HIGHWAY",50.00,N,N,A,-,Y,,,79,,,,,,,Y,1,1,0,3,A,-,08,22107,,N,A,C,A,A,H,-,A,A,0,,,Y,,Y,,C,02,0,0,0,0,0,0,0,1,0,"- ","- ",33.011009216308594,-116.56121826171875,"SAN DIEGO",UNINCORPORATED,-116.56118011474609,33.010993957519531
90969819,2019,2019-06-07,9680,2019-04-06,0547,015972,,6,3,9,3700,0,1,1,,2,081,"I-8 W/B","70TH STREET EAST OVERCROSSING EDGE",0.00,,N,B,-,Y,,,,,,,,,,Y,2,0,2,6,A,-,07,21658,A,M,C,C,A,B,H,-,D,D,0,,,Y,,Y,,A,07,1,1,0,0,0,0,0,0,1,"- ","- ",32.774070739746094,-117.04592895507812,"SAN DIEGO",UNINCORPORATED,,
90970471,2019,2019-04-18,9645,2019-04-12,0600,016047,,5,1,5,3709,0,1,1,,2,009,"I-805 NORTH TO SR-54 WEST",SR-54,100.00,N,N,B,C,Y,,,,,,,,,,Y,2,0,1,1,A,-,03,22350,,N,F,I,A,B,H,-,B,D,0,,,Y,,Y,,C,02,1,0,0,0,0,0,0,0,1,"- ","- ",33.658931732177734,-117.073486328125,"SAN DIEGO","NATIONAL CITY",-117.07459259033203,32.658649444580078
90971253,2019,2019-04-19,9645,2019-04-14,0249,021359,,7,3,5,3709,0,1,1,,2,009,"SR-54 E/B TO N/B I-805","EUCLID AVE",23.00,N,N,A,-,Y,,,54,,,,R,,E,Y,2,0,1,1,A,-,01,23152,A,N,E,I,A,A,H,-,D,D,0,,,Y,,Y,Y,C,02,1,0,0,0,0,0,0,0,1,"- ","- ",32.660831451416016,-117.07546997070312,"SAN DIEGO","NATIONAL CITY",-117.07546997070312,32.660831451416016
90971352,2019,2019-04-19,9680,2019-03-30,2058,021588,,6,2,9,3700,0,3,5,,2,002,"MOUNT HELIX DR","FUERTE DR",3168.00,W,N,A,-,N,,,,,,,,,,Y,2,0,2,1,C,-,18,,,N,F,I,A,A,H,-,D,D,0,,,,,Y,,-,"- ",1,0,1,0,0,0,0,0,0,"- ","- ",32.7664794921875,-116.98415374755859,"SAN DIEGO",UNINCORPORATED,-116.97975921630859,32.773460388183594
90971379,2019,2019-04-19,9680,2019-04-01,2135,018979,,1,2,9,3700,0,3,5,,2,003,"JAPATUL RD","SEQUAN TRUCK TRAIL",3696.00,E,N,A,-,N,,,,,,,,,,Y,2,0,1,1,A,-,01,23152,A,N,F,A,A,A,H,-,D,D,0,,,,,Y,Y,D,22,1,0,0,0,0,0,0,0,0,"- ","- ",32.799560546875,-116.75837707519531,"SAN DIEGO",UNINCORPORATED,-116.75939178466797,32.799655914306641
90971971,2019,2019-04-22,9680,2019-04-04,0114,021237,,4,3,9,3700,0,2,4,,1,026,"JAMACHA RD","OSAGE AVE",117.00,E,N,A,-,N,,,,,,,,,,Y,2,0,1,1,A,-,08,22107,,N,E,I,A,A,H,-,C,D,0,,,Y,,Y,,C,02,1,0,0,0,0,0,0,0,1,"- ","- ",32.718528747558594,-117.02256774902344,"SAN DIEGO",UNINCORPORATED,-117.02260589599609,32.718479156494141
90973754,2019,2019-07-15,9650,2019-03-25,1815,021406,,1,2,9,3700,0,3,5,,1,212,"WEST LILAC ROAD","LANCASTER MOUNTAIN RD",0.00,,Y,A,-,N,,,,,,,,,,Y,1,1,0,1,A,-,08,22107,,N,E,I,A,A,H,-,A,D,0,,,Y,,Y,,C,02,0,0,0,0,0,0,0,1,0,"- ","- ",33.299991607666016,-117.13652801513672,"SAN DIEGO",UNINCORPORATED,-117.13658905029297,33.299831390380859
90974489,2019,2019-04-24,9680,2019-04-13,1000,017996,,6,1,9,3700,0,1,1,,2,081,"I-8 WESTBOUND","MOLLISION AVENUE",275.00,W,N,A,-,Y,,,,,,,,,,Y,2,0,2,2,A,-,03,22350,,N,C,C,A,A,H,-,A,D,0,,,,,Y,,A,01,1,1,0,0,0,0,0,0,0,"- ","- ",32.803199768066406,-116.95220184326172,"SAN DIEGO",UNINCORPORATED,-116.95185852050781,32.803180694580078
90974687,2019,2019-04-25,9645,2019-03-17,0058,021097,,7,3,7,3711,0,1,1,,2,011,"I-805 S/B","HOME AVE",2640.00,N,N,A,-,Y,,,805,,,,,,S,Y,2,0,2,2,A,-,08,22107,,N,E,I,A,A,H,-,C,D,0,,,,,Y,,A,01,1,1,0,0,0,0,0,0,0,"- ","- ",32.733009338378906,-117.11271667480469,"SAN DIEGO","SAN DIEGO",-117.11271667480469,32.733013153076172
90976844,2019,2019-07-15,9650,2019-04-13,0235,021747,,6,3,9,3700,0,1,1,,2,021,"I-15 N/B","CAMINO DEL REY",2975.00,N,N,A,-,Y,,,,,,,,,,Y,1,1,0,1,A,-,01,23152,F,N,E,I,A,A,H,-,D,D,0,,,,,Y,,D,22,0,0,0,0,0,0,0,0,0,"- ","- ",33.162799835205078,-117.09169006347656,"SAN DIEGO",UNINCORPORATED,-117.15493774414062,33.274318695068359
90977223,2019,2019-04-29,9650,2019-04-17,0135,021404,,3,3,5,3713,0,1,3,,2,017,"SR-78 E/B","RANCHO SANTA FE RD",2600.00,W,N,A,-,Y,,,,,,,,,,Y,2,0,1,2,A,-,01,23152,A,N,C,C,A,A,H,-,D,D,0,,,,Y,Y,Y,A,01,1,0,0,0,0,0,0,0,0,"- ","- ",33.154819488525391,-117.203857421875,"SAN DIEGO",VISTA,-117.20429992675781,33.155174255371094
90978263,2019,2019-04-29,9680,2019-04-23,1823,021756,,2,2,9,3700,0,3,5,,2,002,"PARADISE VALLEY RD","PARADISE VALLEY CT (PRIVATE)",0.00,,Y,A,-,N,,,,,,,,,,Y,2,0,1,2,A,-,09,21804,A,N,D,C,A,A,H,-,A,D,0,,,Y,,Y,,A,07,1,0,0,0,0,0,0,0,1,"- ","- ",32.697868347167969,-117.02445983886719,"SAN DIEGO",UNINCORPORATED,-117.02448272705078,32.697940826416016
90978737,2019,2019-04-30,9645,2019-04-22,0649,015494,,1,1,7,3711,0,1,1,,2,011,"I-805 N/B",SR-15,1200.00,N,N,A,-,Y,,,805,,,,,,N,Y,2,0,1,2,A,-,03,22350,,N,C,C,A,A,H,-,A,D,0,,,Y,,Y,,C,02,1,0,0,0,0,0,0,0,1,"- ","- ",32.740989685058594,-117.11627197265625,"SAN DIEGO","SAN DIEGO",-117.11624908447266,32.741004943847656
9098057,2020,2020-11-04,3711,2020-05-02,2130,SD6967,,6,5,7,3711,0,0,0,,0,445,"G ST","45TH ST",94.00,E,N,A,-,N,,,,,,,,,,N,2,0,1,1,A,-,03,22350,,N,F,A,A,A,H,-,C,D,0,,,,,Y,,-,,1,0,0,0,0,0,0,0,0,"- ","- ",,,"SAN DIEGO","SAN DIEGO",-117.0975341796875,32.712169647216797
90981374,2019,2019-05-03,9650,2019-04-27,0230,021805,,6,3,9,3700,0,1,1,,2,003,"I-5 N/B","CAMP DEL MAR O/C",6336.00,N,N,A,-,Y,,,,,,,,,,Y,2,0,1,2,A,-,01,23152,A,N,C,C,A,A,H,-,D,D,0,,,Y,,Y,Y,A,01,1,0,0,0,0,0,0,0,1,"- ","- ",33.236019134521484,-117.40016937255859,"SAN DIEGO",UNINCORPORATED,,
90984406,2019,2019-05-08,9680,2019-04-27,1035,021501,,6,1,9,3700,0,3,5,,2,005,"CENTER LOOP ROAD","MESA GRANDE RD",114.00,N,N,A,-,N,,,,,,,,,,Y,2,0,2,1,A,-,08,22107,,N,F,A,A,A,H,-,A,D,0,,,Y,,Y,,C,02,2,0,0,0,0,0,0,0,2,"- ","- ",33.211570739746094,-116.73796081542969,"SAN DIEGO",UNINCORPORATED,-116.73851013183594,33.211933135986328
90985975,2019,2019-05-10,9650,2019-05-03,2300,021805,,5,3,9,3700,0,3,5,,2,170,"ROBELINI DR","UNIVERSITY DR",525.00,N,N,A,-,N,,,,,,,,,,N,2,0,1,2,A,-,11,21956,,F,G,B,E,A,H,-,D,D,0,Y,,,,Y,,N,60,1,0,0,0,1,0,0,0,0,"- ","- ",33.170860290527344,-117.21154022216797,"SAN DIEGO",UNINCORPORATED,-117.21148681640625,33.170795440673828
90987644,2019,2019-05-16,9680,2019-05-02,1200,017621,,4,1,9,3700,0,2,4,,2,072,"MONTEZUMA VALLEY RD.","SAN FELIPE RD.",5808.00,E,N,A,-,N,,,,,,,,,,Y,1,1,0,1,A,-,08,22107,,N,E,I,A,A,H,-,A,D,0,,,,,Y,,A,01,0,0,0,0,0,0,0,0,0,"- ","- ",33.2169189453125,-116.58747863769531,"SAN DIEGO",UNINCORPORATED,-116.58710479736328,33.216831207275391
90988825,2019,2019-05-15,9680,2019-05-04,0605,015733,,6,1,9,3700,0,2,4,,1,096,"DYE RD","RAMONA ST",0.00,,Y,E,-,N,,,,,,,,,,Y,2,0,1,1,A,-,01,23152,A,M,E,I,A,A,H,-,B,A,0,,,,,Y,Y,A,01,1,0,0,0,0,0,0,0,0,"- ","- ",33.00830078125,-116.87953186035156,"SAN DIEGO",UNINCORPORATED,-116.87962341308594,33.008419036865234
90992302,2019,2019-09-30,9680,2019-05-06,1452,021588,,1,2,9,3700,0,1,3,,1,024,"SR-94 E/B","MILLAR RANCH RD",670.00,E,N,B,-,Y,,,94,,,,,,E,Y,2,0,4,2,A,-,05,21460,A,N,A,C,A,A,H,-,A,D,0,,,,,Y,,A,07,2,0,2,0,0,0,0,0,0,"- ","- ",32.730461120605469,-116.93595886230469,"SAN DIEGO",UNINCORPORATED,-116.93598175048828,32.730392456054688