CASE_ID,ACCIDENT_YEAR,PROC_DATE,JURIS,COLLISION_DATE,COLLISION_TIME,OFFICER_ID,REPORTING_DISTRICT,DAY_OF_WEEK,CHP_SHIFT,POPULATION,CNTY_CITY_LOC,SPECIAL_COND,BEAT_TYPE,CHP_BEAT_TYPE,CITY_DIVISION_LAPD,CHP_BEAT_CLASS,BEAT_NUMBER,PRIMARY_RD,SECONDARY_RD,DISTANCE,DIRECTION,INTERSECTION,WEATHER_1,WEATHER_2,STATE_HWY_IND,CALTRANS_COUNTY,CALTRANS_DISTRICT,STATE_ROUTE,ROUTE_SUFFIX,POSTMILE_PREFIX,POSTMILE,LOCATION_TYPE,RAMP_INTERSECTION,SIDE_OF_HWY,TOW_AWAY,COLLISION_SEVERITY,NUMBER_KILLED,NUMBER_INJURED,PARTY_COUNT,PRIMARY_COLL_FACTOR,PCF_CODE_OF_VIOL,PCF_VIOL_CATEGORY,PCF_VIOLATION,PCF_VIOL_SUBSECTION,HIT_AND_RUN,TYPE_OF_COLLISION,MVIW,PED_ACTION,ROAD_SURFACE,ROAD_COND_1,ROAD_COND_2,LIGHTING,CONTROL_DEVICE,CHP_ROAD_TYPE,PEDESTRIAN_ACCIDENT,BICYCLE_ACCIDENT,MOTORCYCLE_ACCIDENT,TRUCK_ACCIDENT,NOT_PRIVATE_PROPERTY,ALCOHOL_INVOLVED,STWD_VEHTYPE_AT_FAULT,CHP_VEHTYPE_AT_FAULT,COUNT_SEVERE_INJ,COUNT_VISIBLE_INJ,COUNT_COMPLAINT_PAIN,COUNT_PED_KILLED,COUNT_PED_INJURED,COUNT_BICYCLIST_KILLED,COUNT_BICYCLIST_INJURED,COUNT_MC_KILLED,COUNT_MC_INJURED,PRIMARY_RAMP,SECONDARY_RAMP,LATITUDE,LONGITUDE,COUNTY,CITY,POINT_X,POINT_Y
91791468,2022,2022-06-09,9650,2022-06-02,0130,019549,,4,3,9,3700,0,3,5,,2,213,"PALA TEMECULA RD.","RANCHO HEIGHTS RD",1000.00,S,N,A,-,N,,,,,,,,,,Y,2,0,1,1,A,-,01,23152,A,M,E,I,A,A,H,-,D,D,0,,,,,Y,Y,A,01,1,0,0,0,0,0,0,0,0,"- ","- ",33.420700073242188,-117.08792114257812,"SAN DIEGO",UNINCORPORATED,-117.08759307861328,33.420372009277344
91793133,2022,2022-06-13,9650,2022-06-05,2128,020343,,7,2,5,3713,0,1,3,,2,017,"SR-78 E/B","EMERALD DR",3220.00,E,N,A,-,Y,SD,,78,,,5.001,H,,R,Y,2,0,5,3,A,-,01,23152,A,N,C,4,A,A,H,-,C,D,0,,,,,Y,Y,D,22,1,0,4,0,0,0,0,0,0,"- ","- ",33.192188262939453,-117.27018737792969,"SAN DIEGO",VISTA,-117.27022552490234,33.192253112792969
91796615,2022,2022-06-16,9645,2022-06-04,1247,018393,,6,1,7,3711,0,1,3,,2,008,"SR-54 E/B","S. WOODMAN STREET O/C",500.00,W,N,A,-,Y,SD,,54,,,4.056,H,,L,Y,2,0,2,2,A,-,08,22107,,N,B,C,A,A,H,-,A,D,0,,,,,Y,,A,01,1,0,1,0,0,0,0,0,0,"- ","- ",32.671840667724609,-117.04119110107422,"SAN DIEGO","SAN DIEGO",-117.04120635986328,32.671859741210938
91797642,2022,2022-06-17,9680,2022-01-20,0920,021859,,4,1,9,3700,0,2,4,,1,021,"WILLOW GLEN DRIVE","CAMPBELL LANE",647.00,E,N,A,-,N,,,,,,,,,,Y,1,1,0,1,A,-,01,23152,F,N,E,I,A,A,H,-,A,A,0,,,,,Y,,A,01,0,0,0,0,0,0,0,0,0,"- ","- ",32.767040252685547,-116.88304138183594,"SAN DIEGO",UNINCORPORATED,-116.88316345214844,32.766876220703125
91798028,2022,2022-06-20,9650,2022-06-09,1810,019270,,4,2,5,3701,0,1,1,,2,005,"I-5 S/B TO SR-78 E/B","SR-78 E/B",528.00,S,N,A,-,Y,,,,,,,,,,N,2,0,1,1,A,-,08,22107,,N,E,I,A,A,H,-,A,D,0,,,Y,,Y,,C,02,1,0,0,0,0,0,0,0,1,"- ","- ",33.175350189208984,-117.35096740722656,"SAN DIEGO",CARLSBAD,-117.35096740722656,33.175350189208984
91798034,2022,2022-06-20,9650,2022-06-10,1850,016516,,5,2,9,3700,0,3,5,,1,160,"GOPHER CANYON RD","MARGALE LN",340.00,W,N,A,-,N,,,,,,,,,,Y,2,0,1,1,A,-,08,22107,,N,E,I,A,A,H,-,B,D,0,,,,,Y,,D,22,1,0,0,0,0,0,0,0,0,"- ","- ",33.253589630126953,-117.17948913574219,"SAN DIEGO",UNINCORPORATED,-117.18013763427734,33.253589630126953
91798756,2022,2022-06-20,9650,2022-06-12,2138,021698,,7,2,9,3700,0,1,3,,1,028,SR-76,"PALA DEL NORTE",2640.00,E,N,A,-,Y,SD,,76,,,21.868,H,,R,Y,2,0,1,1,A,-,01,23152,A,N,E,I,A,A,H,-,D,D,0,,,Y,,Y,Y,C,02,1,0,0,0,0,0,0,0,1,"- ","- ",33.361850738525391,-117.10458374023438,"SAN DIEGO",UNINCORPORATED,-117.10451507568359,33.361820220947266
91800421,2022,2022-06-21,9680,2022-06-09,1120,017460,,4,1,9,3700,0,1,3,,1,040,"STATE ROUTE 94","FORREST GATE ROAD",16368.00,W,N,A,-,Y,SD,,94,,,47.421,H,,R,N,2,0,4,1,A,-,08,22107,,N,E,I,A,A,H,-,A,D,0,,,,,Y,,A,01,2,0,2,0,0,0,0,0,0,"- ","- ",32.588558197021484,-116.51876068115234,"SAN DIEGO",UNINCORPORATED,-116.51877593994141,32.588623046875
91801014,2022,2022-06-22,9680,2022-06-10,1545,022050,,5,2,4,3720,0,1,3,,2,027,"SR-94 W/B","GROVE ST",440.00,E,N,A,-,Y,SD,,94,,,9.340,H,,L,N,2,0,2,2,A,-,03,22350,,N,C,C,A,A,H,-,A,D,0,,,,,Y,,A,01,1,1,0,0,0,0,0,0,0,"- ","- ",32.747150421142578,-117.02497100830078,"SAN DIEGO","LEMON GROVE",-117.02497100830078,32.747112274169922
91801959,2022,2022-06-23,9650,2022-06-11,1135,018105,,6,1,9,3700,0,1,1,,2,003,"I-5 S/B","HARBOR DR",1.00,S,N,B,-,Y,SD,,5,,R,54.392,H,,L,Y,2,0,1,3,A,-,03,22350,,N,C,C,A,A,H,-,A,D,0,,,Y,,Y,,C,02,1,0,0,0,0,0,0,0,1,"- ","- ",33.210269927978516,-117.38741302490234,"SAN DIEGO",UNINCORPORATED,-117.38734436035156,33.210300445556641
91803106,2022,2022-06-24,9680,2022-06-10,0657,016372,,5,1,5,3705,0,1,1,,2,082,"I-8 W/B","MOLLISON AVE.",655.00,W,N,A,-,Y,SD,,8,,,16.402,H,,L,Y,2,0,3,5,A,-,03,22350,,N,C,C,A,A,H,-,A,D,0,,,,Y,Y,,G,25,2,1,0,0,0,0,0,0,0,"- ","- ",32.803249359130859,-116.95224761962891,"SAN DIEGO","EL CAJON",-116.95224761962891,32.803165435791016
91804889,2022,2022-06-28,9645,2022-06-12,2050,020867,,7,2,7,3711,0,1,3,,2,006,"SR-94 E/B","25TH ST. U/C",475.00,E,N,A,-,Y,SD,,94,,,2.090,H,,L,Y,2,0,2,3,A,-,08,22107,,N,B,C,E,A,H,-,C,D,0,Y,,,,Y,,-,"- ",1,0,1,0,1,0,0,0,0,"- ","- ",32.713409423828125,-117.13616180419922,"SAN DIEGO","SAN DIEGO",-117.13616180419922,32.713298797607422
91807024,2022,2022-06-30,9680,2022-06-20,1144,015877,,1,1,5,3705,0,1,1,,2,081,"I-8 W/B","GROSSMONT BLVD.",1056.00,E,N,A,-,Y,SD,,8,,,13.254,H,,L,Y,2,0,3,4,A,-,03,22350,,N,F,A,A,A,H,-,A,D,0,,,Y,,Y,,C,02,1,2,0,0,0,0,0,0,1,"- ","- ",32.779148101806641,-116.98690795898438,"SAN DIEGO","EL CAJON",-116.98691558837891,32.779087066650391
91807153,2021,2022-06-30,9645,2021-11-06,1905,020161,,6,2,7,3711,0,1,1,,2,027,"STATE ROUTE 15 (SR-15) NORTHBOUND","INTERSTATE 8 (I-8)",1850.00,S,N,A,-,Y,,,15,,,,,,N,N,1,1,1,1,A,-,01,23152,G,N,E,I,A,A,H,-,C,D,0,,,,,Y,Y,A,01,0,0,1,0,0,0,0,0,0,"- ","- ",32.773399353027344,-117.11215209960938,"SAN DIEGO","SAN DIEGO",-117.11220550537109,32.773422241210938
9180924,2020,2020-12-15,3709,2020-10-23,0028,SD6553,,5,5,5,3709,0,0,0,,0,443,"DIVISION ST","NORTH HIGHLAND AV",0.00,,Y,A,-,N,,,,,,,,,,Y,2,0,1,1,A,-,08,22107,,N,E,J,A,A,H,-,C,D,0,,,,,Y,,A,01,1,0,0,0,0,0,0,0,0,"- ","- ",,,"SAN DIEGO","NATIONAL CITY",-117.10140991210938,32.685009002685547
91809670,2022,2022-07-04,9650,2022-06-24,1055,015600,,5,1,9,3700,0,1,3,,1,028,SR-76,"RED GATE RD",660.00,E,N,A,-,Y,SD,,76,,,37.106,H,,R,N,2,0,1,1,A,-,08,22107,,N,E,I,A,A,H,-,A,D,0,,,Y,,Y,,C,02,1,0,0,0,0,0,0,0,1,"- ","- ",33.302059173583984,-116.91371917724609,"SAN DIEGO",UNINCORPORATED,-116.91371917724609,33.302059173583984
91811331,2022,2022-07-06,9645,2022-06-30,1125,015698,,4,1,7,3711,0,1,1,,2,003,"I-5 NB","6TH ANE O/C",1000.00,S,N,A,-,Y,SD,,5,,R,16.140,H,,R,N,2,0,1,2,A,-,03,22350,,N,C,C,A,A,H,-,A,D,0,,,Y,,Y,,C,02,1,0,0,0,0,0,0,0,1,"- ","- ",32.724098205566406,-117.15666198730469,"SAN DIEGO","SAN DIEGO",-117.15665435791016,32.724063873291016
91812093,2022,2022-07-07,9645,2022-01-14,1814,020265,,5,2,7,3711,0,1,1,,2,009,"INTERSTATE 805 (I-805) NORTHBOUND","IMPERIAL AVENUE",1160.00,N,N,A,-,Y,SD,,805,,,12.561,H,,R,Y,1,1,0,2,A,-,11,21954,A,N,G,B,D,A,H,-,C,D,0,Y,,,,Y,,N,60,0,0,0,1,0,0,0,0,0,"- ","- ",32.707088470458984,-117.09629821777344,"SAN DIEGO","SAN DIEGO",-117.09638214111328,32.707050323486328
91812779,2022,2022-07-08,9650,2022-03-23,0245,019308,,3,3,5,3782,0,1,1,,2,007,"I-5 N/B","LA COSTA AVENUE",528.00,S,N,A,-,Y,SD,,5,,R,43.959,H,,R,Y,1,1,6,2,A,-,01,23152,A,N,C,C,A,A,D,-,D,D,0,,,,,Y,Y,A,01,3,1,2,0,0,0,0,0,0,"- ","- ",33.082679748535156,-117.29747772216797,"SAN DIEGO",ENCINITAS,-117.29741668701172,33.082695007324219
91813343,2022,2022-07-08,9650,2022-07-05,2248,019191,,2,3,9,3700,0,1,1,,2,021,"I-15 S/B",SR-76,462.00,S,N,A,-,Y,,,,,,,,,,Y,2,0,1,1,A,-,08,22107,,N,F,0,A,A,H,-,C,D,0,,,,,Y,,A,01,1,0,0,0,0,0,0,0,0,"- ","- ",33.328380584716797,-117.15978240966797,"SAN DIEGO",UNINCORPORATED,-117.15945434570312,33.328411102294922
91814661,2022,2022-07-11,9645,2022-06-16,2005,020952,,4,2,7,3711,0,1,1,,2,010,"INTERSTATE 8 (EASTBOUND)","FAIRMOUNT AVENUE",144.00,W,N,A,-,Y,SD,,8,,,6.258,H,,R,Y,2,0,2,2,A,-,01,23152,A,N,E,9,A,A,H,-,D,D,0,,,,Y,Y,Y,A,01,1,1,0,0,0,0,0,0,0,"- ","- ",32.778789520263672,-117.10166931152344,"SAN DIEGO","SAN DIEGO",-117.10169219970703,32.778953552246094
91817281,2022,2022-07-14,9645,2022-04-12,1050,018697,,2,1,7,3711,0,1,1,,2,001,"INTERSTATE 5 NORTHBOUND","CORONADO AVENUE",1430.00,S,N,A,-,Y,SD,,5,,,3.720,H,,R,Y,1,1,2,2,A,-,03,22350,,N,C,C,A,A,H,-,A,D,0,,,,,Y,,A,01,1,0,1,0,0,0,0,0,0,"- ","- ",32.572700500488281,-117.07917022705078,"SAN DIEGO","SAN DIEGO",-117.07923889160156,32.572662353515625
9182092,2020,2021-02-06,3711,2020-11-05,1740,SD1256,,4,5,7,3711,0,0,0,,0,233,"PARK VILLAGE RD","BRICKELLA LN",0.00,,Y,A,-,N,,,,,,,,,,Y,2,0,1,1,A,-,08,22107,,N,F,I,A,A,H,-,C,D,0,,,,,Y,,A,01,1,0,0,0,0,0,0,0,0,"- ","- ",,,"SAN DIEGO","SAN DIEGO",-117.13912963867188,32.948711395263672
91823027,2022,2022-07-22,9645,2022-07-16,1050,016838,,6,1,7,3711,0,1,1,,2,007,"I-5 N/B","GILMAN DRIVE",450.00,S,N,B,-,Y,SD,,5,,R,26.711,H,,R,Y,2,0,2,2,A,-,08,22107,,N,B,C,A,A,H,-,A,D,0,,,,,Y,,A,07,2,0,0,0,0,0,0,0,0,"- ","- ",32.848129272460938,-117.23529815673828,"SAN DIEGO","SAN DIEGO",-117.23560333251953,32.84820556640625
91823267,2021,2022-07-22,9645,2021-10-17,2028,021231,,7,2,5,3709,0,1,1,,2,009,"INTERSTATE 805 SOUTHBOUND","PLAZA BOULEVARD",2140.00,S,N,A,-,Y,,,805,,,,,,S,Y,1,2,0,5,A,-,11,21954,A,F,G,B,E,A,H,-,D,D,0,Y,,,,Y,,-,"- ",0,0,0,2,0,0,0,0,0,"- ","- ",32.672218322753906,-117.08249664306641,"SAN DIEGO","NATIONAL CITY",-117.08254241943359,32.672203063964844
91823336,2022,2022-07-22,9650,2022-07-16,1240,020742,,6,1,9,3700,0,3,5,,2,213,"SOUTH GRADE RD",SR-76,31680.00,N,N,A,-,N,,,,,,,,,,N,2,0,1,1,A,-,08,22107,,N,E,I,A,A,H,-,A,D,0,,,Y,,Y,,C,02,1,0,0,0,0,0,0,0,1,"- ","- ",33.307491302490234,-116.87136840820312,"SAN DIEGO",UNINCORPORATED,-116.87141418457031,33.309680938720703
91824588,2022,2022-07-25,9645,2022-07-13,1507,018646,,3,2,7,3711,0,1,1,,2,011,"I-805 N/B TO I-8 E/B","JUNCTION I-805",1584.00,E,N,A,-,Y,SD,,8,,,4.823,H,,R,N,2,0,1,2,A,-,06,21755,A,F,G,B,E,A,H,-,A,D,0,Y,,,,Y,,-,99,1,0,0,0,1,0,0,0,0,"- ","- ",32.774520874023438,-117.12506103515625,"SAN DIEGO","SAN DIEGO",-117.12509918212891,32.774570465087891
91825441,2022,2022-07-26,9650,2022-03-15,1750,021992,,2,2,9,3700,0,3,5,,1,212,"LILAC RD (28000 BLOCK)","VIA PIEDRA",368.00,W,N,A,-,N,,,,,,,,,,Y,1,1,2,2,A,-,05,21460,A,N,A,C,A,A,H,-,A,D,0,,,,,Y,,A,01,2,0,0,0,0,0,0,0,0,"- ","- ",33.233039855957031,-117.04753112792969,"SAN DIEGO",UNINCORPORATED,-117.04707336425781,33.232864379882812
91825542,2022,2022-07-26,9680,2022-07-16,1830,022106,,6,2,9,3700,0,1,1,,2,083,"I-8 E/B","PEUTZ VALLEY RD",55.00,W,N,A,-,Y,SD,,8,,R,26.735,H,,R,Y,2,0,1,1,A,-,08,22107,,N,F,A,A,A,H,-,A,D,0,,,Y,,Y,,C,02,1,0,0,0,0,0,0,0,1,"- ","- ",32.848121643066406,-116.80660247802734,"SAN DIEGO",UNINCORPORATED,-116.80659484863281,32.848125457763672
91825561,2022,2022-09-16,9680,2022-07-23,2140,021646,,6,2,9,3700,0,2,4,,1,012,"LAKE JENNINGS PARK ROAD","BLOSSOM VALLEY ROAD",20.00,S,N,A,-,N,,,,,,,,,,N,2,0,1,2,A,-,11,21950,B,N,G,B,B,A,H,-,C,A,0,Y,,,,Y,,N,60,1,0,0,0,1,0,0,0,0,"- ","- ",32.846298217773438,-116.88252258300781,"SAN DIEGO",UNINCORPORATED,-116.88254547119141,32.846229553222656
91826024,2022,2022-07-27,9680,2022-07-16,0219,021724,,6,3,4,3720,0,1,3,,2,027,"SR-94 W/B","COLLEGE AVE",1647.00,W,N,A,-,Y,SD,,94,,,7.452,H,,L,N,2,0,1,1,A,-,01,23152,A,N,E,I,A,A,H,-,D,D,0,,,,,Y,Y,A,01,1,0,0,0,0,0,0,0,0,"- ","- ",32.738578796386719,-117.05435180664062,"SAN DIEGO","LEMON GROVE",-117.05442810058594,32.738628387451172
91826199,2022,2022-07-27,9650,2022-07-15,0210,022139,,5,3,5,3782,0,3,5,,2,070,"INTERSTATE 5 N/B","MANCHESTER AVE",2271.00,N,N,A,-,Y,,,,,,,,,,Y,2,0,3,3,A,-,03,22350,,N,C,C,A,A,H,-,D,D,0,,,,Y,Y,,A,01,1,0,2,0,0,0,0,0,0,"- ","- ",33.016521453857422,-117.2811279296875,"SAN DIEGO",ENCINITAS,-117.2696533203125,33.014911651611328
91827352,2022,2022-07-29,9650,2022-07-17,0240,021992,,7,3,9,3700,0,3,5,,2,006,"WINTER HAVEN RD, 1300 BLOCK","HAVENCREST DR",64.00,W,N,A,-,N,,,,,,,,,,Y,2,0,3,2,A,-,01,23152,A,N,E,I,A,A,H,-,D,D,0,,,,,Y,Y,D,22,2,1,0,0,0,0,0,0,0,"- ","- ",33.347511291503906,-117.2305908203125,"SAN DIEGO",UNINCORPORATED,-117.23049926757812,33.347553253173828
91832411,2021,2022-08-03,9645,2021-08-04,1635,017499,,3,2,7,3711,0,1,1,,2,009,"I-805 SOUTHBOUND","CAMINO DE LA PLAZA BLVD",500.00,N,N,A,-,Y,,,,,,,,,,Y,2,0,1,3,A,-,21,22106,,N,B,C,A,A,H,-,A,D,0,,,Y,,Y,,A,01,1,0,0,0,0,0,0,0,1,"- ","- ",32.545108795166016,-117.03325653076172,"SAN DIEGO","SAN DIEGO",,
91836669,2022,2022-08-09,9650,2022-08-06,1230,021933,,6,1,9,3700,0,3,5,,1,160,"CAMINO DEL REY","BOBRITT LN",1400.00,W,N,A,-,N,,,,,,,,,,N,2,0,1,1,A,-,03,22350,,N,F,A,A,A,H,-,A,D,0,,,Y,,Y,,C,02,1,0,0,0,0,0,0,0,1,"- ","- ",33.282451629638672,-117.19586181640625,"SAN DIEGO",UNINCORPORATED,-117.19554901123047,33.282203674316406
91838395,2022,2022-08-11,9650,2022-08-05,1855,021404,,5,2,9,3700,0,3,5,,2,213,"SOUTH GRADE ROAD","EAST GRADE ROAD",7920.00,S,N,A,-,N,,,,,,,,,,Y,2,0,1,1,A,-,03,22350,,N,F,A,A,A,H,-,A,D,0,,,Y,,Y,,C,02,1,0,0,0,0,0,0,0,1,"- ","- ",33.305080413818359,-116.87267303466797,"SAN DIEGO",UNINCORPORATED,-116.87250518798828,33.305049896240234
91839758,2022,2022-08-15,9650,2022-07-31,2220,021992,,7,3,6,3706,0,1,1,,2,023,"I-15 N/B","9TH AVE",145.00,S,N,A,-,Y,SD,,15,,R,30.068,H,,R,Y,2,0,1,2,A,-,01,23152,A,N,C,C,A,A,H,-,C,D,0,,,Y,,Y,Y,C,02,1,0,0,0,0,0,0,0,1,"- ","- ",33.107940673828125,-117.09445953369141,"SAN DIEGO",ESCONDIDO,-117.09446716308594,33.107936859130859
91840527,2022,2022-08-15,9645,2022-08-06,2356,022426,,6,3,7,3711,0,1,1,,2,015,"I-805 N/B","STATE ROUTE 52",257.00,N,N,A,-,Y,SD,,805,,,23.743,H,,R,Y,2,0,1,1,A,-,01,23152,A,N,F,I,A,A,H,-,D,D,0,,,,,Y,Y,D,22,1,0,0,0,0,0,0,0,0,"- ","- ",32.848751068115234,-117.17878723144531,"SAN DIEGO","SAN DIEGO",-117.17869567871094,32.848793029785156
91843351,2022,2022-08-18,9680,2022-02-19,2354,022050,,6,3,9,3700,0,1,3,,1,024,"STATE ROUTE 94","PEACEFUL VALLEY RANCH ROAD",385.00,E,N,B,-,Y,SD,,94,,,20.748,H,,R,N,1,1,0,2,A,-,11,21954,A,F,G,B,D,A,H,-,D,D,0,Y,,,,Y,,N,60,0,0,0,1,0,0,0,0,0,"- ","- ",32.706108093261719,-116.87020874023438,"SAN DIEGO",UNINCORPORATED,-116.87025451660156,32.706085205078125
91843387,2022,2022-08-18,9680,2022-08-07,2325,017996,,7,3,9,3700,0,1,3,,2,016,"SR-67 NORTHBOUND","CHANNEL ROAD",182.00,N,N,A,-,Y,SD,,67,,R,5.245,H,,R,N,2,0,4,2,A,-,01,23152,A,N,A,C,A,A,H,-,D,D,0,,,,,Y,Y,A,07,1,3,0,0,0,0,0,0,0,"- ","- ",32.860328674316406,-116.92549133300781,"SAN DIEGO",UNINCORPORATED,-116.92546081542969,32.860286712646484
91843799,2022,2023-01-11,9680,2022-08-08,0750,022554,,1,1,9,3700,0,3,5,,2,009,"OLD JULIAN HWY","RYKERS RIDGE ROAD (PRIVATE)",5.00,E,N,A,-,N,,,,,,,,,,N,2,0,1,2,A,-,09,21804,A,N,D,C,A,A,H,-,A,D,0,,,Y,,Y,,A,01,1,0,0,0,0,0,0,0,1,"- ","- ",33.041969299316406,-116.84239959716797,"SAN DIEGO",UNINCORPORATED,-116.8424072265625,33.041988372802734
9184431,2020,2021-01-11,3708,2020-10-24,1827,LM1268,,6,5,5,3708,0,0,0,,0,003,"LAKE MURRAY BL","LAKE PARK WY",222.00,N,N,A,-,N,,,,,,,,,,Y,2,0,3,3,A,-,01,23153,A,N,C,C,A,A,H,-,C,D,0,,,,,Y,Y,I,11,1,0,2,0,0,0,0,0,0,"- ","- ",,,"SAN DIEGO","LA MESA",-117.03520202636719,32.780307769775391
91845983,2022,2022-08-22,9645,2022-08-13,0540,019054,,6,3,7,3711,0,1,1,,2,019,"I-15 N/B","RANCHO BERNARDO ROAD",300.00,S,N,B,-,Y,,,,,,,,,,N,2,0,2,2,A,-,08,22107,,N,B,C,A,B,H,-,D,D,0,,,,,Y,,A,01,1,0,1,0,0,0,0,0,0,"- ","- ",33.022750854492188,-117.07785034179688,"SAN DIEGO","SAN DIEGO",-117.07868957519531,33.022781372070312
9184600,2020,2021-02-03,3711,2020-11-08,2311,SD7946,,7,5,7,3711,0,0,0,,0,725,"OCEAN VIEW HILLS PKWY","LYNDHURST TER",200.00,E,N,A,-,N,,,,,,,,,,N,2,0,1,2,A,-,09,21804,A,N,C,C,A,A,H,-,C,-,0,,,,,Y,,A,01,1,0,0,0,0,0,0,0,0,"- ","- ",,,"SAN DIEGO","SAN DIEGO",-117.02680206298828,32.582721710205078
91847472,2022,2022-08-24,9680,2022-02-12,2500,020884,,6,4,9,3700,0,1,1,,2,083,"INTERSTATE 8 WESTBOUND","FLINN SPRINGS ROAD U/C",2112.00,W,N,A,-,Y,SD,,8,,R,23.242,H,,L,Y,1,2,2,1,A,-,01,23152,F,N,E,I,A,A,H,-,D,D,0,,,,,Y,,A,01,2,0,0,0,0,0,0,0,0,"- ","- ",32.854438781738281,-116.86093902587891,"SAN DIEGO",UNINCORPORATED,-116.86093139648438,32.854362487792969
91847909,2022,2022-08-24,9645,2022-08-06,2032,020997,,6,2,7,3711,0,1,3,,2,008,"SR-54 W/B","BRIARWOOD ROAD",920.00,E,N,A,-,Y,SD,,54,,,5.429,H,,L,N,2,0,4,3,A,-,03,22350,,N,C,C,A,A,H,-,D,D,0,,,,,Y,,D,22,1,3,0,0,0,0,0,0,0,"- ","- ",32.685840606689453,-117.02462768554688,"SAN DIEGO","SAN DIEGO",-117.02463531494141,32.685844421386719
91848729,2022,2022-08-25,9645,2022-08-18,0853,022965,,4,1,7,3711,0,1,1,,2,005,"I-5 SOUTHBOUND","MISSION BAY DR TO I-5 N/B O/C",5280.00,N,N,A,-,Y,SD,,5,,R,24.884,H,,L,Y,2,0,1,1,A,-,08,22107,,N,E,8,A,A,H,-,A,D,0,,,,,Y,,A,01,1,0,0,0,0,0,0,0,0,"- ","- ",32.822708129882812,-117.23033905029297,"SAN DIEGO","SAN DIEGO",-117.23019409179688,32.822818756103516
91852448,2022,2022-08-29,9645,2022-08-18,1910,017025,,4,2,7,3711,0,1,1,,2,003,"INTERSTATE 5 N/B TO STATE ROUTE 163 N/B","INTERSTATE 5 O/C",1180.00,N,N,A,-,Y,SD,,163,,,1.143,H,,R,N,2,0,1,2,A,-,03,22350,,N,C,C,A,A,H,-,A,D,0,,,Y,,Y,,C,02,1,0,0,0,0,0,0,0,1,"- ","- ",32.727699279785156,-117.155517578125,"SAN DIEGO","SAN DIEGO",-117.15570068359375,32.727748870849609
91858009,2022,2022-09-06,9645,2022-08-27,0131,021359,,6,3,7,3711,0,1,1,,2,015,"I-805 S/B","NOBEL DR",544.00,S,N,A,-,Y,SD,,805,,,25.456,H,,L,Y,2,0,2,2,A,-,03,22350,,N,C,C,A,A,H,-,D,D,0,,,,,Y,,A,01,1,0,1,0,0,0,0,0,0,"- ","- ",32.869548797607422,-117.19479370117188,"SAN DIEGO","SAN DIEGO",-117.19482421875,32.869525909423828
91858403,2022,2022-09-07,9680,2022-08-24,1320,016102,"LA PO",3,1,9,3700,0,1,1,,2,086,"INTERSTATE 8 WEST (I-8W)","CRESTWOOD ROAD",10032.00,W,N,B,C,Y,SD,,8,,R,59.356,H,,L,Y,2,0,4,2,A,-,03,22350,,N,C,E,A,B,H,-,A,D,0,,,,,Y,,A,01,2,1,1,0,0,0,0,0,0,"- ","- ",32.718280792236328,-116.38852691650391,"SAN DIEGO",UNINCORPORATED,-116.38856506347656,32.718246459960938
91860728,2022,2022-09-09,9680,2022-08-27,1840,017460,,6,2,9,3700,0,1,3,,1,040,"STATE ROUTE 94","POTRERO VALLEY ROAD",5280.00,W,N,A,-,Y,SD,,94,,,40.330,H,,R,N,2,0,1,1,A,-,03,22350,,N,F,A,A,A,H,-,B,A,0,,,Y,,Y,,C,02,1,0,0,0,0,0,0,0,1,"- ","- ",32.608600616455078,-116.63088989257812,"SAN DIEGO",UNINCORPORATED,-116.63085174560547,32.608547210693359
91861108,2022,2022-09-09,9680,2022-08-28,1320,022183,,7,1,9,3700,0,3,5,,2,003,"LYONS VALLEY RD","BARRETT TRUCK TRAIL",1056.00,N,N,A,-,N,,,,,,,,,,Y,2,0,1,1,A,-,08,22107,,N,E,I,A,A,H,-,A,D,0,,,Y,,Y,,C,02,1,0,0,0,0,0,0,0,1,"- ","- ",32.749309539794922,-116.66840362548828,"SAN DIEGO",UNINCORPORATED,-116.66873931884766,32.749416351318359
9186137,2020,2021-01-06,3700,2020-10-16,2115,SH7709,,5,5,5,3782,0,0,0,,0,221,"SOUTH VULCAN AV","EAST H ST",64.00,S,N,A,-,N,,,,,,,,,,Y,2,0,1,2,A,-,11,21954,A,N,G,B,D,A,H,-,D,A,0,Y,,,,Y,Y,N,60,1,0,0,0,1,0,0,0,0,"- ","- ",,,"SAN DIEGO",ENCINITAS,-117.29190826416016,33.040657043457031
91863442,2022,2022-09-13,9645,2022-09-07,0555,016156,,3,3,7,3711,0,1,1,,2,010,"I-8 E/B TO I-5 S/B","I-5 S/B TO ROSECRANS STREET O/C",150.00,W,N,A,-,Y,SD,,8,,L,2.323,H,,R,Y,2,0,1,1,A,-,01,23152,A,N,F,A,A,A,H,-,B,D,0,,,,,Y,Y,A,07,1,0,0,0,0,0,0,0,0,"- ","- ",32.758880615234375,-117.20500183105469,"SAN DIEGO","SAN DIEGO",-117.20497894287109,32.759143829345703