CASE_ID,ACCIDENT_YEAR,PROC_DATE,JURIS,COLLISION_DATE,COLLISION_TIME,OFFICER_ID,REPORTING_DISTRICT,DAY_OF_WEEK,CHP_SHIFT,POPULATION,CNTY_CITY_LOC,SPECIAL_COND,BEAT_TYPE,CHP_BEAT_TYPE,CITY_DIVISION_LAPD,CHP_BEAT_CLASS,BEAT_NUMBER,PRIMARY_RD,SECONDARY_RD,DISTANCE,DIRECTION,INTERSECTION,WEATHER_1,WEATHER_2,STATE_HWY_IND,CALTRANS_COUNTY,CALTRANS_DISTRICT,STATE_ROUTE,ROUTE_SUFFIX,POSTMILE_PREFIX,POSTMILE,LOCATION_TYPE,RAMP_INTERSECTION,SIDE_OF_HWY,TOW_AWAY,COLLISION_SEVERITY,NUMBER_KILLED,NUMBER_INJURED,PARTY_COUNT,PRIMARY_COLL_FACTOR,PCF_CODE_OF_VIOL,PCF_VIOL_CATEGORY,PCF_VIOLATION,PCF_VIOL_SUBSECTION,HIT_AND_RUN,TYPE_OF_COLLISION,MVIW,PED_ACTION,ROAD_SURFACE,ROAD_COND_1,ROAD_COND_2,LIGHTING,CONTROL_DEVICE,CHP_ROAD_TYPE,PEDESTRIAN_ACCIDENT,BICYCLE_ACCIDENT,MOTORCYCLE_ACCIDENT,TRUCK_ACCIDENT,NOT_PRIVATE_PROPERTY,ALCOHOL_INVOLVED,STWD_VEHTYPE_AT_FAULT,CHP_VEHTYPE_AT_FAULT,COUNT_SEVERE_INJ,COUNT_VISIBLE_INJ,COUNT_COMPLAINT_PAIN,COUNT_PED_KILLED,COUNT_PED_INJURED,COUNT_BICYCLIST_KILLED,COUNT_BICYCLIST_INJURED,COUNT_MC_KILLED,COUNT_MC_INJURED,PRIMARY_RAMP,SECONDARY_RAMP,LATITUDE,LONGITUDE,COUNTY,CITY,POINT_X,POINT_Y
94418322,2024,2024-10-03,9645,2024-08-02,2200,021470,,5,3,7,3711,0,1,1,,2,007,"I-5 NORTHBOUND","MEDICAL CENTER DRIVE",525.00,N,N,A,-,Y,,,,,,,,,,Y,2,0,2,2,A,-,01,23152,A,N,F,A,A,A,H,-,D,D,0,,,Y,,Y,Y,C,02,1,1,0,0,0,0,0,0,2,"- ","- ",32.877559661865234,-117.22284698486328,"SAN DIEGO","SAN DIEGO",-117.22837066650391,32.876693725585938
94418524,2023,2024-10-03,9645,2023-10-22,2028,022507,,7,2,7,3711,0,1,1,,2,003,"INTERSTATE 5 NORTHBOUND","PERSHING DRIVE",150.00,S,N,A,-,Y,SD,,5," ",R,15.386,H,,R,N,1,1,4,5,A,-,03,22350,,N,G,B,E,A,H,-,C,D,0,Y,,,,Y,,A,01,1,2,1,1,2,0,0,0,0,"- ","- ",32.718788146972656,-117.14766693115234,"SAN DIEGO","SAN DIEGO",-117.14767456054688,32.718788146972656
94418637,2024,2024-10-03,9680,2024-09-21,1349,018672,,6,1,9,3700,0,1,3,,1,052,"STATE ROUTE 78","CAESAR DRIVE",200.00,W,N,A,-,Y,SD,,78," "," ",39.648,H,,R,Y,2,0,2,1,A,-,08,22107,,N,E,I,A,A,H,-,A,A,0,,,,,Y,Y,A,01,2,0,0,0,0,0,0,0,0,"- ","- ",33.060230255126953,-116.81423950195312,"SAN DIEGO",UNINCORPORATED,-116.81428527832031,33.060245513916016
9442144,2022,2022-05-25,3711,2022-04-14,2217,SD7839,,4,5,7,3711,0,0,0,,0,124,"NAUTICAL DR","VIA ESTRADA",931.00,W,N,A,-,N,,,,,,,,,,Y,2,0,1,2,A,-,08,22107,,N,D,E,A,A,H,-,C,D,0,,,,,Y,,A,01,1,0,0,0,0,0,0,0,0,"- ","- ",,,"SAN DIEGO","SAN DIEGO",,
94423391,2024,2024-10-08,9645,2024-09-29,"738 ",022183,,7,1,5,3709,0,1,1,,2,001,"I-5 NB","MILES OF CARS WAY",1056.00,S,N,B,-,Y,SD,,5," "," ",9.839,H,,R,Y,2,0,1,1,A,-,08,22107,,N,E,8,A,A,H,-,A,D,0,,,,,Y,,A,01,1,0,0,0,0,0,0,0,0,"- ","- ",32.657188415527344,-117.10649108886719,"SAN DIEGO","NATIONAL CITY",-117.10663604736328,32.657146453857422
9442439,2022,2022-04-29,3711,2022-03-15,1012,SD6996,,2,5,7,3711,0,0,0,,0,315,"CAMINO DEL RIO","AUTO CIR",1584.00,E,N,A,-,N,,,,,,,,,,Y,2,0,1,2,A,-,08,22107,,N,D,C,A,A,H,-,A,D,0,,,Y,,Y,,A,01,1,0,0,0,0,0,0,0,1,"- ","- ",,,"SAN DIEGO","SAN DIEGO",-117.14971160888672,32.766128540039062
94430027,2024,2024-10-14,9650,2024-09-28,2150,022965,,6,2,9,3700,0,3,5,,1,212,"CHAMPAGNE BLVD","OLD CASTLE ROAD",0.00,,Y,A,-,N,,,,,,,,,,Y,2,0,2,2,A,-,01,23152,A,N,D,C,A,A,H,-,D,A,0,,,,,Y,Y,E,22,2,0,0,0,0,0,0,0,0,"- ","- ",33.250560760498047,-117.15322113037109,"SAN DIEGO",UNINCORPORATED,-117.15341186523438,33.250465393066406
94433224,2024,2024-10-16,9650,2024-10-08,"740 ",019979,,2,1,5,3701,0,1,1,,2,005,"I-5 SOUTHBOUND","TAMARACK AVE",1200.00,N,N,A,-,Y,SD,,5," ",R,49.593,H,,L,N,2,0,2,3,A,-,08,22107,,N,B,C,A,A,H,-,A,D,0,,,Y,,Y,,C,02,1,1,0,0,0,0,0,0,2,"- ","- ",33.156238555908203,-117.33883666992188,"SAN DIEGO",CARLSBAD,-117.33884429931641,33.156238555908203
94435419,2024,2024-12-02,9650,2024-06-25,"140 ",021500,,2,3,6,3710,0,1,3,,2,015,"STATE ROUTE 78","JEFFERSON AVE",1950.00,E,N,A,-,Y,SD,,78," "," ",1.121,H,,R,Y,1,1,0,2,A,-,11,21954,A,N,G,B,E,A,H,-,D,D,0,Y,,,,Y,,N,60,0,0,0,1,0,0,0,0,0,"- ","- ",33.1810302734375,-117.33338165283203,"SAN DIEGO",OCEANSIDE,-117.33338165283203,33.181095123291016
94437009,2024,2024-10-18,9680,2024-02-08,1644,017928,,4,2,9,3700,0,2,4,,1,095,"SAN VICENTE ROAD","WILDCAT CANYON ROAD",1584.00,E,N,B,-,N,,,,,,,,,,Y,1,2,1,2,A,-,01,23152,F,N,D,C,A,B,H,-,A,D,0,,,,,Y,,A,01,0,0,1,0,0,0,0,0,0,"- ","- ",33.0006103515625,-116.83497619628906,"SAN DIEGO",UNINCORPORATED,-116.83946228027344,32.998271942138672
94441130,2024,2024-10-22,9645,2024-02-25,"130 ",022962,,7,3,6,3702,0,1,1,,2,001,"INTERSTATE 5 SOUTHBOUND","PALOMAR STREET",599.00,S,N,A,-,Y,SD,,5," "," ",5.938,H,,L,Y,1,1,0,2,A,-,08,22107,,N,D,G,A,A,H,-,D,D,0,,Y,,,Y,Y,L,04,0,0,0,0,0,1,0,0,0,"- ","- ",32.6026611328125,-117.08992004394531,"SAN DIEGO","CHULA VISTA",-117.08989715576172,32.6026611328125
9444332,2022,2022-05-25,3711,2022-05-06,1918,SD7995,,5,5,7,3711,0,0,0,,0,833,"CHAMOUNE AV","DWIGHT ST",0.00,,Y,A,-,N,,,,,,,,,,N,2,0,1,2,A,-,12,22450,A,N,G,G,A,A,H,-,A,D,0,,Y,,,Y,,L,04,1,0,0,0,0,0,1,0,0,"- ","- ",,,"SAN DIEGO","SAN DIEGO",-117.09661865234375,32.743972778320312
94443709,2024,2024-10-24,9650,2024-10-17,1335,018496,,4,1,9,3700,0,1,1,,2,001,"I-5 S/B","SAN ONOFRE SCALES FACILITY",9346.00,S,N,A,-,Y,SD,,5," ",R,65.618,H,,L,Y,2,0,3,3,A,-,08,22107,,N,E,8,A,A,H,-,A,D,0,,,,,Y,,A,01,1,0,2,0,0,0,0,0,0,"- ","- ",33.336528778076172,-117.50341033935547,"SAN DIEGO",UNINCORPORATED,-117.50335693359375,33.336582183837891
94444011,2024,2025-01-31,9645,2024-09-23,"30  ",020867,,1,3,6,3702,0,1,1,,2,001,"INTERSTATE 5 N/B","J STREET",200.00,N,N,A,-,Y,SD,,5," "," ",7.419,H,,R,Y,2,0,2,2,A,-,01,23152,A,F,C,C,A,A,H,-,C,B,0,,,,,Y,Y,D,22,1,1,0,0,0,0,0,0,0,"- ","- ",32.623809814453125,-117.09361267089844,"SAN DIEGO","CHULA VISTA",-117.09366607666016,32.623794555664062
94444076,2024,2024-10-24,9645,2024-10-13,1150,020161,,7,1,7,3711,0,1,1,,2,011,"I-805 S/B","I-8 FREEWAY",850.00,S,N,A,-,Y,SD,,805," "," ",17.472,H,,L,Y,2,0,3,3,A,-,08,22107,,N,B,2,A,A,H,-,A,D,0,,,,,Y,,A,07,1,2,0,0,0,0,0,0,0,"- ","- ",32.769569396972656,-117.13053131103516,"SAN DIEGO","SAN DIEGO",-117.13048553466797,32.769584655761719
9444866,2022,2022-05-31,3705,2022-04-20,1627,EC0383,,3,5,5,3705,0,0,0,,0,002,"N MOLLISON AV","E MADISON AV",302.00,N,N,A,-,N,,,,,,,,,,N,2,0,1,2,A,-,11,21950,B,N,G,B,E,A,H,-,A,D,0,Y,,,,Y,,N,60,1,0,0,0,1,0,0,0,0,"- ","- ",,,"SAN DIEGO","EL CAJON",-116.95098114013672,32.800975799560547
94450915,2024,2024-10-30,9650,2024-10-09,"630 ",019426,,3,1,6,3710,0,1,3,,2,015,"SR-78 W/B","EL CAMINO REAL",3168.00,E,N,B,-,Y,SD,,78," "," ",2.133,H,,L,Y,2,0,1,2,A,-,07,21658,A,F,B,C,A,A,H,-,D,D,0,,,Y,,Y,,-,99,1,0,0,0,0,0,0,0,1,"- ","- ",33.180660247802734,-117.31638336181641,"SAN DIEGO",OCEANSIDE,-117.31637573242188,33.180675506591797
94457475,2024,2024-11-04,9650,2024-10-31,1850,022992,,4,2,9,3700,0,3,5,,1,212,"LILAC ROAD","ROBLES LANE",1100.00,W,N,A,-,N,,,,,,,,,,Y,2,0,1,1,A,-,01,23152,A,N,E,I,A,A,H,-,B,D,0,,,,,Y,Y,D,22,1,0,0,0,0,0,0,0,0,"- ","- ",33.255420684814453,-117.06649780273438,"SAN DIEGO",UNINCORPORATED,-117.06633758544922,33.252620697021484
9445996,2022,2022-06-07,3703,2022-05-19,1930,1415,1,4,5,3,3703,0,0,0,,0,001,"3RD ST","G AV",0.00,,Y,A,-,N,,,,,,,,,,Y,2,0,2,2,A,-,09,21801,A,N,B,C,A,A,H,-,A,D,0,,,Y,,Y,,A,08,1,1,0,0,0,0,0,0,1,"- ","- ",32.697799682617188,-117.17849731445312,"SAN DIEGO",CORONADO,-117.17848205566406,32.697772979736328
94460728,2024,2024-11-06,9645,2024-10-19,1010,023641,,6,1,7,3711,0,1,1,,2,010,"I-8 WESTBOUND","MISSION CENTER ROAD",3175.00,W,N,A,-,Y,SD,,8," "," ",2.722,H,,L,Y,2,0,2,2,A,-,08,22107,,N,F,A,A,A,H,-,D,D,0,,,Y,,Y,,-,"- ",1,0,1,0,0,0,0,0,2,"- ","- ",32.764301300048828,-117.15885925292969,"SAN DIEGO","SAN DIEGO",-117.15885162353516,32.764286041259766
94464178,2024,2024-11-08,9680,2024-02-13,1109,021646,,2,1,9,3700,0,3,5,,2,002,"DEHESA ROAD","WILLOW GLEN DRIVE",2640.00,E,N,A,-,Y,,,,,,,,,,Y,1,1,1,2,A,-,09,21801,A,N,D,C,A,A,H,-,A,D,0,,,,,Y,,E,22,0,0,1,0,0,0,0,0,0,"- ","- ",32.785068511962891,-116.88236999511719,"SAN DIEGO",UNINCORPORATED,-116.88118743896484,32.784671783447266
94464270,2024,2024-11-08,9645,2024-08-22,2025,022506,,4,2,7,3711,0,1,1,,2,003,"INTERSTATE-5 SOUTHBOUND TO STATE ROUTE-94 EASTBOUN",BROADWAY,1003.00,S,N,A,-,Y,SD,,94," "," ",1.509,H,,L,Y,1,1,0,2,A,-,11,21954,A,N,G,B,E,A,H,-,C,D,0,Y,,,,Y,,N,60,0,0,0,1,0,0,0,0,0,"- ","- ",32.713359832763672,-117.14617156982422,"SAN DIEGO","SAN DIEGO",-117.14612579345703,32.71356201171875
94464945,2024,2024-11-11,9645,2024-09-30,"304 ",022948,,1,3,7,3711,0,1,1,,2,011,"I-805 N/B","UNIVERSITY AVE",600.00,S,N,A,-,Y,SD,,805," "," ",14.958,H,,R,Y,2,0,2,1,A,-,08,22107,,F,F,A,A,A,H,-,D,D,0,,,,,Y,Y,A,01,1,1,0,0,0,0,0,0,0,"- ","- ",32.73651123046875,-117.11380004882812,"SAN DIEGO","SAN DIEGO",-117.11397552490234,32.736457824707031
94465075,2024,2024-11-11,9645,2024-06-06,2234,022948,,4,3,7,3711,0,1,1,,2,021,"STATE ROUTE-15 NORTHBOUND","INTERSTATE-805 FREEWAY",200.00,S,N,A,-,Y,SD,,15," ",R,3.320,H,,R,N,2,0,1,2,A,-,11,21954,A,N,G,B,E,A,H,-,C,D,0,Y,,,,Y,,N,60,1,0,0,0,1,0,0,0,0,"- ","- ",32.731380462646484,-117.11134338378906,"SAN DIEGO","SAN DIEGO",-117.11145782470703,32.731380462646484
94469604,2024,2024-11-14,9645,2024-08-17,"40  ",022099,,6,3,7,3711,0,1,3,,2,023,"STATE ROUTE 163 SOUTHBOUND","FRIARS ROAD",1954.00,N,N,B,-,Y,SD,,163," "," ",4.773,H,,L,Y,1,1,1,1,A,-,08,22107,,N,E,I,A,A,H,-,D,D,0,,,,,Y,,A,07,1,0,0,0,0,0,0,0,0,"- ","- ",32.777130126953125,-117.16287231445312,"SAN DIEGO","SAN DIEGO",-117.16258239746094,32.777217864990234
9447297,2022,2022-06-21,3711,2022-05-28,0146,SD4310,,6,5,7,3711,0,0,0,,0,441,"HEMLOCK ST","SOUTH 37TH ST",107.00,E,N,B,-,N,,,,,,,,,,Y,2,0,2,3,A,-,11,21954,A,N,G,B,E,A,H,-,C,D,0,Y,,,,Y,,N,60,2,0,0,0,2,0,0,0,0,"- ","- ",,,"SAN DIEGO","SAN DIEGO",-117.11427307128906,32.699840545654297
94475071,2024,2024-11-19,9650,2024-09-23,"626 ",019979,,1,1,5,3713,0,2,S,,2,901,"EAST VISTA WAY","MEADOW LAKE DRIVE",0.00,,Y,B,-,N,,,,,,,,,,Y,2,0,2,2,A,-,09,21802,A,N,D,C,A,A,H,-,B,D,0,,,,,Y,,A,01,1,0,1,0,0,0,0,0,0,"- ","- ",33.212078094482422,-117.22933959960938,"SAN DIEGO",VISTA,-117.22933959960938,33.212089538574219
94478378,2024,2024-11-21,9650,2024-11-14,2132,020254,,4,2,5,3782,0,1,1,,2,007,"I-5 S/B","MANCHESTER AVE",555.00,S,N,A,-,Y,SD,,5," ",R,38.384,H,,L,Y,2,0,3,4,A,-,03,22350,,N,C,C,A,A,H,-,D,D,0,,,,,Y,,D,22,2,0,1,0,0,0,0,0,0,"- ","- ",33.008380889892578,-117.26248931884766,"SAN DIEGO",ENCINITAS,-117.26249694824219,33.008373260498047
9448242,2022,2022-06-13,3710,2022-05-02,2101,OC1524,,1,5,6,3710,0,0,0,,0,012,"EL CAMINO REAL","INDUSTRY ST",20.00,N,N,A,-,N,,,,,,,,,,Y,2,0,1,2,A,-,11,21955,,N,G,B,D,A,H,-,C,D,0,Y,,,,Y,,N,60,1,0,0,0,1,0,0,0,0,"- ","- ",,,"SAN DIEGO",OCEANSIDE,-117.33137512207031,33.200424194335938
94482740,2024,2024-11-25,9650,2024-11-22,1630,022493,,5,2,9,3700,0,3,5,,2,070,"DEL DIOS RD","CAMINITO DE LOS ESCOSES",50.00,W,N,D,-,N,,,,,,,,,,N,2,0,1,1,A,-,08,22107,,N,F,A,A,A,H,-,A,D,0,,,Y,,Y,,C,02,1,0,0,0,0,0,0,0,1,"- ","- ",33.037139892578125,-117.1644287109375,"SAN DIEGO",UNINCORPORATED,-117.16437530517578,33.037193298339844
94483208,2024,2024-11-25,9645,2024-11-12,1625,022765,,2,2,7,3711,0,1,1,,2,001,"I-5 S/B","CAMINO DE LA PLAZA O/C",475.00,S,N,A,-,Y,,,,,,,,,,N,2,0,1,2,A,-,03,22350,,N,E,8,A,A,H,-,A,D,0,,,Y,,Y,,C,02,1,0,0,0,0,0,0,0,1,"- ","- ",32.543380737304688,-117.03366851806641,"SAN DIEGO","SAN DIEGO",-117.03249359130859,32.543365478515625
94483319,2024,2024-12-30,9680,2024-11-14,1240,023932,,4,1,9,3700,0,2,4,,1,025,"SWEETWATER RD","JAMACHA RD",135.00,S,N,A,-,N,,,,,,,,,,N,2,0,2,3,A,-,11,21954,A,N,G,B,D,A,H,-,A,A,0,Y,,,,Y,,N,60,1,1,0,0,2,0,0,0,0,"- ","- ",32.714199066162109,-117.01271057128906,"SAN DIEGO",UNINCORPORATED,-117.01272583007812,32.714389801025391
94483908,2024,2024-11-26,9645,2024-10-13,1111,021617,,7,1,7,3711,0,1,1,,2,001,"I-5 N/B TO L STREET","L STREET O/C",755.00,S,N,A,-,Y,,,,,,,,,,N,2,0,1,1,A,-,08,22107,,N,E,8,A,A,H,-,A,D,0,,,,,Y,,D,22,1,0,0,0,0,0,0,0,0,"- ","- ",32.613208770751953,-117.09013366699219,"SAN DIEGO","SAN DIEGO",-117.1605224609375,32.706939697265625
94488470,2024,2024-12-02,9645,2024-11-05,"450 ",021097,,2,3,7,3711,0,1,1,,2,019,"INTERSTATE-15 S/B","CARMEL VALLEY ROAD",2315.00,S,N,A,-,Y,SD,,15," ",M,20.117,H,,L,Y,2,0,3,1,A,-,08,22107,,N,E,8,A,A,H,-,C,D,0,,,,,Y,,A,01,1,2,0,0,0,0,0,0,0,"- ","- ",32.973068237304688,-117.09062194824219,"SAN DIEGO","SAN DIEGO",-117.09042358398438,32.972980499267578
94490447,2024,2024-12-03,9650,2024-11-23,1000,022480,,6,1,9,3700,0,1,3,,1,028,"SOUTH GRADE","MILE MARKER 76",5.00,S,N,A,-,Y,,,,,,,,,,Y,2,0,1,2,A,-,03,22350,,N,D,C,A,A,H,-,A,D,0,,,Y,,Y,,C,02,1,0,0,0,0,0,0,0,1,"- ","- ",33.305381774902344,-116.87275695800781,"SAN DIEGO",UNINCORPORATED,,
94493114,2024,2024-12-05,9650,2024-10-06,1336,015446,,7,1,9,3700,0,3,5,,2,211,"GOPHER CANYON ROAD","CHAMPAGNE BOULEVARD",29.00,W,N,A,-,N,,,,,,,,,,Y,1,1,2,2,A,-,03,22350,,N,B,C,A,A,H,-,A,D,0,,,,,Y,,A,01,1,0,1,0,0,0,0,0,0,"- ","- ",33.252700805664062,-117.15403747558594,"SAN DIEGO",UNINCORPORATED,-117.15397644042969,33.252780914306641
94493315,2024,2024-12-05,9645,2024-11-08,1914,023850,,5,2,7,3711,0,1,1,,2,010,"I-8 W/B TO I-5 S/B","ROSECRANS ST",1177.00,N,N,A,-,Y,SD,,5," ",R,19.968,H,,L,Y,2,0,1,1,A,-,08,22107,,N,F,A,A,A,H,-,D,D,0,,,,,Y,,A,01,1,0,0,0,0,0,0,0,0,"- ","- ",32.757579803466797,-117.20381927490234,"SAN DIEGO","SAN DIEGO",-117.20362854003906,32.757617950439453
94494012,2024,2024-12-05,9645,2024-08-15,2317,019410,,4,3,7,3711,0,1,1,,2,007,"I-5 SB","NOBEL DR. O/C",550.00,S,N,B,-,Y,SD,,5," ",R,28.010,H,,L,Y,2,0,1,2,A,-,03,22350,,F,C,C,A,A,H,-,C,D,0,,,,,Y,,A,01,1,0,0,0,0,0,0,0,0,"- ","- ",32.866069793701172,-117.23001098632812,"SAN DIEGO","SAN DIEGO",-117.22994232177734,32.866065979003906
94497601,2024,2024-12-13,9680,2024-11-24,1758,021764,,7,2,5,3708,0,1,1,,2,081,"I-8 W/B FROM LAKE MURRAY BLVD","LAKE MURRAY BLVD",528.00,W,N,A,-,Y,SD,,8," "," ",9.475,H,,L,Y,2,0,2,1,A,-,08,22107,,N,F,A,A,A,H,-,C,D,0,,,,,Y,,A,01,1,1,0,0,0,0,0,0,0,"- ","- ",32.775291442871094,-117.04756164550781,"SAN DIEGO","LA MESA",-117.04763793945312,32.775188446044922
94502146,2024,2024-12-13,9645,2024-12-05,"819 ",024170,,4,1,5,3709,0,1,1,,2,001,"I-5 N/B","MILE OF CARS",275.00,S,N,A,-,Y,SD,,5," ",R,10.017,H,,R,Y,2,0,1,2,A,-,07,21658,A,N,B,C,A,A,H,-,A,D,0,,,Y,,Y,,A,01,1,0,0,0,0,0,0,0,1,"- ","- ",32.659561157226562,-117.10771942138672,"SAN DIEGO","NATIONAL CITY",-117.10764312744141,32.659580230712891
94502441,2024,2024-12-13,9645,2024-10-11,1752,022506,,5,2,7,3711,0,1,3,,2,014,"STATE ROUTE-52 WESTBOUND","KEARNY VILLA ROAD",834.00,W,N,A,-,Y,,,,,,,,,,Y,1,1,0,1,A,-,03,22350,,N,E,I,A,A,H,-,A,D,0,,,Y,,Y,,C,02,0,0,0,0,0,0,0,1,0,"- ","- ",32.84197998046875,-117.13091278076172,"SAN DIEGO","SAN DIEGO",-117.13066101074219,32.841587066650391
94503711,2024,2024-12-13,9680,2024-12-03,1558,021501,,2,2,9,3700,0,3,5,,2,005,"MESA GRANDE ROAD",SR-79,7920.00,W,N,A,-,N,,,,,,,,,,Y,2,0,1,1,A,-,08,22107,,N,F,A,A,A,H,-,A,A,0,,,Y,,Y,,C,02,1,0,0,0,0,0,0,0,1,"- ","- ",33.150279998779297,-116.69658660888672,"SAN DIEGO",UNINCORPORATED,-116.69621276855469,33.149688720703125
94505203,2023,2024-12-16,9645,2023-12-10,"921 ",023306,,7,1,5,3709,0,1,1,,2,009,"INTERSTATE 805 SB TO PALM AVENUE/47TH STREET","S 47TH STREET",145.00,N,N,A,-,Y,,,,,,,,,,Y,1,1,0,1,A,-,03,22350,,N,F,0,A,A,H,-,A,D,0,,,Y,,Y,,C,02,0,0,0,0,0,0,0,1,0,"- ","- ",32.690071105957031,-117.09554290771484,"SAN DIEGO","NATIONAL CITY",,
94505838,2024,2024-12-16,9645,2024-12-10,"740 ",018987,,2,1,6,3702,0,1,1,,2,001,"I-5 NORTHBOUND","L ST",72.00,S,N,A,-,Y,SD,,5," "," ",6.788,H,,R,N,2,0,1,1,A,-,03,22350,,N,F,A,A,A,H,-,A,D,0,,,Y,,Y,,C,02,1,0,0,0,0,0,0,0,1,"- ","- ",32.61492919921875,-117.09098815917969,"SAN DIEGO","CHULA VISTA",-117.09110260009766,32.614921569824219
94506798,2024,2024-12-17,9680,2024-03-10,"159 ",023220,,7,3,5,3708,0,1,3,,2,028,"STATE ROUTE 125 NORTHBOUND","JAMACHA ROAD",45.00,N,N,A,-,Y,SD,,125," "," ",10.657,H,,R,Y,1,1,0,1,A,-,01,23152,G,N,E,8,A,A,H,-,C,D,0,,,,,Y,Y,A,01,0,0,0,0,0,0,0,0,0,"- ","- ",32.715019226074219,-117.01425933837891,"SAN DIEGO","LA MESA",-117.01415252685547,32.715034484863281
94507596,2024,2024-12-17,9650,2024-06-25,2150,021263,,2,2,9,3700,0,3,5,,2,211,"OLD HIGHWAY 395 SOUTHBOUND","CIRCLE R DRIVE",1690.00,N,N,A,-,N,,,,,,,,,,Y,1,1,0,1,A,-,08,22107,,N,E,I,A,A,H,-,D,D,0,,,,,Y,,A,07,0,0,0,0,0,0,0,0,0,"- ","- ",33.259799957275391,-117.15557098388672,"SAN DIEGO",UNINCORPORATED,-117.15557098388672,33.259799957275391
94509297,2024,2024-12-18,9645,2024-12-04,1730,022479,,3,2,7,3711,0,1,1,,2,013,"I-805 SB","MURRAY RIDGE ROAD",1765.00,S,N,A,-,Y,SD,,805," "," ",18.536,H,,L,Y,2,0,1,2,A,-,03,22350,,N,C,C,A,A,H,-,D,D,0,,,,,Y,Y,A,01,1,0,0,0,0,0,0,0,0,"- ","- ",32.782341003417969,-117.14079284667969,"SAN DIEGO","SAN DIEGO",-117.14067840576172,32.782436370849609
94512923,2024,2025-06-17,9650,2024-09-21,"629 ",021359,,6,1,9,3700,0,3,5,,2,070,"DEL DIOS HIGHWAY","CAMINO DE LOS ESCOSES",285.00,W,N,B,-,N,,,,,,,,,,Y,1,1,5,4,A,-,01,23152,A,N,B,C,A,A,H,-,A,D,0,,,,,Y,Y,D,22,0,3,2,0,0,0,0,0,0,"- ","- ",33.036819458007812,-117.16516876220703,"SAN DIEGO",UNINCORPORATED,-117.16516876220703,33.036819458007812
94513321,2024,2024-12-23,9650,2024-11-22,2344,023524,,5,3,9,3700,0,1,3,,1,028,SR-76,"LILAC EXTENTION RD",0.00,,Y,A,-,Y,SD,,76," "," ",23.507,H,,R,Y,2,0,3,2,A,-,01,23152,A,N,A,C,A,A,H,-,D,A,0,,,,,Y,Y,D,22,2,1,0,0,0,0,0,0,0,"- ","- ",33.364170074462891,-117.0771484375,"SAN DIEGO",UNINCORPORATED,-117.0771484375,33.364154815673828
94516373,2024,2024-12-26,9680,2024-12-13,"543 ",024178,,5,3,9,3700,0,1,3,,1,040,"SR-94 (CAMPO RD)","OTAY LAKES RD",13728.00,E,N,B,-,Y,SD,,94," "," ",27.342,H,,R,Y,2,0,4,1,A,-,03,22350,,N,E,I,A,B,H,-,D,A,0,,,,,Y,,D,22,1,1,2,0,0,0,0,0,0,"- ","- ",32.653011322021484,-116.79000091552734,"SAN DIEGO",UNINCORPORATED,-116.78996276855469,32.652976989746094
94516621,2024,2024-12-26,9645,2024-12-11,2304,023617,,3,3,7,3711,0,3,5,,2,111,"I-5 SOUTHBOUND","CAMINO DE LA PLAZA",120.00,S,N,A,-,Y,,,,,,,,,,Y,2,0,1,1,A,-,01,23152,A,N,E,8,A,A,H,-,C,D,0,,,,,Y,,A,01,1,0,0,0,0,0,0,0,0,"- ","- ",32.543960571289062,-117.03244018554688,"SAN DIEGO","SAN DIEGO",-117.03256225585938,32.543983459472656
94517184,2024,2024-12-26,9680,2024-12-13,"830 ",024144,,5,1,9,3700,0,3,5,,2,001,"RIVERSIDE DR","RIVERFORD RD",8.00,E,N,A,-,N,,,,,,,,,,N,2,0,1,2,A,-,10,21950,A,N,G,B,B,A,H,-,A,B,0,Y,,,,Y,,A,01,1,0,0,0,1,0,0,0,0,"- ","- ",32.860610961914062,-116.94712066650391,"SAN DIEGO",UNINCORPORATED,-116.94720458984375,32.860527038574219
94530671,2024,2025-01-08,9645,2024-09-28,1555,023659,,6,2,7,3711,0,1,1,,2,003,"I-5 SB","SEAWORLD DR",2534.00,N,N,A,-,Y,SD,,5," ",R,21.320,H,,L,Y,2,0,2,3,A,-,01,23152,,N,C,C,A,A,H,-,A,D,0,,,Y,,Y,Y,C,02,1,1,0,0,0,0,0,0,1,"- ","- ",32.777050018310547,-117.20860290527344,"SAN DIEGO","SAN DIEGO",-117.20857238769531,32.777053833007812
94530678,2024,2025-01-08,9645,2024-11-25,"210 ",022948,,1,3,7,3711,0,1,1,,2,001,"I-5 S/B",SR-54,400.00,N,N,A,-,Y,SD,,5," "," ",9.572,H,,L,Y,2,0,2,2,A,-,03,22350,,N,D,C,A,A,H,-,C,D,0,,,,,Y,,A,01,1,0,1,0,0,0,0,0,0,"- ","- ",32.653430938720703,-117.10537719726562,"SAN DIEGO","SAN DIEGO",-117.10537719726562,32.653430938720703