CASE_ID,ACCIDENT_YEAR,PROC_DATE,JURIS,COLLISION_DATE,COLLISION_TIME,OFFICER_ID,REPORTING_DISTRICT,DAY_OF_WEEK,CHP_SHIFT,POPULATION,CNTY_CITY_LOC,SPECIAL_COND,BEAT_TYPE,CHP_BEAT_TYPE,CITY_DIVISION_LAPD,CHP_BEAT_CLASS,BEAT_NUMBER,PRIMARY_RD,SECONDARY_RD,DISTANCE,DIRECTION,INTERSECTION,WEATHER_1,WEATHER_2,STATE_HWY_IND,CALTRANS_COUNTY,CALTRANS_DISTRICT,STATE_ROUTE,ROUTE_SUFFIX,POSTMILE_PREFIX,POSTMILE,LOCATION_TYPE,RAMP_INTERSECTION,SIDE_OF_HWY,TOW_AWAY,COLLISION_SEVERITY,NUMBER_KILLED,NUMBER_INJURED,PARTY_COUNT,PRIMARY_COLL_FACTOR,PCF_CODE_OF_VIOL,PCF_VIOL_CATEGORY,PCF_VIOLATION,PCF_VIOL_SUBSECTION,HIT_AND_RUN,TYPE_OF_COLLISION,MVIW,PED_ACTION,ROAD_SURFACE,ROAD_COND_1,ROAD_COND_2,LIGHTING,CONTROL_DEVICE,CHP_ROAD_TYPE,PEDESTRIAN_ACCIDENT,BICYCLE_ACCIDENT,MOTORCYCLE_ACCIDENT,TRUCK_ACCIDENT,NOT_PRIVATE_PROPERTY,ALCOHOL_INVOLVED,STWD_VEHTYPE_AT_FAULT,CHP_VEHTYPE_AT_FAULT,COUNT_SEVERE_INJ,COUNT_VISIBLE_INJ,COUNT_COMPLAINT_PAIN,COUNT_PED_KILLED,COUNT_PED_INJURED,COUNT_BICYCLIST_KILLED,COUNT_BICYCLIST_INJURED,COUNT_MC_KILLED,COUNT_MC_INJURED,PRIMARY_RAMP,SECONDARY_RAMP,LATITUDE,LONGITUDE,COUNTY,CITY,POINT_X,POINT_Y
9732534,2024,2024-09-12,3711,2024-08-31,1520,SD1861,,6,5,7,3711,0,0,0,,0,628,"WEST WASHINGTON ST","HAWK ST",20.00,W,N,A,-,N,,,,,,,,,,N,2,0,1,1,A,-,03,22350,,N,H,-,A,A,H,-,A,D,0,,,Y,,Y,,C,02,1,0,0,0,0,0,0,0,1,"- ","- ",,,"SAN DIEGO","SAN DIEGO",-117.17237091064453,32.749774932861328
9732593,2024,2024-09-10,3702,2024-08-07,1858,CV1542,,3,5,6,3702,0,0,0,,0,012,"H ST","FIG AV",0.00,,Y,A,-,N,,,,,,,,,,Y,2,0,1,2,A,-,03,22350,,N,D,C,A,A,H,-,A,D,0,,,Y,,Y,,C,02,1,0,0,0,0,0,0,0,1,"- ","- ",,,"SAN DIEGO","CHULA VISTA",-117.08293914794922,32.632793426513672
9733860,2024,2024-09-20,3700,2024-08-08,2045,SH0029,,4,5,5,3713,0,0,0,,0,303,"ARCADIA AV","OAK DR",268.00,W,N,A,-,N,,,,,,,,,,N,2,0,1,2,A,-,11,21954,A,N,G,B,E,A,H,-,C,D,0,Y,,,,Y,,N,60,1,0,0,0,1,0,0,0,0,"- ","- ",,,"SAN DIEGO",VISTA,-117.22270202636719,33.224868774414062
9733880,2024,2024-09-27,3702,2024-08-28,1730,CV1511,,3,5,6,3702,0,0,0,,0,013,"3RD AV","CENTER ST",9.00,N,N,A,-,N,,,,,,,,,,Y,2,0,1,2,A,-,03,22350,,N,B,C,A,A,H,-,A,D,0,,,Y,,Y,Y,C,02,1,0,0,0,0,0,0,0,1,"- ","- ",,,"SAN DIEGO","CHULA VISTA",-117.07965850830078,32.640304565429688
9734836,2024,2024-10-09,3700,2024-08-05,2100,SH0392,,1,5,4,3780,0,0,0,,0,411,"COMMUNITY RD","HILLEARY PL",0.00,,Y,A,-,N,,,,,,,,,,Y,2,0,3,2,D,-,00,,,N,D,C,A,A,H,-,E,A,0,,,,,Y,,-,"- ",3,0,0,0,0,0,0,0,0,"- ","- ",,,"SAN DIEGO",POWAY,-117.04055786132812,32.960044860839844
9736108,2024,2024-09-23,3711,2024-08-27,2007,SD7185,,2,5,7,3711,0,0,0,,0,514,"IMPERIAL AV","25TH ST",32.00,W,N,A,-,N,,,,,,,,,,Y,2,0,1,2,A,-,09,21804,A,F,B,C,A,A,H,-,C,A,0,,,Y,,Y,,-,99,1,0,0,0,0,0,0,0,1,"- ","- ",,,"SAN DIEGO","SAN DIEGO",-117.14029693603516,32.706348419189453
9737088,2024,2024-10-01,3711,2024-09-10,"236 ",SD1593,,2,5,7,3711,0,0,0,,0,521,"1600 G ST","17TH ST",3.00,W,N,A,-,N,,,,,,,,,,Y,2,0,1,2,A,-,"- ",,,N,G,B,B,A,H,-,C,D,0,Y,,,,Y,Y,N,60,1,0,0,0,1,0,0,0,0,"- ","- ",,,"SAN DIEGO","SAN DIEGO",-117.14858245849609,32.712631225585938
9737124,2024,2024-09-25,3711,2024-07-14,"843 ",SD7904,,7,5,7,3711,0,0,0,,0,233,"RANCHO PENASQUITOS BL","VIA DEL SUD",470.00,W,N,A,B,N,,,,,,,,,,N,2,0,1,2,A,-,00,21760,C,F,B,G,A,A,H,-,A,D,0,,Y,,,Y,Y,-,99,1,0,0,0,0,0,1,0,0,"- ","- ",,,"SAN DIEGO","SAN DIEGO",-117.10891723632812,32.954658508300781
9738728,2024,2024-10-23,3703,2024-09-20,"645 ",1312,1,5,5,3,3703,0,0,0,,0,001,"3RD ST","ORANGE AV",24.00,E,N,B,-,Y,SD,11,75,-,R,19.720,H,-,S,Y,2,0,1,1,A,-,"- ",,,N,E,A,A,B,G,-,A,A,0,,,Y,,Y,,-,"- ",1,0,0,0,0,0,0,0,1,"- ","- ",,,"SAN DIEGO",CORONADO,-117.1737060546875,32.695793151855469
9738870,2024,2024-11-08,3703,2024-10-05,1502,1438,3,6,5,3,3703,0,0,0,,0,003,"SILVER STRAND BL","HOOPER BL",545.00,S,N,A,-,Y,SD,11,75,-,-,12.760,H,-,N,N,2,0,1,1,D,-,00,,,N,H,A,A,A,H,-,A,D,0,,Y,,,Y,,-,"- ",1,0,0,0,0,0,1,0,0,"- ","- ",32.637111663818359,-117.14275360107422,"SAN DIEGO",CORONADO,-117.13149261474609,32.608135223388672
9739332,2024,2024-10-04,3710,2024-09-12,1909,OC1334,,4,5,6,3710,0,0,0,,0,016,"EL CAMINO REAL","LOS ARBOLITOS BL",358.00,N,N,A,-,N,,,,,,,,,,N,2,0,1,2,A,-,05,21651,B,N,B,C,A,A,H,-,-,D,0,,,Y,,Y,,C,03,1,0,0,0,0,0,0,0,1,"- ","- ",,,"SAN DIEGO",OCEANSIDE,-117.3304443359375,33.228889465332031
9740841,2024,2024-10-11,3705,2024-08-10,2317,EC0453,,6,5,5,3705,0,0,0,,0,001,"N MAGNOLIA AV","VERNON WY",61.00,S,N,A,-,N,,,,,,,,,,N,2,0,1,2,A,-,11,21954,A,N,G,B,D,A,H,-,C,A,0,Y,,,,Y,,N,60,1,0,0,0,1,0,0,0,0,"- ","- ",,,"SAN DIEGO","EL CAJON",-116.96236419677734,32.812114715576172
9741405,2024,2024-10-09,3711,2024-09-19,1247,SD7904,,4,5,7,3711,0,0,0,,0,126,"LA JOLLA VILLAGE DR","VILLA LA JOLLA DR",170.00,W,N,A,-,N,,,,,,,,,,Y,2,0,1,3,A,-,08,22107,,N,B,C,A,A,H,-,A,D,0,,,Y,,Y,,A,01,1,0,0,0,0,0,0,0,1,"- ","- ",,,"SAN DIEGO","SAN DIEGO",-117.23445129394531,32.871810913085938
9741544,2024,2024-10-18,3702,2024-09-26,1450,CV1519,,4,5,6,3702,0,0,0,,0,013,"3RD AV","H ST",117.00,S,N,A,-,N,,,,,,,,,,Y,2,0,1,2,A,-,09,21804,A,N,D,C,A,A,H,-,A,D,0,,,,,Y,,A,01,1,0,0,0,0,0,0,0,0,"- ","- ",,,"SAN DIEGO","CHULA VISTA",-117.07711029052734,32.63409423828125
9741808,2024,2024-10-14,3708,2024-09-18,2007,IM1283,,3,5,5,3708,0,0,0,,0,001,"UNIVERSITY AV","MASSACHUSETTS AV",0.00,,Y,A,-,N,,,,,,,,,,Y,2,0,3,2,A,-,12,21453,A,N,A,C,A,A,H,-,C,A,0,,,,,Y,,A,01,1,0,2,0,0,0,0,0,0,"- ","- ",,,"SAN DIEGO","LA MESA",-117.04319763183594,32.755195617675781
9741862,2024,2024-10-11,3700,2024-07-05,1339,SH0712,,5,5,4,3720,0,0,0,,0,605,"MASSACHUSETTS AV","ROSEMARY LN",127.00,N,N,A,-,N,,,,,,,,,,Y,2,0,2,2,A,-,01,23152,F,N,C,E,A,A,H,-,A,D,0,,,,,Y,,A,01,2,0,0,0,0,0,0,0,0,"- ","- ",,,"SAN DIEGO","LEMON GROVE",-117.04296112060547,32.733669281005859
9742271,2024,2024-10-18,3710,2024-10-02,1836,OC1573,,3,5,6,3710,0,0,0,,0,011,"OCEANSIDE BL","CROUCH ST",66.00,E,N,E,-,N,,,,,,,,,,N,2,0,1,2,A,-,11,21954,A,N,G,B,D,B,H,-,C,D,0,Y,,,,Y,Y,N,60,1,0,0,0,1,0,0,0,0,"- ","- ",,,"SAN DIEGO",OCEANSIDE,-117.35318756103516,33.195491790771484
9744604,2024,2024-10-23,3700,2024-09-02,"645 ",SH0371,,1,5,5,3713,0,0,0,,0,312,"SOUTH MELROSE DR","HACIENDA DR",297.00,S,N,A,-,N,,,,,,,,,,Y,2,0,1,1,A,-,03,22350,,N,E,I,A,A,H,-,A,A,0,,,,,Y,,A,07,1,0,0,0,0,0,0,0,0,"- ","- ",,,"SAN DIEGO",VISTA,-117.25352478027344,33.192890167236328
9746392,2024,2024-11-04,3711,2024-10-24,"830 ",SD7957,,4,5,7,3711,0,0,0,,0,811,"MONROE AV","39TH ST",21.00,W,N,A,-,N,,,,,,,,,,N,2,0,1,2,A,-,"- ",,,N,D,G,A,A,H,-,A,D,0,,Y,,,Y,,A,01,1,0,0,0,0,0,1,0,0,"- ","- ",,,"SAN DIEGO","SAN DIEGO",-117.11088562011719,32.758987426757812
9747715,2024,2025-01-13,3700,2024-11-04,2138,SH0392,,1,5,4,3780,0,0,0,,0,423,"RT 67","PLATINUM PL",0.00,,Y,A,-,Y,,,,,,,,,,Y,2,0,3,2,A,-,01,23153,A,F,D,C,A,A,H,-,C,A,0,,,,,Y,Y,A,08,1,2,0,0,0,0,0,0,0,"- ","- ",,,"SAN DIEGO",POWAY,-116.97236633300781,32.962966918945312
9748122,2024,2024-12-12,3711,2024-10-07,"915 ",SD4310,,1,5,7,3711,0,0,0,,0,517,"19TH ST","B ST",0.00,,Y,A,-,Y,SD,11,5,-,R,15.486,R,4,N,N,2,0,1,2,A,-,12,21453,A,M,F,-,A,A,H,-,A,A,0,,Y,,,Y,,A,01,1,0,0,0,0,0,1,0,0,"- ","- ",,,"SAN DIEGO","SAN DIEGO",-117.14802551269531,32.720199584960938
9749943,2024,2024-11-15,3705,2024-09-13,1101,EC0431,,5,5,5,3705,0,0,0,,0,002,"N MOLLISON AV","EAST MAIN ST",10.00,N,N,A,-,N,,,,,,,,,,N,2,0,1,2,A,-,11,21456,B,N,G,B,B,A,H,-,C,A,0,Y,,,,Y,,N,60,1,0,0,0,1,0,0,0,0,"- ","- ",,,"SAN DIEGO","EL CAJON",-116.95098114013672,32.794979095458984
9751340,2024,2025-01-16,3700,2024-05-01,"326 ",SH0214,,3,5,4,3720,0,0,0,,0,607,"SKYLINE DR","ALTON DR",354.00,S,N,A,-,N,,,,,,,,,,Y,1,1,0,1,A,-,01,23152,A,N,E,I,A,A,H,-,C,D,0,,,,,Y,Y,A,01,0,0,0,0,0,0,0,0,0,"- ","- ",,,"SAN DIEGO","LEMON GROVE",-117.02689361572266,32.728023529052734
9751373,2024,2024-11-18,3708,2024-09-18,1440,LM1206,,3,5,5,3708,0,0,0,,0,002,"BANCROFT DR","TROPICO DR",885.00,S,N,A,-,N,,,,,,,,,,Y,1,1,0,1,A,-,03,22350,,N,E,I,A,A,H,-,A,D,0,,,Y,,Y,,C,02,0,0,0,0,0,0,0,1,0,"- ","- ",,,"SAN DIEGO","LA MESA",-117.00067138671875,32.755599975585938
9751485,2024,2025-02-14,3710,2024-10-15,1818,OC1533,,2,5,6,3710,0,0,0,,0,034,"AVENIDA DE ORO","WINDANSEA ST",116.00,N,N,A,-,N,,,,,,,,,,Y,1,1,0,1,A,-,03,22350,,N,E,I,A,A,H,-,B,A,0,,,Y,,Y,,C,02,0,0,0,0,0,0,0,1,0,"- ","- ",,,"SAN DIEGO",OCEANSIDE,-117.29400634765625,33.214271545410156
9752171,2024,2024-11-20,3709,2024-11-03,1841,NC0474,,7,5,5,3709,0,0,0,,0,023,"HIGHLAND AV","E 22ND ST",0.00,,Y,A,-,N,,,,,,,,,,N,2,0,1,2,A,-,03,22350,,N,D,C,A,A,H,-,C,D,0,,,,,Y,,M,94,1,0,0,0,0,0,0,0,0,"- ","- ",,,"SAN DIEGO","NATIONAL CITY",-117.09401702880859,32.666049957275391
9752784,2024,2024-11-08,3710,2024-10-21,"340 ",OC1382,,1,5,6,3710,0,0,0,,0,032,"MISSION GATE DR","VISTA DEL RIO WY",0.00,,Y,A,-,N,,,,,,,,,,N,2,0,1,1,C,-,18,,,N,F,A,A,A,H,-,A,D,0,,Y,,,Y,,-,"- ",1,0,0,0,0,0,1,0,0,"- ","- ",,,"SAN DIEGO",OCEANSIDE,-117.31185150146484,33.228755950927734
9752809,2024,2024-11-07,3710,2024-10-28,"645 ",OC3202,,1,5,6,3710,0,0,0,,0,027,"MESA RD","FOUSSAT RD",0.00,,Y,A,-,N,,,,,,,,,,N,2,0,1,2,A,-,09,21802,A,F,D,G,A,A,H,-,B,A,0,,Y,,,Y,,-,99,1,0,0,0,0,0,1,0,0,"- ","- ",,,"SAN DIEGO",OCEANSIDE,-117.34358978271484,33.20904541015625
9754470,2024,2024-12-13,3710,2024-11-15,2013,OC1570,,5,5,6,3710,0,0,0,,0,008,"WISCONSIN AV","S MEYERS ST",75.00,E,N,A,-,N,,,,,,,,,,N,2,0,1,1,A,-,03,22350,,N,A,I,A,A,H,-,D,A,0,,Y,,,Y,,L,04,1,0,0,0,0,0,1,0,0,"- ","- ",,,"SAN DIEGO",OCEANSIDE,-117.37570953369141,33.186904907226562
9756998,2024,2024-12-12,3710,2024-11-14,"814 ",OC1358,,4,5,6,3710,0,0,0,,0,010,"MISSION AV","HOLLY ST",11.00,W,N,A,-,N,,,,,,,,,,N,2,0,1,2,A,-,03,22350,,N,D,G,A,A,H,-,A,A,0,,Y,,,Y,,L,04,1,0,0,0,0,0,1,0,0,"- ","- ",,,"SAN DIEGO",OCEANSIDE,-117.36808013916016,33.202285766601562
9757309,2024,2024-12-09,3702,2024-10-30,"805 ",CV1254,,3,5,6,3702,0,0,0,,0,013,"4TH AV","H ST",0.00,,Y,A,-,N,,,,,,,,,,Y,2,0,1,2,A,-,12,21453,A,N,D,C,A,A,H,-,A,A,0,,,Y,,Y,,-,"- ",1,0,0,0,0,0,0,0,1,"- ","- ",,,"SAN DIEGO","CHULA VISTA",-117.08131408691406,32.633251190185547
9760314,2024,2024-12-06,3711,2024-11-05,"932 ",SD1799,,2,5,7,3711,0,0,0,,0,511,"HARBOR DR","VESTA ST",159.00,E,N,A,-,N,,,,,,,,,,Y,2,0,2,1,A,-,08,22107,,N,E,I,A,A,H,-,A,A,0,,,,,Y,,A,01,2,0,0,0,0,0,0,0,0,"- ","- ",,,"SAN DIEGO","SAN DIEGO",-117.11907958984375,32.681053161621094
9760533,2024,2024-12-26,3709,2024-11-17,1718,NC0430,,7,5,5,3709,0,0,0,,0,020,"ROOSEVELT AV","7TH ST",0.00,,Y,A,-,N,,,,,,,,,,N,2,0,1,2,A,-,12,22450,A,N,-,-,A,A,H,-,C,A,0,,,Y,,Y,,O,05,1,0,0,0,0,0,0,0,1,"- ","- ",,,"SAN DIEGO","NATIONAL CITY",-117.10830688476562,32.676399230957031
9760540,2024,2024-12-26,3709,2024-11-01,2029,NC0555,,5,5,5,3709,0,0,0,,0,021,"M AV","6TH ST",0.00,,Y,A,-,N,,,,,,,,,,N,2,0,1,2,A,-,12,22450,A,N,D,G,A,A,H,-,C,A,0,,Y,,,Y,,L,04,1,0,0,0,0,0,1,0,0,"- ","- ",,,"SAN DIEGO","NATIONAL CITY",-117.09427642822266,32.681285858154297
9762295,2024,2024-12-18,3711,2024-11-21,"140 ",SD5600,,4,5,7,3711,0,0,0,,0,512,"OCEAN VIEW BL","31ST ST",92.00,E,N,A,-,N,,,,,,,,,,N,2,0,1,3,A,-,01,23152,A,N,A,E,A,A,-,-,C,D,0,,,,,Y,Y,A,01,1,0,0,0,0,0,0,0,0,"- ","- ",,,"SAN DIEGO","SAN DIEGO",-117.12709045410156,32.701202392578125
9762759,2024,2024-12-27,3711,2024-11-28,1850,SD5600,,4,5,7,3711,0,0,0,,0,241,"AVIARY DR","SCRIPPS RANCH BL",103.00,E,N,A,-,N,,,,,,,,,,N,2,0,5,2,A,-,05,21650,,N,A,C,A,A,H,-,D,A,0,,,,,Y,,A,07,2,0,3,0,0,0,0,0,0,"- ","- ",,,"SAN DIEGO","SAN DIEGO",-117.10028076171875,32.90447998046875
9764373,2024,2025-01-24,3711,2024-12-15,"312 ",SD6146,,7,5,7,3711,0,0,0,,0,326,"MONTEZUMA RD","54TH ST",733.00,W,N,A,-,N,,,,,,,,,,Y,2,0,1,1,A,-,03,22350,,N,E,I,A,A,H,-,D,D,0,,,,,Y,,A,01,1,0,0,0,0,0,0,0,0,"- ","- ",,,"SAN DIEGO","SAN DIEGO",-117.08177185058594,32.771591186523438
9765331,2025,2025-02-12,3702,2025-01-16,"607 ",CV1507,,4,5,6,3702,0,0,0,,0,022,"QUINTARD ST","3RD AV",44.00,E,N,A,-,N,,,,,,,,,,N,2,0,1,2,A,-,11,21954,A,N,G,B,D,A,H,-,B,D,0,Y,,,,Y,,N,60,1,0,0,0,1,0,0,0,0,"- ","- ",,,"SAN DIEGO","CHULA VISTA",-117.06490325927734,32.603359222412109
9765469,2025,2025-02-19,3710,2025-01-28,"830 ",OC1494,,2,5,6,3710,0,0,0,,0,014,"N FOUSSAT RD","BENET RD",118.00,S,N,A,-,N,,,,,,,,,,Y,2,0,1,1,A,-,03,22350,,N,A,I,A,A,H,-,A,D,0,,,Y,,Y,,C,02,1,0,0,0,0,0,0,0,1,"- ","- ",,,"SAN DIEGO",OCEANSIDE,-117.34589385986328,33.224308013916016
9765476,2025,2025-02-19,3710,2025-01-29,1356,OC1533,,3,5,6,3710,0,0,0,,0,018,"DOUGLAS DR","VIA CIBOLA",398.00,S,N,A,-,N,,,,,,,,,,N,2,0,1,1,A,-,03,22350,,N,E,I,A,A,H,-,A,D,0,,,Y,,Y,,C,02,1,0,0,0,0,0,0,0,1,"- ","- ",,,"SAN DIEGO",OCEANSIDE,-117.30696105957031,33.264736175537109
9765796,2024,2025-02-24,3711,2024-09-13,"849 ",SD7233,YC405,5,5,7,3711,0,0,0,,0,111,"BALBOA AV","GENESEE AV",800.00,E,N,A,-,N,,,,,,,,,,Y,2,0,1,2,A,-,09,21801,A,F,D,C,A,A,H,-,A,D,0,,,,,Y,,-,,1,0,0,0,0,0,0,0,0,"- ","- ",34.027198791503906,-117.11907196044922,"SAN DIEGO","SAN DIEGO",-117.17951202392578,32.820011138916016
9766128,2025,2025-02-27,3711,2025-02-19,"750 ",SD1706,,3,5,7,3711,0,0,0,,0,115,"AVENIDA NAVIDAD","VIA SEPULVEDA",0.00,,Y,A,-,N,,,,,,,,,,Y,2,0,1,1,A,-,03,22350,,N,E,I,A,A,H,-,A,D,0,,,,,Y,Y,-,,1,0,0,0,0,0,0,0,0,"- ","- ",,,"SAN DIEGO","SAN DIEGO",-117.21131134033203,32.864337921142578
9766484,2025,2025-03-04,3711,2025-02-17,1303,SD7980,,1,5,7,3711,0,0,0,,0,243,"MIRAMAR RD","CAMINO RUIZ",0.00,,Y,A,-,N,,,,,,,,,,Y,2,0,4,4,A,-,03,22350,,N,C,C,A,A,H,-,A,A,0,,,,,Y,Y,A,01,1,3,0,0,0,0,0,0,0,"- ","- ",,,"SAN DIEGO","SAN DIEGO",-117.13372802734375,32.893730163574219
9767028,2025,2025-04-17,3709,2025-03-27,1627,NC0474,,4,5,5,3709,0,0,0,,0,021,"PARADISE DR","E 10TH ST",0.00,S,N,A,-,N,,,,,,,,,,N,2,0,1,2,D,-,00,,,N,D,G,A,A,H,-,A,D,0,,Y,,,Y,,-,"- ",1,0,0,0,0,0,1,0,0,"- ","- ",,,"SAN DIEGO","NATIONAL CITY",-117.08525848388672,32.679828643798828
9768079,2024,2025-01-10,3711,2024-12-16,"225 ",SD7870,,1,5,7,3711,0,0,0,,0,724,"OUTER RD","HOLLISTER ST",25.00,E,N,A,-,N,,,,,,,,,,Y,2,0,2,2,A,-,03,22350,,N,D,D,A,A,H,-,C,D,0,,,,,Y,,A,01,1,0,1,0,0,0,0,0,0,"- ","- ",,,"SAN DIEGO","SAN DIEGO",-117.08370971679688,32.578636169433594
9770077,2024,2025-01-13,3700,2024-10-24,1940,SH0521,,4,5,5,3712,0,0,0,,0,353,"BORDEN RD","LACEBARK ST",78.00,E,N,A,-,N,,,,,,,,,,N,2,0,1,2,D,-,00,,,N,D,G,A,A,H,-,C,D,0,,Y,,,Y,,-,"- ",1,0,0,0,0,0,1,0,0,"- ","- ",,,"SAN DIEGO","SAN MARCOS",-117.13637542724609,33.155677795410156
9770341,2024,2024-12-31,3710,2024-12-11,"918 ",OC1572,,3,5,6,3710,0,0,0,,0,027,"CAMEO DR","COLGATE DR",281.00,W,N,B,-,N,,,,,,,,,,N,2,0,1,1,D,-,00,,,N,F,A,A,A,H,-,A,D,0,,Y,,,Y,,-,"- ",1,0,0,0,0,0,1,0,0,"- ","- ",,,"SAN DIEGO",OCEANSIDE,-117.30199432373047,33.195472717285156
9770353,2024,2025-01-06,3711,2024-12-18,1700,SD1804,,3,5,7,3711,0,0,0,,0,111,"CLAIREMONT MESA BL","CLAIREMONT MESA BL 5265",0.00,,Y,A,-,N,,,,,,,,,,N,2,0,2,3,A,-,00,23123,A,N,C,C,A,A,H,-,C,A,0,,,,,Y,,A,07,1,0,1,0,0,0,0,0,0,"- ","- ",,,"SAN DIEGO","SAN DIEGO",-117.20614624023438,32.827705383300781
9771192,2024,2025-01-09,3708,2024-11-29,"504 ",IM1268,,5,5,5,3708,0,0,0,,0,002,"FLETCHER PKWY","JACKSON DR",0.00,,Y,A,-,N,,,,,,,,,,N,2,0,1,1,A,-,12,21453,A,N,E,I,A,A,H,-,C,A,0,,Y,,,Y,,L,04,1,0,0,0,0,0,1,0,0,"- ","- ",,,"SAN DIEGO","LA MESA",-117.01826477050781,32.777622222900391
9771291,2024,2025-01-22,3708,2024-12-19,1504,LM1325,,4,5,5,3708,0,0,0,,0,003,"PARKWAY DR","JACKSON DR",180.00,W,N,A,-,N,,,,,,,,,,Y,2,0,1,1,A,-,03,22350,,N,F,J,A,A,H,-,A,D,0,,,Y,,Y,,C,02,1,0,0,0,0,0,0,0,1,"- ","- ",,,"SAN DIEGO","LA MESA",-117.01841735839844,32.778400421142578
9773213,2024,2025-01-07,3711,2024-11-30,1710,SD7942,,6,5,7,3711,0,0,0,,0,116,"FAIRFIELD ST","HUXLEY ST",0.00,,Y,B,-,N,,,,,,,,,,N,2,0,1,2,A,-,03,22350,,N,A,C,A,A,H,-,B,D,0,,,Y,,Y,,C,03,1,0,0,0,0,0,0,0,1,"- ","- ",,,"SAN DIEGO","SAN DIEGO",-117.19499206542969,32.789699554443359
9775118,2025,2025-02-26,3711,2025-01-15,1906,SD7335,,3,5,7,3711,0,0,0,,0,115,"ARRIBA ST","PALMILLA DR",12.00,E,N,A,-,N,,,,,,,,,,N,2,0,1,2,A,-,10,21950,A,N,G,B,B,A,H,-,C,A,0,Y,,,,Y,,I,20,1,0,0,0,1,0,0,0,0,"- ","- ",,,"SAN DIEGO","SAN DIEGO",-117.22524261474609,32.86181640625
9775477,2025,2025-01-31,3711,2025-01-14,1659,SD7904,,2,5,7,3711,0,0,0,,0,836,"HOME AV","FAIRMOUNT AV",107.00,S,N,A,-,N,,,,,,,,,,Y,2,0,1,2,A,-,03,22350,,N,C,C,A,A,G,-,B,D,0,,,Y,,Y,,C,02,1,0,0,0,0,0,0,0,1,"- ","- ",,,"SAN DIEGO","SAN DIEGO",-117.10002136230469,32.728713989257812
9776167,2025,2025-02-04,3710,2025-01-17,1821,OC1581,,5,5,6,3710,0,0,0,,0,011,"OCEANSIDE BL","GREENBRIER DR",50.00,E,N,A,-,N,,,,,,,,,,N,2,0,1,2,A,-,11,21954,A,N,G,B,D,A,H,-,C,A,0,Y,,,,Y,Y,N,60,1,0,0,0,1,0,0,0,0,"- ","- ",,,"SAN DIEGO",OCEANSIDE,-117.35480499267578,33.19427490234375
9776451,2023,2025-04-28,3702,2023-12-26,2038,CV1254,,2,5,6,3702,0,0,0,,0,013,"H ST","GLOVER AV",65.00,W,N,A,-,N,,,,,,,,,,Y,2,0,1,2,A,-,11,21954,A,N,G,B,D,A,H,-,C,A,0,Y,,,,Y,,N,60,1,0,0,0,1,0,0,0,0,"- ","- ",,,"SAN DIEGO","CHULA VISTA",-117.08013153076172,32.633594512939453
9778661,2024,2025-02-28,3710,2024-12-30,1910,OC1334,,1,5,6,3710,0,0,0,,0,010,"RT 76","CANYON DR",1366.00,E,N,A,-,Y,SD,11,76,-,R,1.420,H,-,E,N,2,0,1,2,A,-,11,21950,B,N,G,B,E,A,H,-,D,D,0,Y,,,Y,Y,,N,60,1,0,0,0,1,0,0,0,0,"- ","- ",,,"SAN DIEGO",OCEANSIDE,-117.36306762695312,33.213302612304688
9778781,2024,2025-03-06,3700,2024-12-30,1808,SH0392,,1,5,4,3780,0,0,0,,0,412,"POWAY RD","RT 67",0.00,,Y,A,-,Y,SD,11,67,-,-,15.200,I,5,S,Y,2,0,3,3,A,-,03,22350,,N,D,C,A,A,H,-,C,A,0,,,,,Y,,D,22,1,2,0,0,0,0,0,0,0,"- ","- ",32.978469848632812,-116.97342681884766,"SAN DIEGO",POWAY,-116.97340393066406,32.978500366210938
9778837,2024,2025-01-27,3700,2024-09-08,1628,SH0070,,7,5,5,3712,0,0,0,,0,354,"NORDAHL RD","CENTER DR",0.00,,Y,A,-,N,,,,,,,,,,Y,2,0,1,2,A,-,12,21453,A,N,D,C,A,A,H,-,A,A,0,,,,,Y,,A,01,1,0,0,0,0,0,0,0,0,"- ","- ",,,"SAN DIEGO","SAN MARCOS",-117.12062072753906,33.133590698242188
9778838,2024,2025-01-31,3700,2024-09-17,2100,SH0070,,2,5,5,3712,0,0,0,,0,351,"WEST MISSION RD","KNOLL RD",212.00,E,N,A,-,N,,,,,,,,,,Y,2,0,1,2,A,-,03,22350,,F,B,G,A,A,H,-,C,D,0,,Y,,,Y,,A,01,1,0,0,0,0,0,1,0,0,"- ","- ",,,"SAN DIEGO","SAN MARCOS",-117.17275238037109,33.1451416015625
9778857,2024,2025-01-27,3700,2024-06-01,1450,SH3606,,6,5,5,3712,0,0,0,,0,350,"MISSION RD","LIBERTY ST",56.00,E,N,A,-,N,,,,,,,,,,Y,2,0,1,2,A,-,09,21801,A,N,D,C,A,A,H,-,A,D,0,,,Y,,Y,,D,22,1,0,0,0,0,0,0,0,1,"- ","- ",,,"SAN DIEGO","SAN MARCOS",-117.17181396484375,33.144916534423828
9781065,2025,2025-02-12,3710,2025-01-28,1508,OC1533,,2,5,6,3710,0,0,0,,0,010,"MISSION AV","ARCHER ST",0.00,,N,A,-,N,,,,,,,,,,Y,2,0,1,3,A,-,01,23152,A,M,C,C,A,A,H,-,A,A,0,,,,,Y,Y,A,01,1,0,0,0,0,0,0,0,0,"- ","- ",,,"SAN DIEGO",OCEANSIDE,-117.36714935302734,33.202728271484375
9781290,2024,2025-02-10,3700,2024-12-14,"100 ",SH0868,,6,5,5,3712,0,0,0,,0,355,"SAN MARCOS BL","VIA VERA CRUZ",400.00,W,N,A,-,N,,,,,,,,,,Y,2,0,1,2,A,-,09,21804,A,N,B,C,A,A,H,-,C,D,0,,,Y,,Y,,A,07,1,0,0,0,0,0,0,0,1,"- ","- ",33.134998321533203,-117.18900299072266,"SAN DIEGO","SAN MARCOS",-117.18921661376953,33.134529113769531